instance,o,B,M,mmode,tau,delta,sigmin,start,trial,status,subfail,iterations,cpu,fstar,nevals,ncorrect,variant
Bard_ref,4,0, 1.000E+00,scale, 1.000E-08, 1.000E-01, 1.000E-01,1,1,0,0,8, 5.34600E-03, 6.649632910E-03,18,4,FO
Bard_ref,4,0, 1.000E+00,scale, 1.000E-08, 1.000E-01, 1.000E-01,1,2,0,0,11, 5.40600E-03, 3.221500427E-02,14,4,FO
Bard_ref,4,0, 1.000E+00,scale, 1.000E-08, 1.000E-01, 1.000E-01,1,3,0,0,8, 5.41500E-03, 6.002881861E-03,18,4,FO
Bard_ref,4,0, 1.000E+00,scale, 1.000E-08, 1.000E-01, 1.000E-01,1,4,0,0,6, 3.78000E-03, 6.575042984E-03,14,4,FO
Bard_ref,4,0, 1.000E+00,scale, 1.000E-08, 1.000E-01, 1.000E-01,1,5,0,0,8, 1.72000E-03, 9.369304412E-03,16,4,FO
Bard_ref,4,0, 1.000E+00,scale, 1.000E-08, 1.000E-01, 1.000E-01,1,6,0,0,7, 3.51300E-03, 1.357638489E-02,15,4,FO
Bard_ref,4,0, 1.000E+00,scale, 1.000E-08, 1.000E-01, 1.000E-01,1,7,0,0,8, 3.73800E-03, 2.147623485E-02,11,4,FO
Bard_ref,4,0, 1.000E+00,scale, 1.000E-08, 1.000E-01, 1.000E-01,1,8,0,0,6, 3.40500E-03, 5.637881354E-03,11,4,FO
Bard_ref,4,0, 1.000E+00,scale, 1.000E-08, 1.000E-01, 1.000E-01,1,9,0,0,10, 5.13000E-03, 1.001625026E-02,16,4,FO
Bard_ref,4,0, 1.000E+00,scale, 1.000E-08, 1.000E-01, 1.000E-01,1,10,0,0,3, 1.86700E-03, 5.235776684E-03,9,4,FO
Bard_ref,4,GN, 1.000E+04,scale, 1.000E-08, 1.000E-01, 1.000E-01,1,1,0,0,10, 2.57400E-03, 3.117718980E-02,11,4,GN
Bard_ref,4,GN, 1.000E+04,scale, 1.000E-08, 1.000E-01, 1.000E-01,1,2,0,0,3, 9.61000E-04, 3.560099178E-01,9,3,GN
Bard_ref,4,GN, 1.000E+04,scale, 1.000E-08, 1.000E-01, 1.000E-01,1,3,0,0,10, 3.05900E-03, 3.234533861E-02,11,4,GN
Bard_ref,4,GN, 1.000E+04,scale, 1.000E-08, 1.000E-01, 1.000E-01,1,4,0,0,5, 4.16500E-03, 1.625598732E-02,10,4,GN
Bard_ref,4,GN, 1.000E+04,scale, 1.000E-08, 1.000E-01, 1.000E-01,1,5,0,0,6, 4.60500E-03, 6.684276389E-03,7,4,GN
Bard_ref,4,GN, 1.000E+04,scale, 1.000E-08, 1.000E-01, 1.000E-01,1,6,0,0,3, 6.09000E-04, 3.789287065E-01,5,3,GN
Bard_ref,4,GN, 1.000E+04,scale, 1.000E-08, 1.000E-01, 1.000E-01,1,7,0,0,5, 1.83500E-03, 9.589439517E-03,6,4,GN
Bard_ref,4,GN, 1.000E+04,scale, 1.000E-08, 1.000E-01, 1.000E-01,1,8,0,0,5, 1.98800E-03, 2.131311807E-02,6,4,GN
Bard_ref,4,GN, 1.000E+04,scale, 1.000E-08, 1.000E-01, 1.000E-01,1,9,0,0,6, 1.67600E-03, 4.444654528E-02,7,4,GN
Bard_ref,4,GN, 1.000E+04,scale, 1.000E-08, 1.000E-01, 1.000E-01,1,10,0,0,7, 4.20500E-03, 6.965398110E-03,11,4,GN
Bard_ref,4,GN, 1.000E+00,scale, 1.000E-08, 1.000E-01, 1.000E-01,1,1,0,0,13, 3.41100E-03, 3.767217544E-02,19,4,GN1
Bard_ref,4,GN, 1.000E+00,scale, 1.000E-08, 1.000E-01, 1.000E-01,1,2,0,0,17, 4.93200E-03, 3.183121309E-01,24,4,GN1
Bard_ref,4,GN, 1.000E+00,scale, 1.000E-08, 1.000E-01, 1.000E-01,1,3,0,0,13, 2.35300E-03, 3.653796005E-02,19,4,GN1
Bard_ref,4,GN, 1.000E+00,scale, 1.000E-08, 1.000E-01, 1.000E-01,1,4,0,0,20, 5.40600E-03, 3.139626381E-01,26,4,GN1
Bard_ref,4,GN, 1.000E+00,scale, 1.000E-08, 1.000E-01, 1.000E-01,1,5,0,0,6, 1.80800E-03, 4.765523026E-02,12,4,GN1
Bard_ref,4,GN, 1.000E+00,scale, 1.000E-08, 1.000E-01, 1.000E-01,1,6,0,0,20, 5.19600E-03, 3.212643054E-01,25,4,GN1
Bard_ref,4,GN, 1.000E+00,scale, 1.000E-08, 1.000E-01, 1.000E-01,1,7,0,0,5, 1.07500E-03, 7.049351738E-01,10,3,GN1
Bard_ref,4,GN, 1.000E+00,scale, 1.000E-08, 1.000E-01, 1.000E-01,1,8,0,0,5, 1.42300E-03, 6.419230557E-01,11,4,GN1
Bard_ref,4,GN, 1.000E+00,scale, 1.000E-08, 1.000E-01, 1.000E-01,1,9,0,0,6, 2.36900E-03, 1.000229732E-01,10,4,GN1
Bard_ref,4,GN, 1.000E+00,scale, 1.000E-08, 1.000E-01, 1.000E-01,1,10,0,0,6, 2.06400E-03, 6.533457798E-01,10,4,GN1
Bard_ref,4,H, 1.000E+04,scale, 1.000E-08, 1.000E-01, 1.000E-01,1,1,0,0,4, 1.56400E-03, 3.187612967E-01,5,4,H
Bard_ref,4,H, 1.000E+04,scale, 1.000E-08, 1.000E-01, 1.000E-01,1,2,0,0,10, 3.61100E-03, 6.468400578E-01,22,4,H
Bard_ref,4,H, 1.000E+04,scale, 1.000E-08, 1.000E-01, 1.000E-01,1,3,0,0,13, 1.13990E-02, 8.573515657E-02,17,4,H
Bard_ref,4,H, 1.000E+04,scale, 1.000E-08, 1.000E-01, 1.000E-01,1,4,0,0,15, 2.97800E-03, 4.988666200E-02,28,4,H
Bard_ref,4,H, 1.000E+04,scale, 1.000E-08, 1.000E-01, 1.000E-01,1,5,0,0,10, 1.64700E-03, 7.806328354E-02,14,4,H
Bard_ref,4,H, 1.000E+04,scale, 1.000E-08, 1.000E-01, 1.000E-01,1,6,0,0,16, 7.80800E-03, 1.931985920E-02,27,4,H
Bard_ref,4,H, 1.000E+04,scale, 1.000E-08, 1.000E-01, 1.000E-01,1,7,0,0,10, 1.63400E-03, 3.776530491E-02,14,4,H
Bard_ref,4,H, 1.000E+04,scale, 1.000E-08, 1.000E-01, 1.000E-01,1,8,0,0,7, 1.09100E-03, 3.981754481E-01,14,3,H
Bard_ref,4,H, 1.000E+04,scale, 1.000E-08, 1.000E-01, 1.000E-01,1,9,0,0,15, 5.50600E-03, 4.038444626E-02,26,4,H
Bard_ref,4,H, 1.000E+04,scale, 1.000E-08, 1.000E-01, 1.000E-01,1,10,0,0,5, 1.36900E-03, 8.051443334E-01,9,2,H
Bard_ref,4,H, 1.000E-01,scale, 1.000E-08, 1.000E-01, 1.000E-01,1,1,0,0,5, 3.81400E-03, 1.375630539E-02,11,4,H0.1
Bard_ref,4,H, 1.000E-01,scale, 1.000E-08, 1.000E-01, 1.000E-01,1,2,0,0,9, 5.55600E-03, 3.361315370E-02,12,4,H0.1
Bard_ref,4,H, 1.000E-01,scale, 1.000E-08, 1.000E-01, 1.000E-01,1,3,0,0,5, 3.30600E-03, 6.990379924E-03,16,4,H0.1
Bard_ref,4,H, 1.000E-01,scale, 1.000E-08, 1.000E-01, 1.000E-01,1,4,0,0,4, 2.72500E-03, 7.811864240E-03,13,4,H0.1
Bard_ref,4,H, 1.000E-01,scale, 1.000E-08, 1.000E-01, 1.000E-01,1,5,0,0,4, 2.17200E-03, 1.042727164E-02,9,4,H0.1
Bard_ref,4,H, 1.000E-01,scale, 1.000E-08, 1.000E-01, 1.000E-01,1,6,0,0,11, 8.26100E-03, 1.650113353E-02,17,4,H0.1
Bard_ref,4,H, 1.000E-01,scale, 1.000E-08, 1.000E-01, 1.000E-01,1,7,0,0,9, 8.03400E-03, 1.490086206E-02,12,4,H0.1
Bard_ref,4,H, 1.000E-01,scale, 1.000E-08, 1.000E-01, 1.000E-01,1,8,0,0,14, 1.30030E-02, 2.185439310E-02,20,4,H0.1
Bard_ref,4,H, 1.000E-01,scale, 1.000E-08, 1.000E-01, 1.000E-01,1,9,0,0,5, 2.67400E-03, 2.803946787E-03,10,4,H0.1
Bard_ref,4,H, 1.000E-01,scale, 1.000E-08, 1.000E-01, 1.000E-01,1,10,0,0,4, 2.59800E-03, 6.164903867E-03,10,4,H0.1
Bard_ref,4,H, 1.000E+00,scale, 1.000E-08, 1.000E-01, 1.000E-01,1,1,0,0,3, 1.61100E-03, 7.078556604E-01,5,2,H1
Bard_ref,4,H, 1.000E+00,scale, 1.000E-08, 1.000E-01, 1.000E-01,1,2,0,0,7, 2.74200E-03, 1.645698238E-02,11,4,H1
Bard_ref,4,H, 1.000E+00,scale, 1.000E-08, 1.000E-01, 1.000E-01,1,3,0,0,3, 1.90300E-03, 6.964224030E-01,5,2,H1
Bard_ref,4,H, 1.000E+00,scale, 1.000E-08, 1.000E-01, 1.000E-01,1,4,0,0,5, 1.71900E-03, 5.710105584E-03,8,4,H1
Bard_ref,4,H, 1.000E+00,scale, 1.000E-08, 1.000E-01, 1.000E-01,1,5,0,0,9, 6.84000E-03, 4.777147834E-02,15,4,H1
Bard_ref,4,H, 1.000E+00,scale, 1.000E-08, 1.000E-01, 1.000E-01,1,6,0,0,2, 2.38200E-03, 5.953554089E-03,5,4,H1
Bard_ref,4,H, 1.000E+00,scale, 1.000E-08, 1.000E-01, 1.000E-01,1,7,0,0,4, 1.63700E-03, 6.547329290E-01,7,3,H1
Bard_ref,4,H, 1.000E+00,scale, 1.000E-08, 1.000E-01, 1.000E-01,1,8,0,0,10, 3.53800E-03, 6.539067884E-03,22,4,H1
Bard_ref,4,H, 1.000E+00,scale, 1.000E-08, 1.000E-01, 1.000E-01,1,9,0,0,7, 1.50000E-03, 1.616177544E-02,11,4,H1
Bard_ref,4,H, 1.000E+00,scale, 1.000E-08, 1.000E-01, 1.000E-01,1,10,0,0,8, 4.16600E-03, 5.584065035E-03,17,4,H1
Bard_ref,4,H, 1.000E+01,scale, 1.000E-08, 1.000E-01, 1.000E-01,1,1,0,0,5, 2.25300E-03, 3.579573782E-01,9,3,H10
Bard_ref,4,H, 1.000E+01,scale, 1.000E-08, 1.000E-01, 1.000E-01,1,2,0,0,9, 3.98600E-03, 7.361149762E-01,24,2,H10
Bard_ref,4,H, 1.000E+01,scale, 1.000E-08, 1.000E-01, 1.000E-01,1,3,0,0,4, 1.34000E-03, 6.523327600E-01,6,4,H10
Bard_ref,4,H, 1.000E+01,scale, 1.000E-08, 1.000E-01, 1.000E-01,1,4,0,0,17, 4.05200E-03, 2.551308121E-02,28,4,H10
Bard_ref,4,H, 1.000E+01,scale, 1.000E-08, 1.000E-01, 1.000E-01,1,5,0,0,5, 1.37600E-03, 6.761494626E-01,7,4,H10
Bard_ref,4,H, 1.000E+01,scale, 1.000E-08, 1.000E-01, 1.000E-01,1,6,0,0,5, 1.48700E-03, 6.389184581E-01,6,4,H10
Bard_ref,4,H, 1.000E+01,scale, 1.000E-08, 1.000E-01, 1.000E-01,1,7,0,0,12, 1.90900E-03, 2.514473485E-02,19,4,H10
Bard_ref,4,H, 1.000E+01,scale, 1.000E-08, 1.000E-01, 1.000E-01,1,8,0,0,18, 3.99100E-03, 4.235040732E-02,30,4,H10
Bard_ref,4,H, 1.000E+01,scale, 1.000E-08, 1.000E-01, 1.000E-01,1,9,0,0,8, 1.13700E-03, 4.001716867E-01,19,3,H10
Bard_ref,4,H, 1.000E+01,scale, 1.000E-08, 1.000E-01, 1.000E-01,1,10,0,0,5, 1.40300E-03, 8.051443334E-01,9,2,H10
Bard_ref,4,H, 1.000E+02,scale, 1.000E-08, 1.000E-01, 1.000E-01,1,1,0,0,4, 1.60600E-03, 3.187612967E-01,5,4,H100
Bard_ref,4,H, 1.000E+02,scale, 1.000E-08, 1.000E-01, 1.000E-01,1,2,0,0,10, 4.09000E-03, 6.468400578E-01,22,4,H100
Bard_ref,4,H, 1.000E+02,scale, 1.000E-08, 1.000E-01, 1.000E-01,1,3,0,0,13, 1.19230E-02, 8.573515657E-02,17,4,H100
Bard_ref,4,H, 1.000E+02,scale, 1.000E-08, 1.000E-01, 1.000E-01,1,4,0,0,15, 3.16400E-03, 4.988666200E-02,28,4,H100
Bard_ref,4,H, 1.000E+02,scale, 1.000E-08, 1.000E-01, 1.000E-01,1,5,0,0,10, 1.80500E-03, 7.806328354E-02,14,4,H100
Bard_ref,4,H, 1.000E+02,scale, 1.000E-08, 1.000E-01, 1.000E-01,1,6,0,0,16, 8.59200E-03, 1.931985920E-02,27,4,H100
Bard_ref,4,H, 1.000E+02,scale, 1.000E-08, 1.000E-01, 1.000E-01,1,7,0,0,10, 1.66100E-03, 3.776530491E-02,14,4,H100
Bard_ref,4,H, 1.000E+02,scale, 1.000E-08, 1.000E-01, 1.000E-01,1,8,0,0,7, 1.09600E-03, 3.981754481E-01,14,3,H100
Bard_ref,4,H, 1.000E+02,scale, 1.000E-08, 1.000E-01, 1.000E-01,1,9,0,0,15, 5.83400E-03, 4.038444626E-02,26,4,H100
Bard_ref,4,H, 1.000E+02,scale, 1.000E-08, 1.000E-01, 1.000E-01,1,10,0,0,5, 1.48300E-03, 8.051443334E-01,9,2,H100
Bard_ref,4,H, 1.000E+00,scale, 1.000E-08, 1.000E-01, 1.000E-01,1,1,0,0,6, 2.13000E-03, 2.288544676E-02,11,4,HA1
Bard_ref,4,H, 1.000E+00,scale, 1.000E-08, 1.000E-01, 1.000E-01,1,2,0,0,3, 1.03100E-03, 3.302148378E-01,7,3,HA1
Bard_ref,4,H, 1.000E+00,scale, 1.000E-08, 1.000E-01, 1.000E-01,1,3,0,0,13, 6.68600E-03, 7.234425582E-03,18,4,HA1
Bard_ref,4,H, 1.000E+00,scale, 1.000E-08, 1.000E-01, 1.000E-01,1,4,0,0,4, 1.49600E-03, 5.255155594E-03,15,4,HA1
Bard_ref,4,H, 1.000E+00,scale, 1.000E-08, 1.000E-01, 1.000E-01,1,5,0,0,11, 8.19000E-03, 8.497461449E-03,14,4,HA1
Bard_ref,4,H, 1.000E+00,scale, 1.000E-08, 1.000E-01, 1.000E-01,1,6,0,0,4, 2.69300E-03, 3.489364843E-03,15,4,HA1
Bard_ref,4,H, 1.000E+00,scale, 1.000E-08, 1.000E-01, 1.000E-01,1,7,0,0,7, 6.26100E-03, 5.558627683E-03,12,4,HA1
Bard_ref,4,H, 1.000E+00,scale, 1.000E-08, 1.000E-01, 1.000E-01,1,8,0,0,9, 5.61700E-03, 1.081093469E-02,17,4,HA1
Bard_ref,4,H, 1.000E+00,scale, 1.000E-08, 1.000E-01, 1.000E-01,1,9,0,0,3, 1.09000E-03, 3.873564586E-01,7,3,HA1
Bard_ref,4,H, 1.000E+00,scale, 1.000E-08, 1.000E-01, 1.000E-01,1,10,0,0,5, 2.93100E-03, 7.069001621E-03,14,4,HA1
Bard_ref,4,H, 1.000E+00,scale, 1.000E-08, 1.000E-01, 1.000E-01,1,1,0,0,5, 1.46700E-03, 3.747950257E-01,12,3,HA10
Bard_ref,4,H, 1.000E+00,scale, 1.000E-08, 1.000E-01, 1.000E-01,1,2,0,0,12, 5.63400E-03, 5.768862866E-03,22,4,HA10
Bard_ref,4,H, 1.000E+00,scale, 1.000E-08, 1.000E-01, 1.000E-01,1,3,0,0,5, 1.69900E-03, 3.664410802E-01,12,3,HA10
Bard_ref,4,H, 1.000E+00,scale, 1.000E-08, 1.000E-01, 1.000E-01,1,4,0,0,9, 4.55900E-03, 3.825452775E-02,18,4,HA10
Bard_ref,4,H, 1.000E+00,scale, 1.000E-08, 1.000E-01, 1.000E-01,1,5,0,0,6, 2.65200E-03, 3.945617198E-01,28,3,HA10
Bard_ref,4,H, 1.000E+00,scale, 1.000E-08, 1.000E-01, 1.000E-01,1,6,0,0,14, 8.28400E-03, 3.321837860E-02,23,4,HA10
Bard_ref,4,H, 1.000E+00,scale, 1.000E-08, 1.000E-01, 1.000E-01,1,7,0,0,9, 6.41500E-03, 1.226068063E-02,12,4,HA10
Bard_ref,4,H, 1.000E+00,scale, 1.000E-08, 1.000E-01, 1.000E-01,1,8,0,0,10, 2.30900E-03, 1.357735126E-02,19,4,HA10
Bard_ref,4,H, 1.000E+00,scale, 1.000E-08, 1.000E-01, 1.000E-01,1,9,0,0,6, 2.67400E-03, 8.375593806E-02,13,4,HA10
Bard_ref,4,H, 1.000E+00,scale, 1.000E-08, 1.000E-01, 1.000E-01,1,10,0,0,5, 1.44900E-03, 3.576267758E-01,12,3,HA10
Bard_ref,4,H, 1.000E+00,scale, 1.000E-08, 1.000E-01, 1.000E-01,1,1,0,0,5, 1.80700E-03, 3.579573782E-01,9,3,HA100
Bard_ref,4,H, 1.000E+00,scale, 1.000E-08, 1.000E-01, 1.000E-01,1,2,0,0,10, 2.31700E-03, 3.887939480E-01,26,3,HA100
Bard_ref,4,H, 1.000E+00,scale, 1.000E-08, 1.000E-01, 1.000E-01,1,3,0,0,11, 1.60440E-02, 3.079078246E-02,16,4,HA100
Bard_ref,4,H, 1.000E+00,scale, 1.000E-08, 1.000E-01, 1.000E-01,1,4,0,0,21, 1.53840E-02, 9.660715973E-03,32,4,HA100
Bard_ref,4,H, 1.000E+00,scale, 1.000E-08, 1.000E-01, 1.000E-01,1,5,0,0,19, 1.38190E-02, 6.391057970E-02,23,4,HA100
Bard_ref,4,H, 1.000E+00,scale, 1.000E-08, 1.000E-01, 1.000E-01,1,6,0,0,5, 2.14300E-03, 6.389184581E-01,6,4,HA100
Bard_ref,4,H, 1.000E+00,scale, 1.000E-08, 1.000E-01, 1.000E-01,1,7,0,0,10, 3.54800E-03, 3.776530460E-02,14,4,HA100
Bard_ref,4,H, 1.000E+00,scale, 1.000E-08, 1.000E-01, 1.000E-01,1,8,0,0,18, 3.82800E-03, 4.437904055E-02,30,4,HA100
Bard_ref,4,H, 1.000E+00,scale, 1.000E-08, 1.000E-01, 1.000E-01,1,9,0,0,8, 1.85700E-03, 4.001716867E-01,19,3,HA100
Bard_ref,4,H, 1.000E+00,scale, 1.000E-08, 1.000E-01, 1.000E-01,1,10,0,0,5, 1.69600E-03, 8.051443334E-01,9,2,HA100
Bard_ref,4,H, 1.000E+00,clip, 1.000E-08, 1.000E-01, 1.000E-01,1,1,0,0,3, 1.53300E-03, 9.686551144E-02,4,4,Hc1
Bard_ref,4,H, 1.000E+00,clip, 1.000E-08, 1.000E-01, 1.000E-01,1,2,0,0,7, 2.66100E-03, 3.022685932E-03,10,4,Hc1
Bard_ref,4,H, 1.000E+00,clip, 1.000E-08, 1.000E-01, 1.000E-01,1,3,0,0,14, 6.98500E-03, 7.908017191E-02,15,4,Hc1
Bard_ref,4,H, 1.000E+00,clip, 1.000E-08, 1.000E-01, 1.000E-01,1,4,0,0,11, 2.01000E-03, 1.323204546E-02,16,4,Hc1
Bard_ref,4,H, 1.000E+00,clip, 1.000E-08, 1.000E-01, 1.000E-01,1,5,0,0,3, 1.24600E-03, 6.405929427E-01,4,4,Hc1
Bard_ref,4,H, 1.000E+00,clip, 1.000E-08, 1.000E-01, 1.000E-01,1,6,0,0,12, 6.04300E-03, 6.327839403E-03,16,4,Hc1
Bard_ref,4,H, 1.000E+00,clip, 1.000E-08, 1.000E-01, 1.000E-01,1,7,0,0,11, 2.56300E-03, 7.246203680E-03,24,4,Hc1
Bard_ref,4,H, 1.000E+00,clip, 1.000E-08, 1.000E-01, 1.000E-01,1,8,0,0,4, 1.03100E-03, 3.639739957E-01,6,3,Hc1
Bard_ref,4,H, 1.000E+00,clip, 1.000E-08, 1.000E-01, 1.000E-01,1,9,0,0,4, 1.72700E-03, 9.365820481E-02,7,4,Hc1
Bard_ref,4,H, 1.000E+00,clip, 1.000E-08, 1.000E-01, 1.000E-01,1,10,0,0,9, 1.43700E-03, 1.862210924E-02,18,4,Hc1
Bard_ref,4,H, 1.000E+01,clip, 1.000E-08, 1.000E-01, 1.000E-01,1,1,0,0,5, 2.31800E-03, 3.496093558E-01,16,3,Hc10
Bard_ref,4,H, 1.000E+01,clip, 1.000E-08, 1.000E-01, 1.000E-01,1,2,0,0,13, 5.05000E-03, 4.644167998E-02,29,4,Hc10
Bard_ref,4,H, 1.000E+01,clip, 1.000E-08, 1.000E-01, 1.000E-01,1,3,0,0,5, 1.54000E-03, 6.831623459E-02,8,4,Hc10
Bard_ref,4,H, 1.000E+01,clip, 1.000E-08, 1.000E-01, 1.000E-01,1,4,0,0,16, 3.78700E-03, 2.876361150E-02,29,4,Hc10
Bard_ref,4,H, 1.000E+01,clip, 1.000E-08, 1.000E-01, 1.000E-01,1,5,0,0,19, 1.33840E-02, 2.392524893E-02,26,4,Hc10
Bard_ref,4,H, 1.000E+01,clip, 1.000E-08, 1.000E-01, 1.000E-01,1,6,0,0,6, 1.35900E-03, 6.934082317E-01,12,4,Hc10
Bard_ref,4,H, 1.000E+01,clip, 1.000E-08, 1.000E-01, 1.000E-01,1,7,0,0,12, 2.22300E-03, 2.505676747E-02,19,4,Hc10
Bard_ref,4,H, 1.000E+01,clip, 1.000E-08, 1.000E-01, 1.000E-01,1,8,0,0,11, 4.71400E-03, 3.131789359E-02,18,4,Hc10
Bard_ref,4,H, 1.000E+01,clip, 1.000E-08, 1.000E-01, 1.000E-01,1,9,0,0,8, 1.42700E-03, 3.913839128E-01,19,3,Hc10
Bard_ref,4,H, 1.000E+01,clip, 1.000E-08, 1.000E-01, 1.000E-01,1,10,0,0,5, 1.42600E-03, 8.051443334E-01,9,2,Hc10
Bard_ref,4,QN, 1.000E+04,scale, 1.000E-08, 1.000E-01, 1.000E-01,1,1,0,0,17, 2.98600E-03, 7.199860161E-01,20,2,QN
Bard_ref,4,QN, 1.000E+04,scale, 1.000E-08, 1.000E-01, 1.000E-01,1,2,0,0,55, 1.92800E-02, 5.084657211E-02,61,4,QN
Bard_ref,4,QN, 1.000E+04,scale, 1.000E-08, 1.000E-01, 1.000E-01,1,3,0,0,14, 1.37300E-03, 6.704832619E-01,27,4,QN
Bard_ref,4,QN, 1.000E+04,scale, 1.000E-08, 1.000E-01, 1.000E-01,1,4,0,0,27, 2.24700E-03, 6.982366856E-01,30,3,QN
Bard_ref,4,QN, 1.000E+04,scale, 1.000E-08, 1.000E-01, 1.000E-01,1,5,0,0,4, 1.46000E-03, 6.264053203E-01,15,4,QN
Bard_ref,4,QN, 1.000E+04,scale, 1.000E-08, 1.000E-01, 1.000E-01,1,6,0,0,1718, 1.22797E-01, 1.646205475E+00,1730,3,QN
Bard_ref,4,QN, 1.000E+04,scale, 1.000E-08, 1.000E-01, 1.000E-01,1,7,0,0,12, 2.33800E-03, 6.795316827E-01,14,3,QN
Bard_ref,4,QN, 1.000E+04,scale, 1.000E-08, 1.000E-01, 1.000E-01,1,8,0,0,52, 3.54360E-02, 3.634389903E-02,53,4,QN
Bard_ref,4,QN, 1.000E+04,scale, 1.000E-08, 1.000E-01, 1.000E-01,1,9,0,0,17, 2.92100E-03, 6.985185912E-01,21,2,QN
Bard_ref,4,QN, 1.000E+04,scale, 1.000E-08, 1.000E-01, 1.000E-01,1,10,0,0,11, 2.81100E-03, 6.554134019E-01,29,4,QN
Bennett5_05,8,0, 1.000E+00,scale, 1.000E-08, 1.000E-01, 1.000E-01,1,1,0,0,387, 2.89799E+00, 1.410912070E-01,551,6,FO
Bennett5_05,8,0, 1.000E+00,scale, 1.000E-08, 1.000E-01, 1.000E-01,1,2,0,0,6, 5.12110E-02, 1.697922935E-01,49,5,FO
Bennett5_05,8,0, 1.000E+00,scale, 1.000E-08, 1.000E-01, 1.000E-01,1,3,0,0,807, 2.83445E+01, 2.030800631E-01,950,5,FO
Bennett5_05,8,0, 1.000E+00,scale, 1.000E-08, 1.000E-01, 1.000E-01,1,4,0,0,7, 6.88680E-02, 8.660819995E-02,56,7,FO
Bennett5_05,8,0, 1.000E+00,scale, 1.000E-08, 1.000E-01, 1.000E-01,1,5,0,0,4, 5.14850E-02, 1.844557819E-01,28,5,FO
Bennett5_05,8,0, 1.000E+00,scale, 1.000E-08, 1.000E-01, 1.000E-01,1,6,0,0,282, 2.93668E+00, 1.521048801E-01,321,6,FO
Bennett5_05,8,0, 1.000E+00,scale, 1.000E-08, 1.000E-01, 1.000E-01,1,7,0,0,779, 2.95116E+01, 2.348605196E-01,811,5,FO
Bennett5_05,8,0, 1.000E+00,scale, 1.000E-08, 1.000E-01, 1.000E-01,1,8,0,0,302, 1.60058E+00, 1.371619647E-01,384,6,FO
Bennett5_05,8,0, 1.000E+00,scale, 1.000E-08, 1.000E-01, 1.000E-01,1,9,0,0,6, 6.84190E-02, 1.269979338E-01,46,5,FO
Bennett5_05,8,0, 1.000E+00,scale, 1.000E-08, 1.000E-01, 1.000E-01,1,10,0,0,9, 5.55610E-02, 1.390810311E-01,34,6,FO
Bennett5_05,8,GN, 1.000E+04,scale, 1.000E-08, 1.000E-01, 1.000E-01,1,1,0,0,1021, 5.79198E+01, 2.266681497E-01,1022,5,GN
Bennett5_05,8,GN, 1.000E+04,scale, 1.000E-08, 1.000E-01, 1.000E-01,1,2,0,0,10, 6.67100E-02, 1.668499488E-01,12,5,GN
Bennett5_05,8,GN, 1.000E+04,scale, 1.000E-08, 1.000E-01, 1.000E-01,1,3,0,0,830, 5.53639E+00, 1.491392343E-01,831,6,GN
Bennett5_05,8,GN, 1.000E+04,scale, 1.000E-08, 1.000E-01, 1.000E-01,1,4,0,0,90, 4.80631E-01, 2.022519687E-01,118,5,GN
Bennett5_05,8,GN, 1.000E+04,scale, 1.000E-08, 1.000E-01, 1.000E-01,1,5,0,0,898, 3.81832E+01, 2.457883335E-01,899,4,GN
Bennett5_05,8,GN, 1.000E+04,scale, 1.000E-08, 1.000E-01, 1.000E-01,1,6,0,0,80, 3.37367E-01, 2.095605999E-01,284,5,GN
Bennett5_05,8,GN, 1.000E+04,scale, 1.000E-08, 1.000E-01, 1.000E-01,1,7,0,0,841, 4.58885E+00, 1.985292312E-01,976,5,GN
Bennett5_05,8,GN, 1.000E+04,scale, 1.000E-08, 1.000E-01, 1.000E-01,1,8,0,0,727, 1.23681E+00, 1.450575103E-01,733,7,GN
Bennett5_05,8,GN, 1.000E+04,scale, 1.000E-08, 1.000E-01, 1.000E-01,1,9,0,0,16, 9.82090E-02, 1.328423184E-01,22,5,GN
Bennett5_05,8,GN, 1.000E+04,scale, 1.000E-08, 1.000E-01, 1.000E-01,1,10,0,0,38, 2.11819E-01, 2.668341499E-01,219,4,GN
Bennett5_05,8,GN, 1.000E+00,scale, 1.000E-08, 1.000E-01, 1.000E-01,1,1,0,0,386, 4.87892E+00, 1.409306734E-01,550,6,GN1
Bennett5_05,8,GN, 1.000E+00,scale, 1.000E-08, 1.000E-01, 1.000E-01,1,2,0,0,6, 9.32730E-02, 1.697617991E-01,48,5,GN1
Bennett5_05,8,GN, 1.000E+00,scale, 1.000E-08, 1.000E-01, 1.000E-01,1,3,0,0,807, 3.25513E+01, 2.028982458E-01,950,5,GN1
Bennett5_05,8,GN, 1.000E+00,scale, 1.000E-08, 1.000E-01, 1.000E-01,1,4,0,0,7, 6.71890E-02, 8.662983584E-02,56,7,GN1
Bennett5_05,8,GN, 1.000E+00,scale, 1.000E-08, 1.000E-01, 1.000E-01,1,5,0,0,4, 5.38320E-02, 1.838488500E-01,28,5,GN1
Bennett5_05,8,GN, 1.000E+00,scale, 1.000E-08, 1.000E-01, 1.000E-01,1,6,0,0,318, 3.84084E+00, 1.525251556E-01,357,6,GN1
Bennett5_05,8,GN, 1.000E+00,scale, 1.000E-08, 1.000E-01, 1.000E-01,1,7,0,0,779, 2.99431E+01, 2.346485243E-01,811,5,GN1
Bennett5_05,8,GN, 1.000E+00,scale, 1.000E-08, 1.000E-01, 1.000E-01,1,8,0,0,296, 1.60821E+00, 1.372289610E-01,378,6,GN1
Bennett5_05,8,GN, 1.000E+00,scale, 1.000E-08, 1.000E-01, 1.000E-01,1,9,0,0,6, 6.44560E-02, 1.269237113E-01,46,5,GN1
Bennett5_05,8,GN, 1.000E+00,scale, 1.000E-08, 1.000E-01, 1.000E-01,1,10,0,0,14, 1.08427E-01, 1.389514978E-01,39,6,GN1
Bennett5_05,8,H, 1.000E+04,scale, 1.000E-08, 1.000E-01, 1.000E-01,1,1,0,0,772, 3.03373E+01, 2.582876205E-01,780,4,H
Bennett5_05,8,H, 1.000E+04,scale, 1.000E-08, 1.000E-01, 1.000E-01,1,2,0,0,11, 1.41580E-02, 3.405129590E-01,43,6,H
Bennett5_05,8,H, 1.000E+04,scale, 1.000E-08, 1.000E-01, 1.000E-01,1,3,0,0,7, 5.65670E-02, 2.035299280E-01,16,5,H
Bennett5_05,8,H, 1.000E+04,scale, 1.000E-08, 1.000E-01, 1.000E-01,1,4,0,0,108, 1.19598E+00, 1.219007018E-01,134,8,H
Bennett5_05,8,H, 1.000E+04,scale, 1.000E-08, 1.000E-01, 1.000E-01,1,5,0,0,566, 3.71171E+00, 1.890516665E-01,574,5,H
Bennett5_05,8,H, 1.000E+04,scale, 1.000E-08, 1.000E-01, 1.000E-01,1,6,0,0,46, 3.54671E-01, 2.119329388E-01,162,4,H
Bennett5_05,8,H, 1.000E+04,scale, 1.000E-08, 1.000E-01, 1.000E-01,1,7,0,0,5773, 1.11096E+01, 1.162899104E-01,5788,8,H
Bennett5_05,8,H, 1.000E+04,scale, 1.000E-08, 1.000E-01, 1.000E-01,1,8,0,0,945, 4.63496E+01, 2.096545065E-01,960,5,H
Bennett5_05,8,H, 1.000E+04,scale, 1.000E-08, 1.000E-01, 1.000E-01,1,9,0,0,7649, 1.86663E+02, 1.810333963E-02,7657,8,H
Bennett5_05,8,H, 1.000E+04,scale, 1.000E-08, 1.000E-01, 1.000E-01,1,10,0,0,11, 9.83150E-02, 2.698646918E-01,74,4,H
Bennett5_05,8,H, 1.000E-01,scale, 1.000E-08, 1.000E-01, 1.000E-01,1,1,0,0,386, 3.10169E+00, 1.410590107E-01,550,6,H0.1
Bennett5_05,8,H, 1.000E-01,scale, 1.000E-08, 1.000E-01, 1.000E-01,1,2,0,0,6, 5.59140E-02, 1.697892444E-01,48,5,H0.1
Bennett5_05,8,H, 1.000E-01,scale, 1.000E-08, 1.000E-01, 1.000E-01,1,3,0,0,807, 2.92031E+01, 2.030604964E-01,950,5,H0.1
Bennett5_05,8,H, 1.000E-01,scale, 1.000E-08, 1.000E-01, 1.000E-01,1,4,0,0,7, 7.08160E-02, 8.661036331E-02,56,7,H0.1
Bennett5_05,8,H, 1.000E-01,scale, 1.000E-08, 1.000E-01, 1.000E-01,1,5,0,0,4, 5.11890E-02, 1.843950473E-01,28,5,H0.1
Bennett5_05,8,H, 1.000E-01,scale, 1.000E-08, 1.000E-01, 1.000E-01,1,6,0,0,282, 3.20354E+00, 1.521068509E-01,321,6,H0.1
Bennett5_05,8,H, 1.000E-01,scale, 1.000E-08, 1.000E-01, 1.000E-01,1,7,0,0,779, 3.25533E+01, 2.348405525E-01,811,5,H0.1
Bennett5_05,8,H, 1.000E-01,scale, 1.000E-08, 1.000E-01, 1.000E-01,1,8,0,0,302, 1.87805E+00, 1.371473959E-01,384,6,H0.1
Bennett5_05,8,H, 1.000E-01,scale, 1.000E-08, 1.000E-01, 1.000E-01,1,9,0,0,6, 6.98140E-02, 1.269905116E-01,46,5,H0.1
Bennett5_05,8,H, 1.000E-01,scale, 1.000E-08, 1.000E-01, 1.000E-01,1,10,0,0,9, 6.68630E-02, 1.390822475E-01,37,6,H0.1
Bennett5_05,8,H, 1.000E+00,scale, 1.000E-08, 1.000E-01, 1.000E-01,1,1,0,0,386, 2.96440E+00, 1.409306343E-01,550,6,H1
Bennett5_05,8,H, 1.000E+00,scale, 1.000E-08, 1.000E-01, 1.000E-01,1,2,0,0,6, 5.05150E-02, 1.697617993E-01,49,5,H1
Bennett5_05,8,H, 1.000E+00,scale, 1.000E-08, 1.000E-01, 1.000E-01,1,3,0,0,807, 2.88642E+01, 2.028986410E-01,950,5,H1
Bennett5_05,8,H, 1.000E+00,scale, 1.000E-08, 1.000E-01, 1.000E-01,1,4,0,0,7, 6.36380E-02, 8.662983586E-02,56,7,H1
Bennett5_05,8,H, 1.000E+00,scale, 1.000E-08, 1.000E-01, 1.000E-01,1,5,0,0,4, 4.94380E-02, 1.838488917E-01,28,5,H1
Bennett5_05,8,H, 1.000E+00,scale, 1.000E-08, 1.000E-01, 1.000E-01,1,6,0,0,282, 2.95845E+00, 1.521175072E-01,321,6,H1
Bennett5_05,8,H, 1.000E+00,scale, 1.000E-08, 1.000E-01, 1.000E-01,1,7,0,0,779, 2.86483E+01, 2.346490585E-01,811,5,H1
Bennett5_05,8,H, 1.000E+00,scale, 1.000E-08, 1.000E-01, 1.000E-01,1,8,0,0,297, 1.55855E+00, 1.372221787E-01,379,6,H1
Bennett5_05,8,H, 1.000E+00,scale, 1.000E-08, 1.000E-01, 1.000E-01,1,9,0,0,6, 6.29760E-02, 1.269237111E-01,46,5,H1
Bennett5_05,8,H, 1.000E+00,scale, 1.000E-08, 1.000E-01, 1.000E-01,1,10,0,0,9, 5.68710E-02, 1.390931951E-01,34,6,H1
Bennett5_05,8,H, 1.000E+01,scale, 1.000E-08, 1.000E-01, 1.000E-01,1,1,0,0,380, 3.09951E+00, 1.395192923E-01,544,6,H10
Bennett5_05,8,H, 1.000E+01,scale, 1.000E-08, 1.000E-01, 1.000E-01,1,2,0,0,6, 6.34820E-02, 1.694870845E-01,52,5,H10
Bennett5_05,8,H, 1.000E+01,scale, 1.000E-08, 1.000E-01, 1.000E-01,1,3,0,0,586, 1.98261E+01, 1.169718806E-01,737,6,H10
Bennett5_05,8,H, 1.000E+01,scale, 1.000E-08, 1.000E-01, 1.000E-01,1,4,0,0,7, 7.78630E-02, 8.682478141E-02,56,7,H10
Bennett5_05,8,H, 1.000E+01,scale, 1.000E-08, 1.000E-01, 1.000E-01,1,5,0,0,4, 4.95650E-02, 1.784324194E-01,28,5,H10
Bennett5_05,8,H, 1.000E+01,scale, 1.000E-08, 1.000E-01, 1.000E-01,1,6,0,0,290, 3.14671E+00, 1.522439600E-01,329,6,H10
Bennett5_05,8,H, 1.000E+01,scale, 1.000E-08, 1.000E-01, 1.000E-01,1,7,0,0,779, 2.95288E+01, 2.327968710E-01,811,5,H10
Bennett5_05,8,H, 1.000E+01,scale, 1.000E-08, 1.000E-01, 1.000E-01,1,8,0,0,259, 1.05504E+00, 1.378220897E-01,341,6,H10
Bennett5_05,8,H, 1.000E+01,scale, 1.000E-08, 1.000E-01, 1.000E-01,1,9,0,0,6, 6.56820E-02, 1.262556137E-01,46,5,H10
Bennett5_05,8,H, 1.000E+01,scale, 1.000E-08, 1.000E-01, 1.000E-01,1,10,0,0,10, 7.79770E-02, 1.390719860E-01,38,6,H10
Bennett5_05,8,H, 1.000E+02,scale, 1.000E-08, 1.000E-01, 1.000E-01,1,1,0,0,148, 2.68748E-01, 1.452389925E-01,326,6,H100
Bennett5_05,8,H, 1.000E+02,scale, 1.000E-08, 1.000E-01, 1.000E-01,1,2,0,0,6, 8.96420E-02, 1.667144072E-01,47,5,H100
Bennett5_05,8,H, 1.000E+02,scale, 1.000E-08, 1.000E-01, 1.000E-01,1,3,0,0,238, 4.43797E-01, 1.411598642E-01,374,6,H100
Bennett5_05,8,H, 1.000E+02,scale, 1.000E-08, 1.000E-01, 1.000E-01,1,4,0,0,7, 8.82790E-02, 8.808720162E-02,56,7,H100
Bennett5_05,8,H, 1.000E+02,scale, 1.000E-08, 1.000E-01, 1.000E-01,1,5,0,0,4, 6.13890E-02, 1.349871117E-01,28,5,H100
Bennett5_05,8,H, 1.000E+02,scale, 1.000E-08, 1.000E-01, 1.000E-01,1,6,0,0,213, 1.64433E+00, 1.652778337E-01,252,6,H100
Bennett5_05,8,H, 1.000E+02,scale, 1.000E-08, 1.000E-01, 1.000E-01,1,7,0,0,772, 2.93684E+01, 2.159375570E-01,804,5,H100
Bennett5_05,8,H, 1.000E+02,scale, 1.000E-08, 1.000E-01, 1.000E-01,1,8,0,0,124, 1.68171E-01, 1.465741742E-01,190,6,H100
Bennett5_05,8,H, 1.000E+02,scale, 1.000E-08, 1.000E-01, 1.000E-01,1,9,0,0,6, 6.42550E-02, 1.213196421E-01,46,5,H100
Bennett5_05,8,H, 1.000E+02,scale, 1.000E-08, 1.000E-01, 1.000E-01,1,10,0,0,21, 1.93385E-01, 1.387886760E-01,49,6,H100
Bennett5_05,8,H, 1.000E+00,scale, 1.000E-08, 1.000E-01, 1.000E-01,1,1,0,0,360, 3.30133E-01, 1.104833972E-01,382,8,HA1
Bennett5_05,8,H, 1.000E+00,scale, 1.000E-08, 1.000E-01, 1.000E-01,1,2,0,0,3, 4.25360E-02, 1.867706020E-02,18,8,HA1
Bennett5_05,8,H, 1.000E+00,scale, 1.000E-08, 1.000E-01, 1.000E-01,1,3,0,0,5, 1.12010E-02, 1.408623005E-01,34,8,HA1
Bennett5_05,8,H, 1.000E+00,scale, 1.000E-08, 1.000E-01, 1.000E-01,1,4,0,0,5, 7.32610E-02, 1.080398940E-01,37,6,HA1
Bennett5_05,8,H, 1.000E+00,scale, 1.000E-08, 1.000E-01, 1.000E-01,1,5,0,0,3, 3.33300E-02, 6.612272984E-02,18,8,HA1
Bennett5_05,8,H, 1.000E+00,scale, 1.000E-08, 1.000E-01, 1.000E-01,1,6,0,0,5, 4.14070E-02, 1.014083774E-01,39,7,HA1
Bennett5_05,8,H, 1.000E+00,scale, 1.000E-08, 1.000E-01, 1.000E-01,1,7,0,0,1082, 1.60177E+00, 1.308669796E-01,1097,7,HA1
Bennett5_05,8,H, 1.000E+00,scale, 1.000E-08, 1.000E-01, 1.000E-01,1,8,0,0,5, 2.52940E-02, 1.147723256E-01,34,8,HA1
Bennett5_05,8,H, 1.000E+00,scale, 1.000E-08, 1.000E-01, 1.000E-01,1,9,0,0,2, 1.06530E-02, 3.424877605E-02,10,8,HA1
Bennett5_05,8,H, 1.000E+00,scale, 1.000E-08, 1.000E-01, 1.000E-01,1,10,0,0,4, 6.46970E-02, 1.045373751E-01,28,7,HA1
Bennett5_05,8,H, 1.000E+00,scale, 1.000E-08, 1.000E-01, 1.000E-01,1,1,0,0,357, 9.72206E-01, 1.089161972E-01,377,8,HA10
Bennett5_05,8,H, 1.000E+00,scale, 1.000E-08, 1.000E-01, 1.000E-01,1,2,0,0,3, 4.31380E-02, 3.368858980E-02,16,8,HA10
Bennett5_05,8,H, 1.000E+00,scale, 1.000E-08, 1.000E-01, 1.000E-01,1,3,0,0,621, 7.26087E-01, 1.189180522E-01,647,7,HA10
Bennett5_05,8,H, 1.000E+00,scale, 1.000E-08, 1.000E-01, 1.000E-01,1,4,0,0,120, 7.81676E-01, 1.430929033E-01,140,8,HA10
Bennett5_05,8,H, 1.000E+00,scale, 1.000E-08, 1.000E-01, 1.000E-01,1,5,0,0,3, 3.71410E-02, 6.712723386E-02,17,8,HA10
Bennett5_05,8,H, 1.000E+00,scale, 1.000E-08, 1.000E-01, 1.000E-01,1,6,0,0,4, 3.51390E-02, 1.140245968E-01,25,6,HA10
Bennett5_05,8,H, 1.000E+00,scale, 1.000E-08, 1.000E-01, 1.000E-01,1,7,0,0,594, 7.41357E-01, 1.224667522E-01,608,7,HA10
Bennett5_05,8,H, 1.000E+00,scale, 1.000E-08, 1.000E-01, 1.000E-01,1,8,0,0,4, 2.98400E-02, 9.176990410E-02,25,8,HA10
Bennett5_05,8,H, 1.000E+00,scale, 1.000E-08, 1.000E-01, 1.000E-01,1,9,0,0,2, 1.33280E-02, 3.424877605E-02,10,8,HA10
Bennett5_05,8,H, 1.000E+00,scale, 1.000E-08, 1.000E-01, 1.000E-01,1,10,0,0,3, 3.28050E-02, 1.738727997E-01,17,5,HA10
Bennett5_05,8,H, 1.000E+00,scale, 1.000E-08, 1.000E-01, 1.000E-01,1,1,0,0,2046, 3.11842E+00, 1.157232239E-01,2073,8,HA100
Bennett5_05,8,H, 1.000E+00,scale, 1.000E-08, 1.000E-01, 1.000E-01,1,2,0,0,4, 5.22360E-02, 1.926289068E-02,19,8,HA100
Bennett5_05,8,H, 1.000E+00,scale, 1.000E-08, 1.000E-01, 1.000E-01,1,3,0,0,1038, 1.72802E+00, 1.305897877E-01,1060,7,HA100
Bennett5_05,8,H, 1.000E+00,scale, 1.000E-08, 1.000E-01, 1.000E-01,1,4,0,0,3, 3.64410E-02, 4.069163355E-02,16,8,HA100
Bennett5_05,8,H, 1.000E+00,scale, 1.000E-08, 1.000E-01, 1.000E-01,1,5,0,0,3, 3.97900E-02, 5.802544667E-02,16,8,HA100
Bennett5_05,8,H, 1.000E+00,scale, 1.000E-08, 1.000E-01, 1.000E-01,1,6,0,0,4, 3.53480E-02, 1.263310498E-01,24,5,HA100
Bennett5_05,8,H, 1.000E+00,scale, 1.000E-08, 1.000E-01, 1.000E-01,1,7,0,0,1207, 1.34315E+00, 1.166353602E-01,1220,8,HA100
Bennett5_05,8,H, 1.000E+00,scale, 1.000E-08, 1.000E-01, 1.000E-01,1,8,0,0,221, 3.22666E-01, 1.208568954E-01,246,7,HA100
Bennett5_05,8,H, 1.000E+00,scale, 1.000E-08, 1.000E-01, 1.000E-01,1,9,0,0,2, 3.50020E-02, 3.424877605E-02,10,8,HA100
Bennett5_05,8,H, 1.000E+00,scale, 1.000E-08, 1.000E-01, 1.000E-01,1,10,0,0,3, 3.85190E-02, 4.058672938E-02,16,8,HA100
Bennett5_05,8,H, 1.000E+00,clip, 1.000E-08, 1.000E-01, 1.000E-01,1,1,0,0,393, 2.95558E+00, 1.411186033E-01,557,6,Hc1
Bennett5_05,8,H, 1.000E+00,clip, 1.000E-08, 1.000E-01, 1.000E-01,1,2,0,0,6, 4.84420E-02, 1.697617993E-01,49,5,Hc1
Bennett5_05,8,H, 1.000E+00,clip, 1.000E-08, 1.000E-01, 1.000E-01,1,3,0,0,824, 2.85378E+01, 2.028741427E-01,967,5,Hc1
Bennett5_05,8,H, 1.000E+00,clip, 1.000E-08, 1.000E-01, 1.000E-01,1,4,0,0,7, 7.76740E-02, 8.662983586E-02,56,7,Hc1
Bennett5_05,8,H, 1.000E+00,clip, 1.000E-08, 1.000E-01, 1.000E-01,1,5,0,0,4, 5.22180E-02, 1.838488917E-01,28,5,Hc1
Bennett5_05,8,H, 1.000E+00,clip, 1.000E-08, 1.000E-01, 1.000E-01,1,6,0,0,287, 3.15934E+00, 1.521369744E-01,326,6,Hc1
Bennett5_05,8,H, 1.000E+00,clip, 1.000E-08, 1.000E-01, 1.000E-01,1,7,0,0,795, 2.92842E+01, 2.346283517E-01,827,5,Hc1
Bennett5_05,8,H, 1.000E+00,clip, 1.000E-08, 1.000E-01, 1.000E-01,1,8,0,0,310, 1.76491E+00, 1.371401523E-01,392,6,Hc1
Bennett5_05,8,H, 1.000E+00,clip, 1.000E-08, 1.000E-01, 1.000E-01,1,9,0,0,6, 7.14570E-02, 1.269237111E-01,46,5,Hc1
Bennett5_05,8,H, 1.000E+00,clip, 1.000E-08, 1.000E-01, 1.000E-01,1,10,0,0,9, 6.28150E-02, 1.391041622E-01,34,6,Hc1
Bennett5_05,8,H, 1.000E+01,clip, 1.000E-08, 1.000E-01, 1.000E-01,1,1,0,0,387, 3.08024E+00, 1.397099419E-01,551,6,Hc10
Bennett5_05,8,H, 1.000E+01,clip, 1.000E-08, 1.000E-01, 1.000E-01,1,2,0,0,6, 5.58740E-02, 1.694870845E-01,50,5,Hc10
Bennett5_05,8,H, 1.000E+01,clip, 1.000E-08, 1.000E-01, 1.000E-01,1,3,0,0,595, 1.96282E+01, 1.170094384E-01,746,6,Hc10
Bennett5_05,8,H, 1.000E+01,clip, 1.000E-08, 1.000E-01, 1.000E-01,1,4,0,0,7, 7.28450E-02, 8.682478141E-02,56,7,Hc10
Bennett5_05,8,H, 1.000E+01,clip, 1.000E-08, 1.000E-01, 1.000E-01,1,5,0,0,4, 4.90470E-02, 1.784324194E-01,28,5,Hc10
Bennett5_05,8,H, 1.000E+01,clip, 1.000E-08, 1.000E-01, 1.000E-01,1,6,0,0,296, 3.25801E+00, 1.522404993E-01,335,6,Hc10
Bennett5_05,8,H, 1.000E+01,clip, 1.000E-08, 1.000E-01, 1.000E-01,1,7,0,0,795, 3.04254E+01, 2.327731667E-01,827,5,Hc10
Bennett5_05,8,H, 1.000E+01,clip, 1.000E-08, 1.000E-01, 1.000E-01,1,8,0,0,266, 1.13389E+00, 1.378135608E-01,350,6,Hc10
Bennett5_05,8,H, 1.000E+01,clip, 1.000E-08, 1.000E-01, 1.000E-01,1,9,0,0,6, 7.80970E-02, 1.262556137E-01,46,5,Hc10
Bennett5_05,8,H, 1.000E+01,clip, 1.000E-08, 1.000E-01, 1.000E-01,1,10,0,0,10, 7.80990E-02, 1.390850638E-01,38,6,Hc10
Bennett5_05,8,QN, 1.000E+04,scale, 1.000E-08, 1.000E-01, 1.000E-01,1,1,0,0,1062, 4.77321E+01, 2.289176778E-01,1077,5,QN
Bennett5_05,8,QN, 1.000E+04,scale, 1.000E-08, 1.000E-01, 1.000E-01,1,2,0,0,11, 7.75410E-02, 1.692669927E-01,24,4,QN
Bennett5_05,8,QN, 1.000E+04,scale, 1.000E-08, 1.000E-01, 1.000E-01,1,3,0,0,1351, 5.93660E+01, 2.136401453E-01,1366,5,QN
Bennett5_05,8,QN, 1.000E+04,scale, 1.000E-08, 1.000E-01, 1.000E-01,1,4,0,0,128, 5.00508E-01, 2.492509877E-01,157,4,QN
Bennett5_05,8,QN, 1.000E+04,scale, 1.000E-08, 1.000E-01, 1.000E-01,1,5,0,0,905, 3.89655E+01, 2.473583540E-01,919,4,QN
Bennett5_05,8,QN, 1.000E+04,scale, 1.000E-08, 1.000E-01, 1.000E-01,1,6,0,0,42, 2.72387E-01, 2.690946927E-01,149,4,QN
Bennett5_05,8,QN, 1.000E+04,scale, 1.000E-08, 1.000E-01, 1.000E-01,1,7,0,0,2081, 7.08944E+00, 1.917980831E-01,2219,5,QN
Bennett5_05,8,QN, 1.000E+04,scale, 1.000E-08, 1.000E-01, 1.000E-01,1,8,0,0,1486, 4.01798E+00, 1.414942320E-01,1501,6,QN
Bennett5_05,8,QN, 1.000E+04,scale, 1.000E-08, 1.000E-01, 1.000E-01,1,9,0,0,15, 7.97780E-02, 2.247744053E-01,29,4,QN
Bennett5_05,8,QN, 1.000E+04,scale, 1.000E-08, 1.000E-01, 1.000E-01,1,10,0,0,7, 6.34990E-02, 2.158869971E-01,46,5,QN
Bennett5_05,8,0, 1.000E+00,scale, 1.000E-08, 1.000E-01, 1.000E-01,2,1,0,0,9, 7.87420E-02, 9.554621540E-05,66,8,FO
Bennett5_05,8,0, 1.000E+00,scale, 1.000E-08, 1.000E-01, 1.000E-01,2,2,0,0,415, 1.41957E+01, 2.607630276E-01,565,4,FO
Bennett5_05,8,0, 1.000E+00,scale, 1.000E-08, 1.000E-01, 1.000E-01,2,3,0,0,5, 3.31150E-02, 1.426399385E-01,39,6,FO
Bennett5_05,8,0, 1.000E+00,scale, 1.000E-08, 1.000E-01, 1.000E-01,2,4,0,0,268, 1.46351E+00, 1.857321656E-01,297,5,FO
Bennett5_05,8,0, 1.000E+00,scale, 1.000E-08, 1.000E-01, 1.000E-01,2,5,0,0,10, 6.00090E-02, 2.328525349E-01,75,4,FO
Bennett5_05,8,0, 1.000E+00,scale, 1.000E-08, 1.000E-01, 1.000E-01,2,6,0,0,6, 1.06111E-01, 2.131017785E-01,46,5,FO
Bennett5_05,8,0, 1.000E+00,scale, 1.000E-08, 1.000E-01, 1.000E-01,2,7,0,0,383, 1.49787E+01, 2.258987956E-01,432,5,FO
Bennett5_05,8,0, 1.000E+00,scale, 1.000E-08, 1.000E-01, 1.000E-01,2,8,0,0,6, 4.71360E-02, 2.271055691E-01,42,5,FO
Bennett5_05,8,0, 1.000E+00,scale, 1.000E-08, 1.000E-01, 1.000E-01,2,9,0,0,6, 6.13820E-02, 1.057268079E-01,45,6,FO
Bennett5_05,8,0, 1.000E+00,scale, 1.000E-08, 1.000E-01, 1.000E-01,2,10,0,0,6, 7.60860E-02, 2.214686727E-01,46,4,FO
Bennett5_05,8,GN, 1.000E+04,scale, 1.000E-08, 1.000E-01, 1.000E-01,2,1,0,0,5, 6.93230E-02, 1.805160800E-02,12,8,GN
Bennett5_05,8,GN, 1.000E+04,scale, 1.000E-08, 1.000E-01, 1.000E-01,2,2,0,0,411, 3.73566E+00, 1.468499316E-01,416,6,GN
Bennett5_05,8,GN, 1.000E+04,scale, 1.000E-08, 1.000E-01, 1.000E-01,2,3,0,0,8, 5.27310E-02, 1.348038142E-01,9,5,GN
Bennett5_05,8,GN, 1.000E+04,scale, 1.000E-08, 1.000E-01, 1.000E-01,2,4,0,0,5, 1.19950E-02, 1.477665007E-01,6,6,GN
Bennett5_05,8,GN, 1.000E+04,scale, 1.000E-08, 1.000E-01, 1.000E-01,2,5,0,0,2, 5.49130E-02, 8.286228653E-02,10,8,GN
Bennett5_05,8,GN, 1.000E+04,scale, 1.000E-08, 1.000E-01, 1.000E-01,2,6,0,0,8, 6.69860E-02, 2.691723868E-01,10,4,GN
Bennett5_05,8,GN, 1.000E+04,scale, 1.000E-08, 1.000E-01, 1.000E-01,2,7,0,0,591, 9.37316E-01, 1.471465267E-01,598,7,GN
Bennett5_05,8,GN, 1.000E+04,scale, 1.000E-08, 1.000E-01, 1.000E-01,2,8,0,0,412, 3.11733E+00, 1.813740580E-01,413,5,GN
Bennett5_05,8,GN, 1.000E+04,scale, 1.000E-08, 1.000E-01, 1.000E-01,2,9,0,0,5, 6.18220E-02, 7.025172142E-02,11,7,GN
Bennett5_05,8,GN, 1.000E+04,scale, 1.000E-08, 1.000E-01, 1.000E-01,2,10,0,0,8, 8.11720E-02, 1.968588549E-01,9,5,GN
Bennett5_05,8,GN, 1.000E+00,scale, 1.000E-08, 1.000E-01, 1.000E-01,2,1,0,0,9, 9.15380E-02, 9.486625280E-05,66,8,GN1
Bennett5_05,8,GN, 1.000E+00,scale, 1.000E-08, 1.000E-01, 1.000E-01,2,2,0,0,414, 1.59912E+01, 2.603241174E-01,564,4,GN1
Bennett5_05,8,GN, 1.000E+00,scale, 1.000E-08, 1.000E-01, 1.000E-01,2,3,0,0,5, 3.37270E-02, 1.426572060E-01,39,6,GN1
Bennett5_05,8,GN, 1.000E+00,scale, 1.000E-08, 1.000E-01, 1.000E-01,2,4,0,0,268, 1.60472E+00, 1.854859986E-01,297,5,GN1
Bennett5_05,8,GN, 1.000E+00,scale, 1.000E-08, 1.000E-01, 1.000E-01,2,5,0,0,10, 7.14930E-02, 2.324816558E-01,75,4,GN1
Bennett5_05,8,GN, 1.000E+00,scale, 1.000E-08, 1.000E-01, 1.000E-01,2,6,0,0,6, 1.25820E-01, 2.130527901E-01,46,5,GN1
Bennett5_05,8,GN, 1.000E+00,scale, 1.000E-08, 1.000E-01, 1.000E-01,2,7,0,0,383, 1.63401E+01, 2.258734488E-01,432,5,GN1
Bennett5_05,8,GN, 1.000E+00,scale, 1.000E-08, 1.000E-01, 1.000E-01,2,8,0,0,6, 5.11300E-02, 2.267034282E-01,42,5,GN1
Bennett5_05,8,GN, 1.000E+00,scale, 1.000E-08, 1.000E-01, 1.000E-01,2,9,0,0,6, 6.51190E-02, 1.056211043E-01,47,6,GN1
Bennett5_05,8,GN, 1.000E+00,scale, 1.000E-08, 1.000E-01, 1.000E-01,2,10,0,0,6, 8.40630E-02, 2.213856816E-01,46,4,GN1
Bennett5_05,8,H, 1.000E+04,scale, 1.000E-08, 1.000E-01, 1.000E-01,2,1,0,0,5, 4.93490E-02, 1.081949640E-01,25,5,H
Bennett5_05,8,H, 1.000E+04,scale, 1.000E-08, 1.000E-01, 1.000E-01,2,2,0,0,7, 4.44070E-02, 1.908987889E-01,9,4,H
Bennett5_05,8,H, 1.000E+04,scale, 1.000E-08, 1.000E-01, 1.000E-01,2,3,0,0,8, 5.48810E-02, 9.070287997E-02,9,8,H
Bennett5_05,8,H, 1.000E+04,scale, 1.000E-08, 1.000E-01, 1.000E-01,2,4,0,0,4, 2.32590E-02, 8.929285170E-02,5,8,H
Bennett5_05,8,H, 1.000E+04,scale, 1.000E-08, 1.000E-01, 1.000E-01,2,5,0,0,5, 3.53820E-02, 1.748219021E-01,21,4,H
Bennett5_05,8,H, 1.000E+04,scale, 1.000E-08, 1.000E-01, 1.000E-01,2,6,0,0,8, 6.77530E-02, 1.650206014E-01,9,5,H
Bennett5_05,8,H, 1.000E+04,scale, 1.000E-08, 1.000E-01, 1.000E-01,2,7,0,0,5, 3.68490E-02, 1.212716157E-01,13,6,H
Bennett5_05,8,H, 1.000E+04,scale, 1.000E-08, 1.000E-01, 1.000E-01,2,8,0,0,5, 1.80930E-02, 9.343029918E-02,6,6,H
Bennett5_05,8,H, 1.000E+04,scale, 1.000E-08, 1.000E-01, 1.000E-01,2,9,0,0,4, 5.55400E-02, 7.788459823E-02,12,6,H
Bennett5_05,8,H, 1.000E+04,scale, 1.000E-08, 1.000E-01, 1.000E-01,2,10,0,0,191, 6.28720E-01, 2.644538489E-01,263,4,H
Bennett5_05,8,H, 1.000E-01,scale, 1.000E-08, 1.000E-01, 1.000E-01,2,1,0,0,9, 1.24004E-01, 9.547116700E-05,66,8,H0.1
Bennett5_05,8,H, 1.000E-01,scale, 1.000E-08, 1.000E-01, 1.000E-01,2,2,0,0,415, 1.64551E+01, 2.607171474E-01,565,4,H0.1
Bennett5_05,8,H, 1.000E-01,scale, 1.000E-08, 1.000E-01, 1.000E-01,2,3,0,0,5, 3.49730E-02, 1.426416652E-01,39,6,H0.1
Bennett5_05,8,H, 1.000E-01,scale, 1.000E-08, 1.000E-01, 1.000E-01,2,4,0,0,268, 1.61049E+00, 1.857172467E-01,297,5,H0.1
Bennett5_05,8,H, 1.000E-01,scale, 1.000E-08, 1.000E-01, 1.000E-01,2,5,0,0,10, 5.85350E-02, 2.309972033E-01,74,4,H0.1
Bennett5_05,8,H, 1.000E-01,scale, 1.000E-08, 1.000E-01, 1.000E-01,2,6,0,0,6, 1.12002E-01, 2.130968795E-01,46,5,H0.1
Bennett5_05,8,H, 1.000E-01,scale, 1.000E-08, 1.000E-01, 1.000E-01,2,7,0,0,383, 1.60273E+01, 2.258726800E-01,432,5,H0.1
Bennett5_05,8,H, 1.000E-01,scale, 1.000E-08, 1.000E-01, 1.000E-01,2,8,0,0,6, 5.40910E-02, 2.270653092E-01,42,5,H0.1
Bennett5_05,8,H, 1.000E-01,scale, 1.000E-08, 1.000E-01, 1.000E-01,2,9,0,0,6, 7.33030E-02, 1.057162481E-01,45,6,H0.1
Bennett5_05,8,H, 1.000E-01,scale, 1.000E-08, 1.000E-01, 1.000E-01,2,10,0,0,6, 9.29270E-02, 2.214603739E-01,46,4,H0.1
Bennett5_05,8,H, 1.000E+00,scale, 1.000E-08, 1.000E-01, 1.000E-01,2,1,0,0,9, 1.10034E-01, 9.479779957E-05,66,8,H1
Bennett5_05,8,H, 1.000E+00,scale, 1.000E-08, 1.000E-01, 1.000E-01,2,2,0,0,414, 1.63689E+01, 2.603241477E-01,564,4,H1
Bennett5_05,8,H, 1.000E+00,scale, 1.000E-08, 1.000E-01, 1.000E-01,2,3,0,0,5, 3.37220E-02, 1.426572058E-01,39,6,H1
Bennett5_05,8,H, 1.000E+00,scale, 1.000E-08, 1.000E-01, 1.000E-01,2,4,0,0,268, 1.52844E+00, 1.854862512E-01,297,5,H1
Bennett5_05,8,H, 1.000E+00,scale, 1.000E-08, 1.000E-01, 1.000E-01,2,5,0,0,10, 5.96280E-02, 2.301828245E-01,75,4,H1
Bennett5_05,8,H, 1.000E+00,scale, 1.000E-08, 1.000E-01, 1.000E-01,2,6,0,0,6, 1.03825E-01, 2.130527900E-01,46,5,H1
Bennett5_05,8,H, 1.000E+00,scale, 1.000E-08, 1.000E-01, 1.000E-01,2,7,0,0,346, 1.34306E+01, 2.167379161E-01,395,5,H1
Bennett5_05,8,H, 1.000E+00,scale, 1.000E-08, 1.000E-01, 1.000E-01,2,8,0,0,6, 4.83180E-02, 2.267034282E-01,42,5,H1
Bennett5_05,8,H, 1.000E+00,scale, 1.000E-08, 1.000E-01, 1.000E-01,2,9,0,0,6, 6.02550E-02, 1.056211005E-01,45,6,H1
Bennett5_05,8,H, 1.000E+00,scale, 1.000E-08, 1.000E-01, 1.000E-01,2,10,0,0,6, 8.01590E-02, 2.213856811E-01,46,4,H1
Bennett5_05,8,H, 1.000E+01,scale, 1.000E-08, 1.000E-01, 1.000E-01,2,1,0,0,9, 1.22030E-01, 8.710340698E-05,66,8,H10
Bennett5_05,8,H, 1.000E+01,scale, 1.000E-08, 1.000E-01, 1.000E-01,2,2,0,0,407, 1.64328E+01, 2.569261070E-01,557,4,H10
Bennett5_05,8,H, 1.000E+01,scale, 1.000E-08, 1.000E-01, 1.000E-01,2,3,0,0,5, 3.24100E-02, 1.428126652E-01,39,6,H10
Bennett5_05,8,H, 1.000E+01,scale, 1.000E-08, 1.000E-01, 1.000E-01,2,4,0,0,267, 1.56772E+00, 1.833360323E-01,296,5,H10
Bennett5_05,8,H, 1.000E+01,scale, 1.000E-08, 1.000E-01, 1.000E-01,2,5,0,0,10, 6.80010E-02, 2.194400957E-01,75,4,H10
Bennett5_05,8,H, 1.000E+01,scale, 1.000E-08, 1.000E-01, 1.000E-01,2,6,0,0,6, 1.11947E-01, 2.126120481E-01,46,5,H10
Bennett5_05,8,H, 1.000E+01,scale, 1.000E-08, 1.000E-01, 1.000E-01,2,7,0,0,337, 1.46807E+01, 2.150285642E-01,386,5,H10
Bennett5_05,8,H, 1.000E+01,scale, 1.000E-08, 1.000E-01, 1.000E-01,2,8,0,0,6, 5.86920E-02, 2.229263130E-01,42,5,H10
Bennett5_05,8,H, 1.000E+01,scale, 1.000E-08, 1.000E-01, 1.000E-01,2,9,0,0,6, 7.37060E-02, 1.077418763E-01,46,6,H10
Bennett5_05,8,H, 1.000E+01,scale, 1.000E-08, 1.000E-01, 1.000E-01,2,10,0,0,6, 8.14940E-02, 2.206384455E-01,46,4,H10
Bennett5_05,8,H, 1.000E+02,scale, 1.000E-08, 1.000E-01, 1.000E-01,2,1,0,0,9, 1.67200E-01, 3.714959302E-05,66,8,H100
Bennett5_05,8,H, 1.000E+02,scale, 1.000E-08, 1.000E-01, 1.000E-01,2,2,0,0,31, 1.42978E-01, 1.112092957E-01,245,6,H100
Bennett5_05,8,H, 1.000E+02,scale, 1.000E-08, 1.000E-01, 1.000E-01,2,3,0,0,5, 4.10120E-02, 1.443725642E-01,39,6,H100
Bennett5_05,8,H, 1.000E+02,scale, 1.000E-08, 1.000E-01, 1.000E-01,2,4,0,0,285, 2.88255E+00, 1.471088759E-01,314,6,H100
Bennett5_05,8,H, 1.000E+02,scale, 1.000E-08, 1.000E-01, 1.000E-01,2,5,0,0,10, 1.05489E-01, 1.455121878E-01,76,5,H100
Bennett5_05,8,H, 1.000E+02,scale, 1.000E-08, 1.000E-01, 1.000E-01,2,6,0,0,6, 9.61900E-02, 2.086649956E-01,46,5,H100
Bennett5_05,8,H, 1.000E+02,scale, 1.000E-08, 1.000E-01, 1.000E-01,2,7,0,0,559, 1.23226E+00, 1.506598654E-01,615,6,H100
Bennett5_05,8,H, 1.000E+02,scale, 1.000E-08, 1.000E-01, 1.000E-01,2,8,0,0,6, 5.85140E-02, 1.641302414E-01,42,5,H100
Bennett5_05,8,H, 1.000E+02,scale, 1.000E-08, 1.000E-01, 1.000E-01,2,9,0,0,6, 9.48360E-02, 9.971333314E-02,46,6,H100
Bennett5_05,8,H, 1.000E+02,scale, 1.000E-08, 1.000E-01, 1.000E-01,2,10,0,0,6, 9.11170E-02, 2.147884681E-01,46,4,H100
Bennett5_05,8,H, 1.000E+00,scale, 1.000E-08, 1.000E-01, 1.000E-01,2,1,0,0,6, 5.77670E-02, 3.338193733E-02,42,8,HA1
Bennett5_05,8,H, 1.000E+00,scale, 1.000E-08, 1.000E-01, 1.000E-01,2,2,0,0,79, 1.09293E-01, 1.460757008E-01,94,6,HA1
Bennett5_05,8,H, 1.000E+00,scale, 1.000E-08, 1.000E-01, 1.000E-01,2,3,0,0,2, 4.10180E-02, 6.375418377E-02,10,8,HA1
Bennett5_05,8,H, 1.000E+00,scale, 1.000E-08, 1.000E-01, 1.000E-01,2,4,0,0,4, 6.77400E-03, 1.158337609E-01,26,7,HA1
Bennett5_05,8,H, 1.000E+00,scale, 1.000E-08, 1.000E-01, 1.000E-01,2,5,0,0,4, 3.44810E-02, 1.222709136E-01,26,5,HA1
Bennett5_05,8,H, 1.000E+00,scale, 1.000E-08, 1.000E-01, 1.000E-01,2,6,0,0,2, 4.19780E-02, 9.383417732E-02,11,7,HA1
Bennett5_05,8,H, 1.000E+00,scale, 1.000E-08, 1.000E-01, 1.000E-01,2,7,0,0,4, 1.68560E-02, 9.223283689E-02,25,8,HA1
Bennett5_05,8,H, 1.000E+00,scale, 1.000E-08, 1.000E-01, 1.000E-01,2,8,0,0,4, 8.74300E-03, 1.065679040E-01,29,7,HA1
Bennett5_05,8,H, 1.000E+00,scale, 1.000E-08, 1.000E-01, 1.000E-01,2,9,0,0,4, 4.21560E-02, 5.600441140E-02,26,8,HA1
Bennett5_05,8,H, 1.000E+00,scale, 1.000E-08, 1.000E-01, 1.000E-01,2,10,0,0,4, 3.23970E-02, 2.490379121E-02,25,8,HA1
Bennett5_05,8,H, 1.000E+00,scale, 1.000E-08, 1.000E-01, 1.000E-01,2,1,0,0,6, 7.51910E-02, 4.913030742E-05,38,8,HA10
Bennett5_05,8,H, 1.000E+00,scale, 1.000E-08, 1.000E-01, 1.000E-01,2,2,0,0,260, 9.51662E+00, 2.268517069E-01,273,5,HA10
Bennett5_05,8,H, 1.000E+00,scale, 1.000E-08, 1.000E-01, 1.000E-01,2,3,0,0,2, 3.66780E-02, 1.872963168E-02,9,8,HA10
Bennett5_05,8,H, 1.000E+00,scale, 1.000E-08, 1.000E-01, 1.000E-01,2,4,0,0,3, 3.66730E-02, 4.569604140E-02,16,8,HA10
Bennett5_05,8,H, 1.000E+00,scale, 1.000E-08, 1.000E-01, 1.000E-01,2,5,0,0,6, 5.48600E-02, 4.349678547E-04,38,8,HA10
Bennett5_05,8,H, 1.000E+00,scale, 1.000E-08, 1.000E-01, 1.000E-01,2,6,0,0,2, 3.33870E-02, 2.610516705E-01,11,4,HA10
Bennett5_05,8,H, 1.000E+00,scale, 1.000E-08, 1.000E-01, 1.000E-01,2,7,0,0,4, 3.76400E-02, 8.748986492E-02,23,8,HA10
Bennett5_05,8,H, 1.000E+00,scale, 1.000E-08, 1.000E-01, 1.000E-01,2,8,0,0,3, 4.51670E-02, 1.185015896E-01,16,6,HA10
Bennett5_05,8,H, 1.000E+00,scale, 1.000E-08, 1.000E-01, 1.000E-01,2,9,0,0,3, 2.60920E-02, 8.856673889E-03,17,8,HA10
Bennett5_05,8,H, 1.000E+00,scale, 1.000E-08, 1.000E-01, 1.000E-01,2,10,0,0,4, 3.39870E-02, 1.428436324E-02,23,8,HA10
Bennett5_05,8,H, 1.000E+00,scale, 1.000E-08, 1.000E-01, 1.000E-01,2,1,0,0,12, 7.66480E-02, 1.632338424E-01,63,5,HA100
Bennett5_05,8,H, 1.000E+00,scale, 1.000E-08, 1.000E-01, 1.000E-01,2,2,0,0,255, 3.27572E-01, 1.101577627E-01,270,8,HA100
Bennett5_05,8,H, 1.000E+00,scale, 1.000E-08, 1.000E-01, 1.000E-01,2,3,0,0,2, 2.01080E-02, 1.297732843E-01,8,5,HA100
Bennett5_05,8,H, 1.000E+00,scale, 1.000E-08, 1.000E-01, 1.000E-01,2,4,0,0,40, 1.22826E-01, 5.151024002E-02,198,8,HA100
Bennett5_05,8,H, 1.000E+00,scale, 1.000E-08, 1.000E-01, 1.000E-01,2,5,0,0,5, 5.91090E-02, 2.351162146E-02,29,8,HA100
Bennett5_05,8,H, 1.000E+00,scale, 1.000E-08, 1.000E-01, 1.000E-01,2,6,0,0,3, 4.70950E-02, 3.478613429E-02,14,8,HA100
Bennett5_05,8,H, 1.000E+00,scale, 1.000E-08, 1.000E-01, 1.000E-01,2,7,0,0,260, 2.78496E+00, 1.073013903E-01,285,8,HA100
Bennett5_05,8,H, 1.000E+00,scale, 1.000E-08, 1.000E-01, 1.000E-01,2,8,0,0,4, 3.09730E-02, 7.890463862E-02,19,8,HA100
Bennett5_05,8,H, 1.000E+00,scale, 1.000E-08, 1.000E-01, 1.000E-01,2,9,0,0,4, 1.80120E-02, 1.350791410E-01,21,5,HA100
Bennett5_05,8,H, 1.000E+00,scale, 1.000E-08, 1.000E-01, 1.000E-01,2,10,0,0,4, 5.52860E-02, 2.917116238E-02,21,8,HA100
Bennett5_05,8,H, 1.000E+00,clip, 1.000E-08, 1.000E-01, 1.000E-01,2,1,0,0,9, 1.27839E-01, 9.479779958E-05,66,8,Hc1
Bennett5_05,8,H, 1.000E+00,clip, 1.000E-08, 1.000E-01, 1.000E-01,2,2,0,0,424, 1.70583E+01, 2.603138329E-01,574,4,Hc1
Bennett5_05,8,H, 1.000E+00,clip, 1.000E-08, 1.000E-01, 1.000E-01,2,3,0,0,5, 3.47710E-02, 1.426572057E-01,39,6,Hc1
Bennett5_05,8,H, 1.000E+00,clip, 1.000E-08, 1.000E-01, 1.000E-01,2,4,0,0,274, 1.74321E+00, 1.855742580E-01,303,5,Hc1
Bennett5_05,8,H, 1.000E+00,clip, 1.000E-08, 1.000E-01, 1.000E-01,2,5,0,0,10, 6.91030E-02, 2.301828245E-01,75,4,Hc1
Bennett5_05,8,H, 1.000E+00,clip, 1.000E-08, 1.000E-01, 1.000E-01,2,6,0,0,6, 1.13415E-01, 2.130527899E-01,46,5,Hc1
Bennett5_05,8,H, 1.000E+00,clip, 1.000E-08, 1.000E-01, 1.000E-01,2,7,0,0,354, 1.53717E+01, 2.167291743E-01,403,5,Hc1
Bennett5_05,8,H, 1.000E+00,clip, 1.000E-08, 1.000E-01, 1.000E-01,2,8,0,0,6, 4.95810E-02, 2.267034282E-01,42,5,Hc1
Bennett5_05,8,H, 1.000E+00,clip, 1.000E-08, 1.000E-01, 1.000E-01,2,9,0,0,6, 5.21550E-02, 1.056211005E-01,45,6,Hc1
Bennett5_05,8,H, 1.000E+00,clip, 1.000E-08, 1.000E-01, 1.000E-01,2,10,0,0,6, 8.89780E-02, 2.213856810E-01,46,4,Hc1
Bennett5_05,8,H, 1.000E+01,clip, 1.000E-08, 1.000E-01, 1.000E-01,2,1,0,0,9, 1.24348E-01, 8.710340699E-05,66,8,Hc10
Bennett5_05,8,H, 1.000E+01,clip, 1.000E-08, 1.000E-01, 1.000E-01,2,2,0,0,416, 1.75748E+01, 2.569315334E-01,566,4,Hc10
Bennett5_05,8,H, 1.000E+01,clip, 1.000E-08, 1.000E-01, 1.000E-01,2,3,0,0,5, 3.43280E-02, 1.428126651E-01,39,6,Hc10
Bennett5_05,8,H, 1.000E+01,clip, 1.000E-08, 1.000E-01, 1.000E-01,2,4,0,0,273, 1.60668E+00, 1.834305266E-01,302,5,Hc10
Bennett5_05,8,H, 1.000E+01,clip, 1.000E-08, 1.000E-01, 1.000E-01,2,5,0,0,10, 7.04570E-02, 2.194400957E-01,76,4,Hc10
Bennett5_05,8,H, 1.000E+01,clip, 1.000E-08, 1.000E-01, 1.000E-01,2,6,0,0,6, 1.13836E-01, 2.126120486E-01,46,5,Hc10
Bennett5_05,8,H, 1.000E+01,clip, 1.000E-08, 1.000E-01, 1.000E-01,2,7,0,0,345, 1.46876E+01, 2.150200616E-01,394,5,Hc10
Bennett5_05,8,H, 1.000E+01,clip, 1.000E-08, 1.000E-01, 1.000E-01,2,8,0,0,6, 5.32730E-02, 2.229263130E-01,42,5,Hc10
Bennett5_05,8,H, 1.000E+01,clip, 1.000E-08, 1.000E-01, 1.000E-01,2,9,0,0,6, 6.95230E-02, 1.077418763E-01,42,6,Hc10
Bennett5_05,8,H, 1.000E+01,clip, 1.000E-08, 1.000E-01, 1.000E-01,2,10,0,0,6, 8.50740E-02, 2.206384462E-01,46,4,Hc10
Bennett5_05,8,QN, 1.000E+04,scale, 1.000E-08, 1.000E-01, 1.000E-01,2,1,0,0,251, 1.12927E+01, 1.131842411E-04,272,8,QN
Bennett5_05,8,QN, 1.000E+04,scale, 1.000E-08, 1.000E-01, 1.000E-01,2,2,0,0,6, 8.13410E-02, 2.048317309E-01,14,5,QN
Bennett5_05,8,QN, 1.000E+04,scale, 1.000E-08, 1.000E-01, 1.000E-01,2,3,0,0,7, 5.78450E-02, 1.673032820E-01,16,5,QN
Bennett5_05,8,QN, 1.000E+04,scale, 1.000E-08, 1.000E-01, 1.000E-01,2,4,0,0,4, 4.51010E-02, 5.725923475E-02,12,8,QN
Bennett5_05,8,QN, 1.000E+04,scale, 1.000E-08, 1.000E-01, 1.000E-01,2,5,0,0,6, 6.02410E-02, 1.662390815E-01,28,5,QN
Bennett5_05,8,QN, 1.000E+04,scale, 1.000E-08, 1.000E-01, 1.000E-01,2,6,0,0,10, 7.70780E-02, 2.047017867E-01,18,5,QN
Bennett5_05,8,QN, 1.000E+04,scale, 1.000E-08, 1.000E-01, 1.000E-01,2,7,0,0,889, 3.95976E+01, 2.253756073E-01,903,5,QN
Bennett5_05,8,QN, 1.000E+04,scale, 1.000E-08, 1.000E-01, 1.000E-01,2,8,0,0,4, 6.54340E-02, 9.731274927E-02,13,8,QN
Bennett5_05,8,QN, 1.000E+04,scale, 1.000E-08, 1.000E-01, 1.000E-01,2,9,0,0,9310, 4.31083E+02, 3.600760478E-03,9318,8,QN
Bennett5_05,8,QN, 1.000E+04,scale, 1.000E-08, 1.000E-01, 1.000E-01,2,10,0,0,11, 5.19740E-02, 1.529463467E-01,19,6,QN
Bennett5_10,15,0, 1.000E+00,scale, 1.000E-08, 1.000E-01, 1.000E-01,1,1,0,0,511, 4.16643E+00, 2.120528575E-01,617,8,FO
Bennett5_10,15,0, 1.000E+00,scale, 1.000E-08, 1.000E-01, 1.000E-01,1,2,0,0,6, 3.97660E-02, 1.667832829E-01,46,8,FO
Bennett5_10,15,0, 1.000E+00,scale, 1.000E-08, 1.000E-01, 1.000E-01,1,3,0,0,572, 4.02977E+00, 2.128635811E-01,678,8,FO
Bennett5_10,15,0, 1.000E+00,scale, 1.000E-08, 1.000E-01, 1.000E-01,1,4,0,0,5, 5.02140E-02, 1.192699422E-01,39,13,FO
Bennett5_10,15,0, 1.000E+00,scale, 1.000E-08, 1.000E-01, 1.000E-01,1,5,0,0,5, 8.31010E-02, 1.134597665E-01,40,13,FO
Bennett5_10,15,0, 1.000E+00,scale, 1.000E-08, 1.000E-01, 1.000E-01,1,6,0,0,80, 8.80539E-01, 2.193669491E-01,119,8,FO
Bennett5_10,15,0, 1.000E+00,scale, 1.000E-08, 1.000E-01, 1.000E-01,1,7,0,0,6, 4.87670E-02, 1.185486315E-01,46,13,FO
Bennett5_10,15,0, 1.000E+00,scale, 1.000E-08, 1.000E-01, 1.000E-01,1,8,0,0,250, 1.11192E+00, 2.215244841E-01,272,8,FO
Bennett5_10,15,0, 1.000E+00,scale, 1.000E-08, 1.000E-01, 1.000E-01,1,9,0,0,6, 6.97970E-02, 1.171507052E-01,49,13,FO
Bennett5_10,15,0, 1.000E+00,scale, 1.000E-08, 1.000E-01, 1.000E-01,1,10,0,0,3, 1.51110E-02, 1.699097480E-01,19,10,FO
Bennett5_10,15,GN, 1.000E+04,scale, 1.000E-08, 1.000E-01, 1.000E-01,1,1,0,0,589, 1.00224E+01, 2.368081547E-01,590,8,GN
Bennett5_10,15,GN, 1.000E+04,scale, 1.000E-08, 1.000E-01, 1.000E-01,1,2,0,0,9, 5.47650E-02, 9.026624677E-02,10,13,GN
Bennett5_10,15,GN, 1.000E+04,scale, 1.000E-08, 1.000E-01, 1.000E-01,1,3,0,0,1746, 5.90186E+00, 1.964095008E-01,1747,10,GN
Bennett5_10,15,GN, 1.000E+04,scale, 1.000E-08, 1.000E-01, 1.000E-01,1,4,0,0,7, 2.88900E-02, 2.339982656E-01,41,7,GN
Bennett5_10,15,GN, 1.000E+04,scale, 1.000E-08, 1.000E-01, 1.000E-01,1,5,0,0,79, 2.00837E-01, 1.969361089E-01,80,10,GN
Bennett5_10,15,GN, 1.000E+04,scale, 1.000E-08, 1.000E-01, 1.000E-01,1,6,0,0,417, 8.44325E+00, 2.461815813E-01,435,7,GN
Bennett5_10,15,GN, 1.000E+04,scale, 1.000E-08, 1.000E-01, 1.000E-01,1,7,0,0,722, 9.74723E+00, 2.341904056E-01,812,8,GN
Bennett5_10,15,GN, 1.000E+04,scale, 1.000E-08, 1.000E-01, 1.000E-01,1,8,0,0,125, 2.70512E-01, 1.987214127E-01,131,10,GN
Bennett5_10,15,GN, 1.000E+04,scale, 1.000E-08, 1.000E-01, 1.000E-01,1,9,0,0,13, 9.61920E-02, 1.717444163E-01,19,9,GN
Bennett5_10,15,GN, 1.000E+04,scale, 1.000E-08, 1.000E-01, 1.000E-01,1,10,0,0,442, 8.74210E+00, 2.686841398E-01,576,7,GN
Bennett5_10,15,GN, 1.000E+00,scale, 1.000E-08, 1.000E-01, 1.000E-01,1,1,0,0,513, 5.24574E+00, 2.117703375E-01,619,8,GN1
Bennett5_10,15,GN, 1.000E+00,scale, 1.000E-08, 1.000E-01, 1.000E-01,1,2,0,0,6, 4.85860E-02, 1.667483665E-01,47,8,GN1
Bennett5_10,15,GN, 1.000E+00,scale, 1.000E-08, 1.000E-01, 1.000E-01,1,3,0,0,573, 4.53101E+00, 2.126169272E-01,679,8,GN1
Bennett5_10,15,GN, 1.000E+00,scale, 1.000E-08, 1.000E-01, 1.000E-01,1,4,0,0,5, 4.78660E-02, 1.193196657E-01,37,13,GN1
Bennett5_10,15,GN, 1.000E+00,scale, 1.000E-08, 1.000E-01, 1.000E-01,1,5,0,0,5, 8.82070E-02, 1.131925911E-01,40,13,GN1
Bennett5_10,15,GN, 1.000E+00,scale, 1.000E-08, 1.000E-01, 1.000E-01,1,6,0,0,95, 1.26745E+00, 2.189309706E-01,134,8,GN1
Bennett5_10,15,GN, 1.000E+00,scale, 1.000E-08, 1.000E-01, 1.000E-01,1,7,0,0,6, 4.99560E-02, 1.184564762E-01,46,13,GN1
Bennett5_10,15,GN, 1.000E+00,scale, 1.000E-08, 1.000E-01, 1.000E-01,1,8,0,0,233, 1.05551E+00, 2.228179866E-01,255,8,GN1
Bennett5_10,15,GN, 1.000E+00,scale, 1.000E-08, 1.000E-01, 1.000E-01,1,9,0,0,6, 7.02360E-02, 1.170712218E-01,49,13,GN1
Bennett5_10,15,GN, 1.000E+00,scale, 1.000E-08, 1.000E-01, 1.000E-01,1,10,0,0,3, 1.43050E-02, 1.710573635E-01,19,10,GN1
Bennett5_10,15,H, 1.000E+04,scale, 1.000E-08, 1.000E-01, 1.000E-01,1,1,0,0,5, 3.13290E-02, 1.377673271E-01,13,11,H
Bennett5_10,15,H, 1.000E+04,scale, 1.000E-08, 1.000E-01, 1.000E-01,1,2,0,0,21, 5.94810E-02, 1.280509895E-01,112,11,H
Bennett5_10,15,H, 1.000E+04,scale, 1.000E-08, 1.000E-01, 1.000E-01,1,3,0,0,26, 6.73196E-01, 2.019791123E-01,36,8,H
Bennett5_10,15,H, 1.000E+04,scale, 1.000E-08, 1.000E-01, 1.000E-01,1,4,0,0,7, 3.21180E-02, 2.405655283E-01,46,7,H
Bennett5_10,15,H, 1.000E+04,scale, 1.000E-08, 1.000E-01, 1.000E-01,1,5,0,0,554, 8.51696E+00, 2.286841011E-01,562,8,H
Bennett5_10,15,H, 1.000E+04,scale, 1.000E-08, 1.000E-01, 1.000E-01,1,6,0,0,27, 1.52575E-01, 1.977612925E-01,76,8,H
Bennett5_10,15,H, 1.000E+04,scale, 1.000E-08, 1.000E-01, 1.000E-01,1,7,0,0,2, 2.39800E-03, 1.437875663E-01,10,13,H
Bennett5_10,15,H, 1.000E+04,scale, 1.000E-08, 1.000E-01, 1.000E-01,1,8,0,0,536, 8.11362E+00, 2.166138711E-01,551,8,H
Bennett5_10,15,H, 1.000E+04,scale, 1.000E-08, 1.000E-01, 1.000E-01,1,9,0,0,2, 3.96570E-02, 7.919768471E-02,11,15,H
Bennett5_10,15,H, 1.000E+04,scale, 1.000E-08, 1.000E-01, 1.000E-01,1,10,0,0,421, 8.41664E+00, 2.625002784E-01,460,7,H
Bennett5_10,15,H, 1.000E-01,scale, 1.000E-08, 1.000E-01, 1.000E-01,1,1,0,0,511, 4.34584E+00, 2.120143857E-01,617,8,H0.1
Bennett5_10,15,H, 1.000E-01,scale, 1.000E-08, 1.000E-01, 1.000E-01,1,2,0,0,6, 4.57260E-02, 1.667797915E-01,46,8,H0.1
Bennett5_10,15,H, 1.000E-01,scale, 1.000E-08, 1.000E-01, 1.000E-01,1,3,0,0,572, 4.16464E+00, 2.128348474E-01,678,8,H0.1
Bennett5_10,15,H, 1.000E-01,scale, 1.000E-08, 1.000E-01, 1.000E-01,1,4,0,0,5, 5.48940E-02, 1.192749165E-01,45,13,H0.1
Bennett5_10,15,H, 1.000E-01,scale, 1.000E-08, 1.000E-01, 1.000E-01,1,5,0,0,5, 8.76480E-02, 1.134330364E-01,40,13,H0.1
Bennett5_10,15,H, 1.000E-01,scale, 1.000E-08, 1.000E-01, 1.000E-01,1,6,0,0,80, 1.00001E+00, 2.193697523E-01,119,8,H0.1
Bennett5_10,15,H, 1.000E-01,scale, 1.000E-08, 1.000E-01, 1.000E-01,1,7,0,0,6, 4.98220E-02, 1.185394155E-01,46,13,H0.1
Bennett5_10,15,H, 1.000E-01,scale, 1.000E-08, 1.000E-01, 1.000E-01,1,8,0,0,249, 1.18548E+00, 2.215555477E-01,271,8,H0.1
Bennett5_10,15,H, 1.000E-01,scale, 1.000E-08, 1.000E-01, 1.000E-01,1,9,0,0,6, 8.09080E-02, 1.171427566E-01,47,13,H0.1
Bennett5_10,15,H, 1.000E-01,scale, 1.000E-08, 1.000E-01, 1.000E-01,1,10,0,0,3, 1.58290E-02, 1.699105157E-01,19,10,H0.1
Bennett5_10,15,H, 1.000E+00,scale, 1.000E-08, 1.000E-01, 1.000E-01,1,1,0,0,513, 4.67428E+00, 2.117649090E-01,619,8,H1
Bennett5_10,15,H, 1.000E+00,scale, 1.000E-08, 1.000E-01, 1.000E-01,1,2,0,0,6, 4.24970E-02, 1.667483666E-01,47,8,H1
Bennett5_10,15,H, 1.000E+00,scale, 1.000E-08, 1.000E-01, 1.000E-01,1,3,0,0,573, 4.37546E+00, 2.126200701E-01,679,8,H1
Bennett5_10,15,H, 1.000E+00,scale, 1.000E-08, 1.000E-01, 1.000E-01,1,4,0,0,5, 4.67700E-02, 1.193196656E-01,37,13,H1
Bennett5_10,15,H, 1.000E+00,scale, 1.000E-08, 1.000E-01, 1.000E-01,1,5,0,0,5, 1.95688E-01, 1.131926011E-01,47,13,H1
Bennett5_10,15,H, 1.000E+00,scale, 1.000E-08, 1.000E-01, 1.000E-01,1,6,0,0,80, 1.03590E+00, 2.193827551E-01,119,8,H1
Bennett5_10,15,H, 1.000E+00,scale, 1.000E-08, 1.000E-01, 1.000E-01,1,7,0,0,6, 4.82210E-02, 1.184564769E-01,46,13,H1
Bennett5_10,15,H, 1.000E+00,scale, 1.000E-08, 1.000E-01, 1.000E-01,1,8,0,0,239, 1.04870E+00, 2.223002219E-01,261,8,H1
Bennett5_10,15,H, 1.000E+00,scale, 1.000E-08, 1.000E-01, 1.000E-01,1,9,0,0,6, 7.56910E-02, 1.170712217E-01,47,13,H1
Bennett5_10,15,H, 1.000E+00,scale, 1.000E-08, 1.000E-01, 1.000E-01,1,10,0,0,3, 1.79660E-02, 1.699174185E-01,19,10,H1
Bennett5_10,15,H, 1.000E+01,scale, 1.000E-08, 1.000E-01, 1.000E-01,1,1,0,0,555, 4.59866E+00, 2.065485268E-01,661,8,H10
Bennett5_10,15,H, 1.000E+01,scale, 1.000E-08, 1.000E-01, 1.000E-01,1,2,0,0,6, 4.52620E-02, 1.664339228E-01,46,8,H10
Bennett5_10,15,H, 1.000E+01,scale, 1.000E-08, 1.000E-01, 1.000E-01,1,3,0,0,468, 3.85083E+00, 2.356840804E-01,560,8,H10
Bennett5_10,15,H, 1.000E+01,scale, 1.000E-08, 1.000E-01, 1.000E-01,1,4,0,0,5, 3.52190E-02, 1.197652461E-01,38,13,H10
Bennett5_10,15,H, 1.000E+01,scale, 1.000E-08, 1.000E-01, 1.000E-01,1,5,0,0,5, 9.61240E-02, 1.112394762E-01,41,13,H10
Bennett5_10,15,H, 1.000E+01,scale, 1.000E-08, 1.000E-01, 1.000E-01,1,6,0,0,85, 1.07520E+00, 2.192481828E-01,124,8,H10
Bennett5_10,15,H, 1.000E+01,scale, 1.000E-08, 1.000E-01, 1.000E-01,1,7,0,0,6, 5.95100E-02, 1.176276571E-01,46,13,H10
Bennett5_10,15,H, 1.000E+01,scale, 1.000E-08, 1.000E-01, 1.000E-01,1,8,0,0,432, 3.95068E+00, 2.184704922E-01,454,8,H10
Bennett5_10,15,H, 1.000E+01,scale, 1.000E-08, 1.000E-01, 1.000E-01,1,9,0,0,6, 8.03310E-02, 1.167808656E-01,46,13,H10
Bennett5_10,15,H, 1.000E+01,scale, 1.000E-08, 1.000E-01, 1.000E-01,1,10,0,0,3, 1.96930E-02, 1.699865128E-01,19,10,H10
Bennett5_10,15,H, 1.000E+02,scale, 1.000E-08, 1.000E-01, 1.000E-01,1,1,0,0,601, 5.38367E+00, 1.995858330E-01,693,8,H100
Bennett5_10,15,H, 1.000E+02,scale, 1.000E-08, 1.000E-01, 1.000E-01,1,2,0,0,6, 6.78080E-02, 1.632705592E-01,46,8,H100
Bennett5_10,15,H, 1.000E+02,scale, 1.000E-08, 1.000E-01, 1.000E-01,1,3,0,0,446, 3.75044E+00, 2.201742950E-01,524,8,H100
Bennett5_10,15,H, 1.000E+02,scale, 1.000E-08, 1.000E-01, 1.000E-01,1,4,0,0,5, 3.94160E-02, 1.219728298E-01,38,13,H100
Bennett5_10,15,H, 1.000E+02,scale, 1.000E-08, 1.000E-01, 1.000E-01,1,5,0,0,4, 5.18580E-02, 1.830513520E-01,29,8,H100
Bennett5_10,15,H, 1.000E+02,scale, 1.000E-08, 1.000E-01, 1.000E-01,1,6,0,0,143, 2.68532E+00, 2.178218661E-01,182,8,H100
Bennett5_10,15,H, 1.000E+02,scale, 1.000E-08, 1.000E-01, 1.000E-01,1,7,0,0,6, 5.67020E-02, 1.115132192E-01,46,13,H100
Bennett5_10,15,H, 1.000E+02,scale, 1.000E-08, 1.000E-01, 1.000E-01,1,8,0,0,3, 3.28990E-02, 1.839207591E-01,18,9,H100
Bennett5_10,15,H, 1.000E+02,scale, 1.000E-08, 1.000E-01, 1.000E-01,1,9,0,0,6, 9.69430E-02, 1.122816016E-01,46,13,H100
Bennett5_10,15,H, 1.000E+02,scale, 1.000E-08, 1.000E-01, 1.000E-01,1,10,0,0,3, 1.75180E-02, 1.706763996E-01,19,10,H100
Bennett5_10,15,H, 1.000E+00,scale, 1.000E-08, 1.000E-01, 1.000E-01,1,1,0,0,4, 5.07300E-03, 1.454994680E-01,27,14,HA1
Bennett5_10,15,H, 1.000E+00,scale, 1.000E-08, 1.000E-01, 1.000E-01,1,2,0,0,3, 3.84440E-02, 2.731200735E-02,18,15,HA1
Bennett5_10,15,H, 1.000E+00,scale, 1.000E-08, 1.000E-01, 1.000E-01,1,3,0,0,5, 1.31980E-02, 1.120667878E-01,37,13,HA1
Bennett5_10,15,H, 1.000E+00,scale, 1.000E-08, 1.000E-01, 1.000E-01,1,4,0,0,4, 2.62190E-02, 1.969793555E-01,26,8,HA1
Bennett5_10,15,H, 1.000E+00,scale, 1.000E-08, 1.000E-01, 1.000E-01,1,5,0,0,3, 1.23070E-02, 6.024097578E-02,28,15,HA1
Bennett5_10,15,H, 1.000E+00,scale, 1.000E-08, 1.000E-01, 1.000E-01,1,6,0,0,5, 2.74250E-02, 7.936208902E-02,36,15,HA1
Bennett5_10,15,H, 1.000E+00,scale, 1.000E-08, 1.000E-01, 1.000E-01,1,7,0,0,2, 2.76200E-03, 1.437875806E-01,10,13,HA1
Bennett5_10,15,H, 1.000E+00,scale, 1.000E-08, 1.000E-01, 1.000E-01,1,8,0,0,5, 7.46700E-03, 1.217572409E-01,38,14,HA1
Bennett5_10,15,H, 1.000E+00,scale, 1.000E-08, 1.000E-01, 1.000E-01,1,9,0,0,2, 2.54990E-02, 7.919768471E-02,11,15,HA1
Bennett5_10,15,H, 1.000E+00,scale, 1.000E-08, 1.000E-01, 1.000E-01,1,10,0,0,3, 3.33400E-02, 8.994650474E-02,18,13,HA1
Bennett5_10,15,H, 1.000E+00,scale, 1.000E-08, 1.000E-01, 1.000E-01,1,1,0,0,3, 2.16310E-02, 1.770571275E-01,18,10,HA10
Bennett5_10,15,H, 1.000E+00,scale, 1.000E-08, 1.000E-01, 1.000E-01,1,2,0,0,3, 3.44980E-02, 2.034574695E-02,16,15,HA10
Bennett5_10,15,H, 1.000E+00,scale, 1.000E-08, 1.000E-01, 1.000E-01,1,3,0,0,5, 7.91730E-02, 1.069763881E-01,40,13,HA10
Bennett5_10,15,H, 1.000E+00,scale, 1.000E-08, 1.000E-01, 1.000E-01,1,4,0,0,4, 2.08490E-02, 1.220008225E-01,24,14,HA10
Bennett5_10,15,H, 1.000E+00,scale, 1.000E-08, 1.000E-01, 1.000E-01,1,5,0,0,3, 2.33460E-02, 1.046643649E-01,17,15,HA10
Bennett5_10,15,H, 1.000E+00,scale, 1.000E-08, 1.000E-01, 1.000E-01,1,6,0,0,4, 5.03920E-02, 5.147278801E-02,25,15,HA10
Bennett5_10,15,H, 1.000E+00,scale, 1.000E-08, 1.000E-01, 1.000E-01,1,7,0,0,2, 2.68200E-03, 1.437875698E-01,10,13,HA10
Bennett5_10,15,H, 1.000E+00,scale, 1.000E-08, 1.000E-01, 1.000E-01,1,8,0,0,4, 3.22150E-02, 6.613766118E-02,26,14,HA10
Bennett5_10,15,H, 1.000E+00,scale, 1.000E-08, 1.000E-01, 1.000E-01,1,9,0,0,2, 2.84490E-02, 7.919768471E-02,11,15,HA10
Bennett5_10,15,H, 1.000E+00,scale, 1.000E-08, 1.000E-01, 1.000E-01,1,10,0,0,3, 1.07250E-02, 4.861837830E-02,17,15,HA10
Bennett5_10,15,H, 1.000E+00,scale, 1.000E-08, 1.000E-01, 1.000E-01,1,1,0,0,5, 2.41030E-02, 1.075736606E-01,27,14,HA100
Bennett5_10,15,H, 1.000E+00,scale, 1.000E-08, 1.000E-01, 1.000E-01,1,2,0,0,3, 7.78390E-02, 6.334531618E-02,20,15,HA100
Bennett5_10,15,H, 1.000E+00,scale, 1.000E-08, 1.000E-01, 1.000E-01,1,3,0,0,5, 1.88830E-02, 1.231813405E-01,27,13,HA100
Bennett5_10,15,H, 1.000E+00,scale, 1.000E-08, 1.000E-01, 1.000E-01,1,4,0,0,3, 3.27400E-02, 5.303806834E-02,16,15,HA100
Bennett5_10,15,H, 1.000E+00,scale, 1.000E-08, 1.000E-01, 1.000E-01,1,5,0,0,3, 3.12080E-02, 7.357823355E-02,23,15,HA100
Bennett5_10,15,H, 1.000E+00,scale, 1.000E-08, 1.000E-01, 1.000E-01,1,6,0,0,4, 3.54440E-02, 1.695054097E-01,32,8,HA100
Bennett5_10,15,H, 1.000E+00,scale, 1.000E-08, 1.000E-01, 1.000E-01,1,7,0,0,2, 2.64400E-03, 1.437875686E-01,10,13,HA100
Bennett5_10,15,H, 1.000E+00,scale, 1.000E-08, 1.000E-01, 1.000E-01,1,8,0,0,5, 1.57850E-02, 1.198729307E-01,33,14,HA100
Bennett5_10,15,H, 1.000E+00,scale, 1.000E-08, 1.000E-01, 1.000E-01,1,9,0,0,2, 2.85820E-02, 7.919768471E-02,11,15,HA100
Bennett5_10,15,H, 1.000E+00,scale, 1.000E-08, 1.000E-01, 1.000E-01,1,10,0,0,3, 4.13740E-02, 3.729316853E-02,16,15,HA100
Bennett5_10,15,H, 1.000E+00,clip, 1.000E-08, 1.000E-01, 1.000E-01,1,1,0,0,523, 4.64692E+00, 2.119181091E-01,629,8,Hc1
Bennett5_10,15,H, 1.000E+00,clip, 1.000E-08, 1.000E-01, 1.000E-01,1,2,0,0,6, 4.95990E-02, 1.667483669E-01,47,8,Hc1
Bennett5_10,15,H, 1.000E+00,clip, 1.000E-08, 1.000E-01, 1.000E-01,1,3,0,0,584, 4.79150E+00, 2.128593167E-01,690,8,Hc1
Bennett5_10,15,H, 1.000E+00,clip, 1.000E-08, 1.000E-01, 1.000E-01,1,4,0,0,5, 4.97970E-02, 1.193196656E-01,40,13,Hc1
Bennett5_10,15,H, 1.000E+00,clip, 1.000E-08, 1.000E-01, 1.000E-01,1,5,0,0,5, 8.36460E-02, 1.131926011E-01,39,13,Hc1
Bennett5_10,15,H, 1.000E+00,clip, 1.000E-08, 1.000E-01, 1.000E-01,1,6,0,0,82, 1.12001E+00, 2.193671721E-01,121,8,Hc1
Bennett5_10,15,H, 1.000E+00,clip, 1.000E-08, 1.000E-01, 1.000E-01,1,7,0,0,6, 5.14150E-02, 1.184564768E-01,46,13,Hc1
Bennett5_10,15,H, 1.000E+00,clip, 1.000E-08, 1.000E-01, 1.000E-01,1,8,0,0,247, 1.15050E+00, 2.222022418E-01,269,8,Hc1
Bennett5_10,15,H, 1.000E+00,clip, 1.000E-08, 1.000E-01, 1.000E-01,1,9,0,0,6, 8.89580E-02, 1.170712216E-01,48,13,Hc1
Bennett5_10,15,H, 1.000E+00,clip, 1.000E-08, 1.000E-01, 1.000E-01,1,10,0,0,3, 1.53470E-02, 1.699174255E-01,19,10,Hc1
Bennett5_10,15,H, 1.000E+01,clip, 1.000E-08, 1.000E-01, 1.000E-01,1,1,0,0,566, 6.56877E+00, 2.066544273E-01,672,8,Hc10
Bennett5_10,15,H, 1.000E+01,clip, 1.000E-08, 1.000E-01, 1.000E-01,1,2,0,0,6, 7.98780E-02, 1.664339228E-01,46,8,Hc10
Bennett5_10,15,H, 1.000E+01,clip, 1.000E-08, 1.000E-01, 1.000E-01,1,3,0,0,483, 6.80710E+00, 2.360618855E-01,575,8,Hc10
Bennett5_10,15,H, 1.000E+01,clip, 1.000E-08, 1.000E-01, 1.000E-01,1,4,0,0,5, 6.95800E-02, 1.197652461E-01,38,13,Hc10
Bennett5_10,15,H, 1.000E+01,clip, 1.000E-08, 1.000E-01, 1.000E-01,1,5,0,0,5, 1.51143E-01, 1.112394761E-01,39,13,Hc10
Bennett5_10,15,H, 1.000E+01,clip, 1.000E-08, 1.000E-01, 1.000E-01,1,6,0,0,87, 1.85991E+00, 2.192415188E-01,126,8,Hc10
Bennett5_10,15,H, 1.000E+01,clip, 1.000E-08, 1.000E-01, 1.000E-01,1,7,0,0,6, 8.98930E-02, 1.176276570E-01,46,13,Hc10
Bennett5_10,15,H, 1.000E+01,clip, 1.000E-08, 1.000E-01, 1.000E-01,1,8,0,0,438, 6.48450E+00, 2.186378323E-01,460,8,Hc10
Bennett5_10,15,H, 1.000E+01,clip, 1.000E-08, 1.000E-01, 1.000E-01,1,9,0,0,6, 1.38000E-01, 1.167808656E-01,46,13,Hc10
Bennett5_10,15,H, 1.000E+01,clip, 1.000E-08, 1.000E-01, 1.000E-01,1,10,0,0,3, 3.17160E-02, 1.699865035E-01,19,10,Hc10
Bennett5_10,15,QN, 1.000E+04,scale, 1.000E-08, 1.000E-01, 1.000E-01,1,1,0,0,3, 1.46100E-02, 7.587177021E-02,22,14,QN
Bennett5_10,15,QN, 1.000E+04,scale, 1.000E-08, 1.000E-01, 1.000E-01,1,2,0,0,10, 5.96270E-02, 1.360268042E-01,20,11,QN
Bennett5_10,15,QN, 1.000E+04,scale, 1.000E-08, 1.000E-01, 1.000E-01,1,3,0,0,356, 7.53551E-01, 2.006806425E-01,371,10,QN
Bennett5_10,15,QN, 1.000E+04,scale, 1.000E-08, 1.000E-01, 1.000E-01,1,4,0,0,9, 3.83610E-02, 2.054004848E-01,57,7,QN
Bennett5_10,15,QN, 1.000E+04,scale, 1.000E-08, 1.000E-01, 1.000E-01,1,5,0,0,1607, 1.47014E+01, 2.213113056E-01,1615,8,QN
Bennett5_10,15,QN, 1.000E+04,scale, 1.000E-08, 1.000E-01, 1.000E-01,1,6,0,0,2205, 5.03117E+01, 2.708701985E-01,2227,7,QN
Bennett5_10,15,QN, 1.000E+04,scale, 1.000E-08, 1.000E-01, 1.000E-01,1,7,0,0,2029, 1.27487E+01, 2.273926169E-01,2133,8,QN
Bennett5_10,15,QN, 1.000E+04,scale, 1.000E-08, 1.000E-01, 1.000E-01,1,8,0,0,8048, 9.91841E+01, 2.036456809E-01,8064,8,QN
Bennett5_10,15,QN, 1.000E+04,scale, 1.000E-08, 1.000E-01, 1.000E-01,1,9,0,0,12, 7.06420E-02, 1.889703791E-01,20,8,QN
Bennett5_10,15,QN, 1.000E+04,scale, 1.000E-08, 1.000E-01, 1.000E-01,1,10,0,0,3, 4.19570E-02, 1.175724447E-01,18,13,QN
Bennett5_10,15,0, 1.000E+00,scale, 1.000E-08, 1.000E-01, 1.000E-01,2,1,0,0,5, 5.27100E-02, 2.348466012E-01,35,7,FO
Bennett5_10,15,0, 1.000E+00,scale, 1.000E-08, 1.000E-01, 1.000E-01,2,2,0,0,484, 3.94003E+00, 2.115240504E-01,625,8,FO
Bennett5_10,15,0, 1.000E+00,scale, 1.000E-08, 1.000E-01, 1.000E-01,2,3,0,0,6, 7.51430E-02, 1.229265368E-01,47,13,FO
Bennett5_10,15,0, 1.000E+00,scale, 1.000E-08, 1.000E-01, 1.000E-01,2,4,0,0,168, 3.17054E-01, 1.585555038E-01,197,14,FO
Bennett5_10,15,0, 1.000E+00,scale, 1.000E-08, 1.000E-01, 1.000E-01,2,5,0,0,11, 9.43950E-02, 1.260229336E-01,83,8,FO
Bennett5_10,15,0, 1.000E+00,scale, 1.000E-08, 1.000E-01, 1.000E-01,2,6,0,0,6, 9.06100E-02, 1.960605493E-01,48,8,FO
Bennett5_10,15,0, 1.000E+00,scale, 1.000E-08, 1.000E-01, 1.000E-01,2,7,0,0,93, 2.40903E-01, 1.969974681E-01,135,10,FO
Bennett5_10,15,0, 1.000E+00,scale, 1.000E-08, 1.000E-01, 1.000E-01,2,8,0,0,349, 3.66038E+00, 1.912513372E-01,378,9,FO
Bennett5_10,15,0, 1.000E+00,scale, 1.000E-08, 1.000E-01, 1.000E-01,2,9,0,0,6, 7.04860E-02, 8.859493901E-02,43,15,FO
Bennett5_10,15,0, 1.000E+00,scale, 1.000E-08, 1.000E-01, 1.000E-01,2,10,0,0,6, 8.14370E-02, 1.734139600E-01,46,8,FO
Bennett5_10,15,GN, 1.000E+04,scale, 1.000E-08, 1.000E-01, 1.000E-01,2,1,0,0,6, 6.90880E-02, 1.235468754E-04,12,15,GN
Bennett5_10,15,GN, 1.000E+04,scale, 1.000E-08, 1.000E-01, 1.000E-01,2,2,0,0,5, 8.93400E-03, 1.858718954E-01,8,13,GN
Bennett5_10,15,GN, 1.000E+04,scale, 1.000E-08, 1.000E-01, 1.000E-01,2,3,0,0,7, 6.10440E-02, 1.281899385E-01,9,13,GN
Bennett5_10,15,GN, 1.000E+04,scale, 1.000E-08, 1.000E-01, 1.000E-01,2,4,0,0,43, 6.94760E-02, 1.597855954E-01,44,14,GN
Bennett5_10,15,GN, 1.000E+04,scale, 1.000E-08, 1.000E-01, 1.000E-01,2,5,0,0,9002, 2.12787E+02, 1.245505131E-04,9009,15,GN
Bennett5_10,15,GN, 1.000E+04,scale, 1.000E-08, 1.000E-01, 1.000E-01,2,6,0,0,7, 3.80880E-02, 2.040342247E-01,8,8,GN
Bennett5_10,15,GN, 1.000E+04,scale, 1.000E-08, 1.000E-01, 1.000E-01,2,7,0,0,4, 5.67600E-03, 1.871039192E-01,11,14,GN
Bennett5_10,15,GN, 1.000E+04,scale, 1.000E-08, 1.000E-01, 1.000E-01,2,8,0,0,3, 9.72200E-03, 1.792911591E-01,4,10,GN
Bennett5_10,15,GN, 1.000E+04,scale, 1.000E-08, 1.000E-01, 1.000E-01,2,9,0,0,5, 3.35830E-02, 5.799024062E-02,7,15,GN
Bennett5_10,15,GN, 1.000E+04,scale, 1.000E-08, 1.000E-01, 1.000E-01,2,10,0,0,8, 5.41220E-02, 1.017161311E-01,9,13,GN
Bennett5_10,15,GN, 1.000E+00,scale, 1.000E-08, 1.000E-01, 1.000E-01,2,1,0,0,5, 5.79070E-02, 2.346222162E-01,38,7,GN1
Bennett5_10,15,GN, 1.000E+00,scale, 1.000E-08, 1.000E-01, 1.000E-01,2,2,0,0,487, 4.43445E+00, 2.111647173E-01,628,8,GN1
Bennett5_10,15,GN, 1.000E+00,scale, 1.000E-08, 1.000E-01, 1.000E-01,2,3,0,0,6, 7.56060E-02, 1.228948138E-01,47,13,GN1
Bennett5_10,15,GN, 1.000E+00,scale, 1.000E-08, 1.000E-01, 1.000E-01,2,4,0,0,165, 3.60283E-01, 1.585708297E-01,194,14,GN1
Bennett5_10,15,GN, 1.000E+00,scale, 1.000E-08, 1.000E-01, 1.000E-01,2,5,0,0,11, 9.22610E-02, 1.256401629E-01,83,8,GN1
Bennett5_10,15,GN, 1.000E+00,scale, 1.000E-08, 1.000E-01, 1.000E-01,2,6,0,0,6, 8.89600E-02, 1.960124478E-01,49,8,GN1
Bennett5_10,15,GN, 1.000E+00,scale, 1.000E-08, 1.000E-01, 1.000E-01,2,7,0,0,90, 2.25755E-01, 1.972855529E-01,132,10,GN1
Bennett5_10,15,GN, 1.000E+00,scale, 1.000E-08, 1.000E-01, 1.000E-01,2,8,0,0,349, 4.16082E+00, 1.901572399E-01,378,9,GN1
Bennett5_10,15,GN, 1.000E+00,scale, 1.000E-08, 1.000E-01, 1.000E-01,2,9,0,0,6, 1.28346E-01, 8.849347298E-02,43,15,GN1
Bennett5_10,15,GN, 1.000E+00,scale, 1.000E-08, 1.000E-01, 1.000E-01,2,10,0,0,6, 1.24142E-01, 1.733277214E-01,46,8,GN1
Bennett5_10,15,H, 1.000E+04,scale, 1.000E-08, 1.000E-01, 1.000E-01,2,1,0,0,5, 3.23550E-02, 1.018931118E-01,21,13,H
Bennett5_10,15,H, 1.000E+04,scale, 1.000E-08, 1.000E-01, 1.000E-01,2,2,0,0,7, 8.37190E-02, 9.297197362E-02,15,13,H
Bennett5_10,15,H, 1.000E+04,scale, 1.000E-08, 1.000E-01, 1.000E-01,2,3,0,0,7, 8.21240E-02, 1.086735131E-01,8,13,H
Bennett5_10,15,H, 1.000E+04,scale, 1.000E-08, 1.000E-01, 1.000E-01,2,4,0,0,4, 1.98840E-02, 4.915996412E-02,5,15,H
Bennett5_10,15,H, 1.000E+04,scale, 1.000E-08, 1.000E-01, 1.000E-01,2,5,0,0,5, 1.86310E-02, 2.308132766E-01,20,7,H
Bennett5_10,15,H, 1.000E+04,scale, 1.000E-08, 1.000E-01, 1.000E-01,2,6,0,0,7, 6.66630E-02, 1.752381955E-01,9,8,H
Bennett5_10,15,H, 1.000E+04,scale, 1.000E-08, 1.000E-01, 1.000E-01,2,7,0,0,420, 1.75454E+01, 2.048675361E-01,429,8,H
Bennett5_10,15,H, 1.000E+04,scale, 1.000E-08, 1.000E-01, 1.000E-01,2,8,0,0,8133, 2.69060E+02, 1.762020874E-04,8135,15,H
Bennett5_10,15,H, 1.000E+04,scale, 1.000E-08, 1.000E-01, 1.000E-01,2,9,0,0,4, 6.40840E-02, 7.068448956E-02,19,15,H
Bennett5_10,15,H, 1.000E+04,scale, 1.000E-08, 1.000E-01, 1.000E-01,2,10,0,0,260, 2.71282E+00, 2.063708654E-01,382,8,H
Bennett5_10,15,H, 1.000E-01,scale, 1.000E-08, 1.000E-01, 1.000E-01,2,1,0,0,5, 8.04790E-02, 2.348141167E-01,35,7,H0.1
Bennett5_10,15,H, 1.000E-01,scale, 1.000E-08, 1.000E-01, 1.000E-01,2,2,0,0,483, 4.23655E+00, 2.114917728E-01,624,8,H0.1
Bennett5_10,15,H, 1.000E-01,scale, 1.000E-08, 1.000E-01, 1.000E-01,2,3,0,0,6, 7.71150E-02, 1.229233641E-01,47,13,H0.1
Bennett5_10,15,H, 1.000E-01,scale, 1.000E-08, 1.000E-01, 1.000E-01,2,4,0,0,168, 3.26723E-01, 1.585297800E-01,197,14,H0.1
Bennett5_10,15,H, 1.000E-01,scale, 1.000E-08, 1.000E-01, 1.000E-01,2,5,0,0,11, 9.40260E-02, 1.259638082E-01,83,8,H0.1
Bennett5_10,15,H, 1.000E-01,scale, 1.000E-08, 1.000E-01, 1.000E-01,2,6,0,0,6, 8.38580E-02, 1.960557390E-01,49,8,H0.1
Bennett5_10,15,H, 1.000E-01,scale, 1.000E-08, 1.000E-01, 1.000E-01,2,7,0,0,92, 2.48260E-01, 1.971914835E-01,134,10,H0.1
Bennett5_10,15,H, 1.000E-01,scale, 1.000E-08, 1.000E-01, 1.000E-01,2,8,0,0,350, 3.86029E+00, 1.912104303E-01,379,9,H0.1
Bennett5_10,15,H, 1.000E-01,scale, 1.000E-08, 1.000E-01, 1.000E-01,2,9,0,0,6, 7.37530E-02, 8.858479956E-02,43,15,H0.1
Bennett5_10,15,H, 1.000E-01,scale, 1.000E-08, 1.000E-01, 1.000E-01,2,10,0,0,6, 8.77990E-02, 1.734053359E-01,47,8,H0.1
Bennett5_10,15,H, 1.000E+00,scale, 1.000E-08, 1.000E-01, 1.000E-01,2,1,0,0,5, 5.49920E-02, 2.345217902E-01,38,7,H1
Bennett5_10,15,H, 1.000E+00,scale, 1.000E-08, 1.000E-01, 1.000E-01,2,2,0,0,487, 4.27375E+00, 2.111647982E-01,628,8,H1
Bennett5_10,15,H, 1.000E+00,scale, 1.000E-08, 1.000E-01, 1.000E-01,2,3,0,0,6, 7.38050E-02, 1.228948138E-01,47,13,H1
Bennett5_10,15,H, 1.000E+00,scale, 1.000E-08, 1.000E-01, 1.000E-01,2,4,0,0,165, 3.08855E-01, 1.585708871E-01,194,14,H1
Bennett5_10,15,H, 1.000E+00,scale, 1.000E-08, 1.000E-01, 1.000E-01,2,5,0,0,11, 8.83750E-02, 1.254328931E-01,83,8,H1
Bennett5_10,15,H, 1.000E+00,scale, 1.000E-08, 1.000E-01, 1.000E-01,2,6,0,0,6, 8.39890E-02, 1.960124478E-01,49,8,H1
Bennett5_10,15,H, 1.000E+00,scale, 1.000E-08, 1.000E-01, 1.000E-01,2,7,0,0,91, 2.21224E-01, 1.971573213E-01,133,10,H1
Bennett5_10,15,H, 1.000E+00,scale, 1.000E-08, 1.000E-01, 1.000E-01,2,8,0,0,349, 3.61321E+00, 1.901573195E-01,378,9,H1
Bennett5_10,15,H, 1.000E+00,scale, 1.000E-08, 1.000E-01, 1.000E-01,2,9,0,0,6, 7.91350E-02, 8.849347103E-02,43,15,H1
Bennett5_10,15,H, 1.000E+00,scale, 1.000E-08, 1.000E-01, 1.000E-01,2,10,0,0,6, 8.21160E-02, 1.733277211E-01,47,8,H1
Bennett5_10,15,H, 1.000E+01,scale, 1.000E-08, 1.000E-01, 1.000E-01,2,1,0,0,5, 6.28410E-02, 2.316020741E-01,35,7,H10
Bennett5_10,15,H, 1.000E+01,scale, 1.000E-08, 1.000E-01, 1.000E-01,2,2,0,0,349, 3.62045E+00, 2.462135979E-01,476,7,H10
Bennett5_10,15,H, 1.000E+01,scale, 1.000E-08, 1.000E-01, 1.000E-01,2,3,0,0,6, 8.95000E-02, 1.226096740E-01,49,13,H10
Bennett5_10,15,H, 1.000E+01,scale, 1.000E-08, 1.000E-01, 1.000E-01,2,4,0,0,76, 1.56886E-01, 1.593687870E-01,105,14,H10
Bennett5_10,15,H, 1.000E+01,scale, 1.000E-08, 1.000E-01, 1.000E-01,2,5,0,0,11, 9.58960E-02, 1.204894724E-01,82,10,H10
Bennett5_10,15,H, 1.000E+01,scale, 1.000E-08, 1.000E-01, 1.000E-01,2,6,0,0,6, 9.14640E-02, 1.958040346E-01,49,8,H10
Bennett5_10,15,H, 1.000E+01,scale, 1.000E-08, 1.000E-01, 1.000E-01,2,7,0,0,42, 8.75250E-02, 2.001078994E-01,84,10,H10
Bennett5_10,15,H, 1.000E+01,scale, 1.000E-08, 1.000E-01, 1.000E-01,2,8,0,0,346, 4.05118E+00, 1.873194397E-01,375,9,H10
Bennett5_10,15,H, 1.000E+01,scale, 1.000E-08, 1.000E-01, 1.000E-01,2,9,0,0,6, 9.56650E-02, 8.757309500E-02,44,15,H10
Bennett5_10,15,H, 1.000E+01,scale, 1.000E-08, 1.000E-01, 1.000E-01,2,10,0,0,6, 8.72910E-02, 1.725517512E-01,47,8,H10
Bennett5_10,15,H, 1.000E+02,scale, 1.000E-08, 1.000E-01, 1.000E-01,2,1,0,0,5, 5.84930E-02, 2.028894060E-01,35,7,H100
Bennett5_10,15,H, 1.000E+02,scale, 1.000E-08, 1.000E-01, 1.000E-01,2,2,0,0,533, 4.86185E+00, 2.003288231E-01,646,8,H100
Bennett5_10,15,H, 1.000E+02,scale, 1.000E-08, 1.000E-01, 1.000E-01,2,3,0,0,6, 5.44210E-02, 1.203995493E-01,53,13,H100
Bennett5_10,15,H, 1.000E+02,scale, 1.000E-08, 1.000E-01, 1.000E-01,2,4,0,0,126, 4.48508E+00, 2.014494310E-01,148,8,H100
Bennett5_10,15,H, 1.000E+02,scale, 1.000E-08, 1.000E-01, 1.000E-01,2,5,0,0,10, 8.98690E-02, 1.640748077E-01,76,8,H100
Bennett5_10,15,H, 1.000E+02,scale, 1.000E-08, 1.000E-01, 1.000E-01,2,6,0,0,6, 9.24860E-02, 1.916713141E-01,48,8,H100
Bennett5_10,15,H, 1.000E+02,scale, 1.000E-08, 1.000E-01, 1.000E-01,2,7,0,0,288, 8.54173E-01, 1.893803769E-01,330,11,H100
Bennett5_10,15,H, 1.000E+02,scale, 1.000E-08, 1.000E-01, 1.000E-01,2,8,0,0,5, 2.62700E-02, 1.724421524E-01,34,11,H100
Bennett5_10,15,H, 1.000E+02,scale, 1.000E-08, 1.000E-01, 1.000E-01,2,9,0,0,6, 6.83460E-02, 8.202999646E-02,43,15,H100
Bennett5_10,15,H, 1.000E+02,scale, 1.000E-08, 1.000E-01, 1.000E-01,2,10,0,0,6, 9.23990E-02, 1.657732555E-01,48,8,H100
Bennett5_10,15,H, 1.000E+00,scale, 1.000E-08, 1.000E-01, 1.000E-01,2,1,0,0,6, 3.16530E-02, 4.153976521E-02,42,15,HA1
Bennett5_10,15,H, 1.000E+00,scale, 1.000E-08, 1.000E-01, 1.000E-01,2,2,0,0,188, 8.31927E-01, 1.894083401E-01,203,9,HA1
Bennett5_10,15,H, 1.000E+00,scale, 1.000E-08, 1.000E-01, 1.000E-01,2,3,0,0,2, 4.16910E-02, 3.045567254E-02,10,15,HA1
Bennett5_10,15,H, 1.000E+00,scale, 1.000E-08, 1.000E-01, 1.000E-01,2,4,0,0,93, 1.61111E-01, 1.591846841E-01,115,14,HA1
Bennett5_10,15,H, 1.000E+00,scale, 1.000E-08, 1.000E-01, 1.000E-01,2,5,0,0,7, 6.04230E-02, 7.648081793E-04,47,15,HA1
Bennett5_10,15,H, 1.000E+00,scale, 1.000E-08, 1.000E-01, 1.000E-01,2,6,0,0,2, 1.46300E-02, 1.418203461E-01,11,13,HA1
Bennett5_10,15,H, 1.000E+00,scale, 1.000E-08, 1.000E-01, 1.000E-01,2,7,0,0,4, 5.98770E-02, 1.023266054E-01,27,13,HA1
Bennett5_10,15,H, 1.000E+00,scale, 1.000E-08, 1.000E-01, 1.000E-01,2,8,0,0,4, 5.86600E-03, 1.526170866E-01,26,14,HA1
Bennett5_10,15,H, 1.000E+00,scale, 1.000E-08, 1.000E-01, 1.000E-01,2,9,0,0,4, 1.11385E-01, 7.748185774E-02,28,15,HA1
Bennett5_10,15,H, 1.000E+00,scale, 1.000E-08, 1.000E-01, 1.000E-01,2,10,0,0,3, 4.68240E-02, 2.509909743E-02,18,15,HA1
Bennett5_10,15,H, 1.000E+00,scale, 1.000E-08, 1.000E-01, 1.000E-01,2,1,0,0,6, 4.10020E-02, 1.371733699E-04,41,15,HA10
Bennett5_10,15,H, 1.000E+00,scale, 1.000E-08, 1.000E-01, 1.000E-01,2,2,0,0,718, 2.29513E+01, 2.006550408E-01,731,8,HA10
Bennett5_10,15,H, 1.000E+00,scale, 1.000E-08, 1.000E-01, 1.000E-01,2,3,0,0,2, 3.28650E-02, 1.534732406E-02,9,15,HA10
Bennett5_10,15,H, 1.000E+00,scale, 1.000E-08, 1.000E-01, 1.000E-01,2,4,0,0,3, 3.31040E-02, 4.146489671E-02,16,15,HA10
Bennett5_10,15,H, 1.000E+00,scale, 1.000E-08, 1.000E-01, 1.000E-01,2,5,0,0,6, 5.66830E-02, 1.010127845E-03,38,15,HA10
Bennett5_10,15,H, 1.000E+00,scale, 1.000E-08, 1.000E-01, 1.000E-01,2,6,0,0,2, 3.04090E-02, 2.007844549E-01,10,8,HA10
Bennett5_10,15,H, 1.000E+00,scale, 1.000E-08, 1.000E-01, 1.000E-01,2,7,0,0,4, 3.87380E-02, 7.433613733E-02,23,13,HA10
Bennett5_10,15,H, 1.000E+00,scale, 1.000E-08, 1.000E-01, 1.000E-01,2,8,0,0,3, 3.38850E-02, 1.062821681E-01,16,13,HA10
Bennett5_10,15,H, 1.000E+00,scale, 1.000E-08, 1.000E-01, 1.000E-01,2,9,0,0,3, 2.36250E-02, 9.052875981E-03,17,15,HA10
Bennett5_10,15,H, 1.000E+00,scale, 1.000E-08, 1.000E-01, 1.000E-01,2,10,0,0,4, 3.36120E-02, 1.514106351E-02,23,15,HA10
Bennett5_10,15,H, 1.000E+00,scale, 1.000E-08, 1.000E-01, 1.000E-01,2,1,0,0,11, 7.76880E-02, 1.718962023E-01,58,8,HA100
Bennett5_10,15,H, 1.000E+00,scale, 1.000E-08, 1.000E-01, 1.000E-01,2,2,0,0,4, 2.40710E-02, 1.241416321E-01,20,15,HA100
Bennett5_10,15,H, 1.000E+00,scale, 1.000E-08, 1.000E-01, 1.000E-01,2,3,0,0,2, 2.62530E-02, 1.077575426E-01,8,13,HA100
Bennett5_10,15,H, 1.000E+00,scale, 1.000E-08, 1.000E-01, 1.000E-01,2,4,0,0,311, 3.25127E+00, 2.190494506E-01,384,8,HA100
Bennett5_10,15,H, 1.000E+00,scale, 1.000E-08, 1.000E-01, 1.000E-01,2,5,0,0,4, 4.04970E-02, 8.782701263E-02,24,13,HA100
Bennett5_10,15,H, 1.000E+00,scale, 1.000E-08, 1.000E-01, 1.000E-01,2,6,0,0,3, 5.62570E-02, 3.542042662E-02,14,15,HA100
Bennett5_10,15,H, 1.000E+00,scale, 1.000E-08, 1.000E-01, 1.000E-01,2,7,0,0,252, 1.29397E+00, 2.200046722E-01,372,8,HA100
Bennett5_10,15,H, 1.000E+00,scale, 1.000E-08, 1.000E-01, 1.000E-01,2,8,0,0,280, 3.71663E+00, 2.364939869E-01,294,8,HA100
Bennett5_10,15,H, 1.000E+00,scale, 1.000E-08, 1.000E-01, 1.000E-01,2,9,0,0,4, 4.31810E-02, 1.280345546E-01,23,10,HA100
Bennett5_10,15,H, 1.000E+00,scale, 1.000E-08, 1.000E-01, 1.000E-01,2,10,0,0,4, 5.48440E-02, 2.852229646E-02,22,15,HA100
Bennett5_10,15,H, 1.000E+00,clip, 1.000E-08, 1.000E-01, 1.000E-01,2,1,0,0,5, 5.50330E-02, 2.345217902E-01,35,7,Hc1
Bennett5_10,15,H, 1.000E+00,clip, 1.000E-08, 1.000E-01, 1.000E-01,2,2,0,0,496, 4.40812E+00, 2.112450355E-01,637,8,Hc1
Bennett5_10,15,H, 1.000E+00,clip, 1.000E-08, 1.000E-01, 1.000E-01,2,3,0,0,6, 7.06580E-02, 1.228948138E-01,47,13,Hc1
Bennett5_10,15,H, 1.000E+00,clip, 1.000E-08, 1.000E-01, 1.000E-01,2,4,0,0,169, 3.22956E-01, 1.585436275E-01,198,14,Hc1
Bennett5_10,15,H, 1.000E+00,clip, 1.000E-08, 1.000E-01, 1.000E-01,2,5,0,0,11, 9.50690E-02, 1.254328931E-01,83,8,Hc1
Bennett5_10,15,H, 1.000E+00,clip, 1.000E-08, 1.000E-01, 1.000E-01,2,6,0,0,6, 8.67070E-02, 1.960124478E-01,48,8,Hc1
Bennett5_10,15,H, 1.000E+00,clip, 1.000E-08, 1.000E-01, 1.000E-01,2,7,0,0,93, 2.41029E-01, 1.971443532E-01,135,10,Hc1
Bennett5_10,15,H, 1.000E+00,clip, 1.000E-08, 1.000E-01, 1.000E-01,2,8,0,0,356, 3.99121E+00, 1.901781863E-01,385,9,Hc1
Bennett5_10,15,H, 1.000E+00,clip, 1.000E-08, 1.000E-01, 1.000E-01,2,9,0,0,6, 9.61370E-02, 8.849347103E-02,43,15,Hc1
Bennett5_10,15,H, 1.000E+00,clip, 1.000E-08, 1.000E-01, 1.000E-01,2,10,0,0,6, 8.59320E-02, 1.733277211E-01,47,8,Hc1
Bennett5_10,15,H, 1.000E+01,clip, 1.000E-08, 1.000E-01, 1.000E-01,2,1,0,0,5, 6.06850E-02, 2.316020741E-01,35,7,Hc10
Bennett5_10,15,H, 1.000E+01,clip, 1.000E-08, 1.000E-01, 1.000E-01,2,2,0,0,358, 3.83023E+00, 2.464145241E-01,485,7,Hc10
Bennett5_10,15,H, 1.000E+01,clip, 1.000E-08, 1.000E-01, 1.000E-01,2,3,0,0,6, 7.70700E-02, 1.226096740E-01,47,13,Hc10
Bennett5_10,15,H, 1.000E+01,clip, 1.000E-08, 1.000E-01, 1.000E-01,2,4,0,0,78, 1.44456E-01, 1.593118714E-01,107,14,Hc10
Bennett5_10,15,H, 1.000E+01,clip, 1.000E-08, 1.000E-01, 1.000E-01,2,5,0,0,11, 9.20800E-02, 1.204894722E-01,82,10,Hc10
Bennett5_10,15,H, 1.000E+01,clip, 1.000E-08, 1.000E-01, 1.000E-01,2,6,0,0,6, 9.02170E-02, 1.958040346E-01,55,8,Hc10
Bennett5_10,15,H, 1.000E+01,clip, 1.000E-08, 1.000E-01, 1.000E-01,2,7,0,0,43, 8.75170E-02, 2.000646550E-01,85,10,Hc10
Bennett5_10,15,H, 1.000E+01,clip, 1.000E-08, 1.000E-01, 1.000E-01,2,8,0,0,353, 3.89606E+00, 1.873314280E-01,382,9,Hc10
Bennett5_10,15,H, 1.000E+01,clip, 1.000E-08, 1.000E-01, 1.000E-01,2,9,0,0,6, 1.00139E-01, 8.757309453E-02,44,15,Hc10
Bennett5_10,15,H, 1.000E+01,clip, 1.000E-08, 1.000E-01, 1.000E-01,2,10,0,0,6, 8.67100E-02, 1.725517512E-01,47,8,Hc10
Bennett5_10,15,QN, 1.000E+04,scale, 1.000E-08, 1.000E-01, 1.000E-01,2,1,0,0,221, 8.70667E+00, 1.896893748E-04,241,15,QN
Bennett5_10,15,QN, 1.000E+04,scale, 1.000E-08, 1.000E-01, 1.000E-01,2,2,0,0,2884, 2.83011E+01, 1.866766314E-01,2892,9,QN
Bennett5_10,15,QN, 1.000E+04,scale, 1.000E-08, 1.000E-01, 1.000E-01,2,3,0,0,6, 7.12470E-02, 1.799446312E-01,16,8,QN
Bennett5_10,15,QN, 1.000E+04,scale, 1.000E-08, 1.000E-01, 1.000E-01,2,4,0,0,6939, 9.50073E+01, 2.020715906E-01,6947,8,QN
Bennett5_10,15,QN, 1.000E+04,scale, 1.000E-08, 1.000E-01, 1.000E-01,2,5,0,0,7, 4.14650E-02, 4.066086941E-02,30,15,QN
Bennett5_10,15,QN, 1.000E+04,scale, 1.000E-08, 1.000E-01, 1.000E-01,2,6,0,0,9, 4.50320E-02, 1.455614476E-01,17,11,QN
Bennett5_10,15,QN, 1.000E+04,scale, 1.000E-08, 1.000E-01, 1.000E-01,2,7,0,0,4, 3.35240E-02, 1.409973007E-01,18,11,QN
Bennett5_10,15,QN, 1.000E+04,scale, 1.000E-08, 1.000E-01, 1.000E-01,2,8,0,0,4, 5.02100E-02, 4.535688214E-02,12,15,QN
Bennett5_10,15,QN, 1.000E+04,scale, 1.000E-08, 1.000E-01, 1.000E-01,2,9,0,0,4, 4.56940E-02, 2.020433479E-01,18,8,QN
Bennett5_10,15,QN, 1.000E+04,scale, 1.000E-08, 1.000E-01, 1.000E-01,2,10,0,0,9, 8.13400E-02, 1.895605565E-01,18,8,QN
Chwirut2_05,3,0, 1.000E+00,scale, 1.000E-08, 1.000E-01, 1.000E-01,1,1,0,0,20, 6.89370E-02, 3.657666288E+01,299,3,FO
Chwirut2_05,3,0, 1.000E+00,scale, 1.000E-08, 1.000E-01, 1.000E-01,1,2,0,0,34, 1.06314E-01, 3.655819298E+01,508,3,FO
Chwirut2_05,3,0, 1.000E+00,scale, 1.000E-08, 1.000E-01, 1.000E-01,1,3,0,0,15, 3.35700E-02, 3.657441488E+01,211,3,FO
Chwirut2_05,3,0, 1.000E+00,scale, 1.000E-08, 1.000E-01, 1.000E-01,1,4,0,0,16, 3.07680E-02, 3.656428884E+01,240,3,FO
Chwirut2_05,3,0, 1.000E+00,scale, 1.000E-08, 1.000E-01, 1.000E-01,1,5,0,0,16, 3.16850E-02, 3.656067098E+01,235,3,FO
Chwirut2_05,3,0, 1.000E+00,scale, 1.000E-08, 1.000E-01, 1.000E-01,1,6,0,0,12, 2.32380E-02, 3.655590831E+01,176,3,FO
Chwirut2_05,3,0, 1.000E+00,scale, 1.000E-08, 1.000E-01, 1.000E-01,1,7,0,0,24, 4.81710E-02, 3.657013604E+01,354,3,FO
Chwirut2_05,3,0, 1.000E+00,scale, 1.000E-08, 1.000E-01, 1.000E-01,1,8,0,0,16, 2.69050E-02, 3.656126758E+01,228,3,FO
Chwirut2_05,3,0, 1.000E+00,scale, 1.000E-08, 1.000E-01, 1.000E-01,1,9,0,0,23, 4.76900E-02, 3.658153028E+01,342,3,FO
Chwirut2_05,3,0, 1.000E+00,scale, 1.000E-08, 1.000E-01, 1.000E-01,1,10,0,0,12, 1.83210E-02, 3.656324605E+01,176,3,FO
Chwirut2_05,3,GN, 1.000E+04,scale, 1.000E-08, 1.000E-01, 1.000E-01,1,1,0,0,19, 4.25340E-02, 3.656547675E+01,277,3,GN
Chwirut2_05,3,GN, 1.000E+04,scale, 1.000E-08, 1.000E-01, 1.000E-01,1,2,0,0,34, 4.08760E-02, 3.659822076E+01,505,3,GN
Chwirut2_05,3,GN, 1.000E+04,scale, 1.000E-08, 1.000E-01, 1.000E-01,1,3,0,0,14, 1.65820E-02, 3.656036581E+01,208,3,GN
Chwirut2_05,3,GN, 1.000E+04,scale, 1.000E-08, 1.000E-01, 1.000E-01,1,4,0,0,16, 1.77730E-02, 3.657397102E+01,232,3,GN
Chwirut2_05,3,GN, 1.000E+04,scale, 1.000E-08, 1.000E-01, 1.000E-01,1,5,0,0,15, 1.81550E-02, 3.655768976E+01,217,3,GN
Chwirut2_05,3,GN, 1.000E+04,scale, 1.000E-08, 1.000E-01, 1.000E-01,1,6,0,0,12, 1.44160E-02, 3.655627139E+01,181,3,GN
Chwirut2_05,3,GN, 1.000E+04,scale, 1.000E-08, 1.000E-01, 1.000E-01,1,7,0,0,23, 2.74630E-02, 3.657624722E+01,340,3,GN
Chwirut2_05,3,GN, 1.000E+04,scale, 1.000E-08, 1.000E-01, 1.000E-01,1,8,0,0,15, 1.75660E-02, 3.659025321E+01,212,3,GN
Chwirut2_05,3,GN, 1.000E+04,scale, 1.000E-08, 1.000E-01, 1.000E-01,1,9,0,0,23, 3.04900E-02, 3.655500380E+01,354,3,GN
Chwirut2_05,3,GN, 1.000E+04,scale, 1.000E-08, 1.000E-01, 1.000E-01,1,10,0,0,12, 1.17810E-02, 3.659969543E+01,175,3,GN
Chwirut2_05,3,GN, 1.000E+00,scale, 1.000E-08, 1.000E-01, 1.000E-01,1,1,0,0,20, 6.01260E-02, 3.657665168E+01,290,3,GN1
Chwirut2_05,3,GN, 1.000E+00,scale, 1.000E-08, 1.000E-01, 1.000E-01,1,2,0,0,34, 5.32970E-02, 3.655818710E+01,505,3,GN1
Chwirut2_05,3,GN, 1.000E+00,scale, 1.000E-08, 1.000E-01, 1.000E-01,1,3,0,0,15, 2.30050E-02, 3.657440645E+01,211,3,GN1
Chwirut2_05,3,GN, 1.000E+00,scale, 1.000E-08, 1.000E-01, 1.000E-01,1,4,0,0,16, 2.45690E-02, 3.656430472E+01,234,3,GN1
Chwirut2_05,3,GN, 1.000E+00,scale, 1.000E-08, 1.000E-01, 1.000E-01,1,5,0,0,16, 2.37330E-02, 3.656066590E+01,229,3,GN1
Chwirut2_05,3,GN, 1.000E+00,scale, 1.000E-08, 1.000E-01, 1.000E-01,1,6,0,0,12, 2.39470E-02, 3.655589634E+01,181,3,GN1
Chwirut2_05,3,GN, 1.000E+00,scale, 1.000E-08, 1.000E-01, 1.000E-01,1,7,0,0,24, 4.14350E-02, 3.657020294E+01,348,3,GN1
Chwirut2_05,3,GN, 1.000E+00,scale, 1.000E-08, 1.000E-01, 1.000E-01,1,8,0,0,16, 2.14970E-02, 3.656123361E+01,236,3,GN1
Chwirut2_05,3,GN, 1.000E+00,scale, 1.000E-08, 1.000E-01, 1.000E-01,1,9,0,0,23, 3.72470E-02, 3.658154230E+01,342,3,GN1
Chwirut2_05,3,GN, 1.000E+00,scale, 1.000E-08, 1.000E-01, 1.000E-01,1,10,0,0,12, 1.55730E-02, 3.656325435E+01,170,3,GN1
Chwirut2_05,3,H, 1.000E+04,scale, 1.000E-08, 1.000E-01, 1.000E-01,1,1,0,0,20, 8.14140E-02, 3.657027715E+01,290,3,H
Chwirut2_05,3,H, 1.000E+04,scale, 1.000E-08, 1.000E-01, 1.000E-01,1,2,0,0,34, 1.09843E-01, 3.658622116E+01,505,3,H
Chwirut2_05,3,H, 1.000E+04,scale, 1.000E-08, 1.000E-01, 1.000E-01,1,3,0,0,15, 4.88690E-02, 3.656926583E+01,218,3,H
Chwirut2_05,3,H, 1.000E+04,scale, 1.000E-08, 1.000E-01, 1.000E-01,1,4,0,0,16, 5.26340E-02, 3.656817995E+01,238,3,H
Chwirut2_05,3,H, 1.000E+04,scale, 1.000E-08, 1.000E-01, 1.000E-01,1,5,0,0,16, 4.95330E-02, 3.655623307E+01,226,3,H
Chwirut2_05,3,H, 1.000E+04,scale, 1.000E-08, 1.000E-01, 1.000E-01,1,6,0,0,12, 3.57100E-02, 3.655190603E+01,181,3,H
Chwirut2_05,3,H, 1.000E+04,scale, 1.000E-08, 1.000E-01, 1.000E-01,1,7,0,0,24, 3.39050E-02, 3.655476633E+01,354,3,H
Chwirut2_05,3,H, 1.000E+04,scale, 1.000E-08, 1.000E-01, 1.000E-01,1,8,0,0,16, 2.06430E-02, 3.655809989E+01,232,3,H
Chwirut2_05,3,H, 1.000E+04,scale, 1.000E-08, 1.000E-01, 1.000E-01,1,9,0,0,23, 3.07330E-02, 3.655785391E+01,344,3,H
Chwirut2_05,3,H, 1.000E+04,scale, 1.000E-08, 1.000E-01, 1.000E-01,1,10,0,0,13, 1.45030E-02, 3.656470156E+01,186,3,H
Chwirut2_05,3,H, 1.000E-01,scale, 1.000E-08, 1.000E-01, 1.000E-01,1,1,0,0,20, 6.19710E-02, 3.657666369E+01,299,3,H0.1
Chwirut2_05,3,H, 1.000E-01,scale, 1.000E-08, 1.000E-01, 1.000E-01,1,2,0,0,34, 4.72170E-02, 3.655819156E+01,505,3,H0.1
Chwirut2_05,3,H, 1.000E-01,scale, 1.000E-08, 1.000E-01, 1.000E-01,1,3,0,0,15, 2.11990E-02, 3.657441483E+01,218,3,H0.1
Chwirut2_05,3,H, 1.000E-01,scale, 1.000E-08, 1.000E-01, 1.000E-01,1,4,0,0,16, 2.24790E-02, 3.656428889E+01,232,3,H0.1
Chwirut2_05,3,H, 1.000E-01,scale, 1.000E-08, 1.000E-01, 1.000E-01,1,5,0,0,16, 2.33990E-02, 3.656067089E+01,239,3,H0.1
Chwirut2_05,3,H, 1.000E-01,scale, 1.000E-08, 1.000E-01, 1.000E-01,1,6,0,0,12, 1.80910E-02, 3.655590818E+01,176,3,H0.1
Chwirut2_05,3,H, 1.000E-01,scale, 1.000E-08, 1.000E-01, 1.000E-01,1,7,0,0,24, 3.49340E-02, 3.657013589E+01,348,3,H0.1
Chwirut2_05,3,H, 1.000E-01,scale, 1.000E-08, 1.000E-01, 1.000E-01,1,8,0,0,16, 2.12630E-02, 3.656126555E+01,234,3,H0.1
Chwirut2_05,3,H, 1.000E-01,scale, 1.000E-08, 1.000E-01, 1.000E-01,1,9,0,0,23, 3.65960E-02, 3.658153020E+01,349,3,H0.1
Chwirut2_05,3,H, 1.000E-01,scale, 1.000E-08, 1.000E-01, 1.000E-01,1,10,0,0,12, 1.34900E-02, 3.656324575E+01,168,3,H0.1
Chwirut2_05,3,H, 1.000E+00,scale, 1.000E-08, 1.000E-01, 1.000E-01,1,1,0,0,20, 5.46250E-02, 3.657666302E+01,303,3,H1
Chwirut2_05,3,H, 1.000E+00,scale, 1.000E-08, 1.000E-01, 1.000E-01,1,2,0,0,34, 4.20350E-02, 3.655818821E+01,511,3,H1
Chwirut2_05,3,H, 1.000E+00,scale, 1.000E-08, 1.000E-01, 1.000E-01,1,3,0,0,15, 1.84840E-02, 3.657441424E+01,211,3,H1
Chwirut2_05,3,H, 1.000E+00,scale, 1.000E-08, 1.000E-01, 1.000E-01,1,4,0,0,16, 1.89060E-02, 3.656428904E+01,239,3,H1
Chwirut2_05,3,H, 1.000E+00,scale, 1.000E-08, 1.000E-01, 1.000E-01,1,5,0,0,16, 1.85950E-02, 3.656067052E+01,226,3,H1
Chwirut2_05,3,H, 1.000E+00,scale, 1.000E-08, 1.000E-01, 1.000E-01,1,6,0,0,12, 1.50750E-02, 3.655590771E+01,182,3,H1
Chwirut2_05,3,H, 1.000E+00,scale, 1.000E-08, 1.000E-01, 1.000E-01,1,7,0,0,24, 2.88840E-02, 3.657013479E+01,348,3,H1
Chwirut2_05,3,H, 1.000E+00,scale, 1.000E-08, 1.000E-01, 1.000E-01,1,8,0,0,16, 1.76640E-02, 3.656124868E+01,235,3,H1
Chwirut2_05,3,H, 1.000E+00,scale, 1.000E-08, 1.000E-01, 1.000E-01,1,9,0,0,23, 3.22970E-02, 3.658153203E+01,352,3,H1
Chwirut2_05,3,H, 1.000E+00,scale, 1.000E-08, 1.000E-01, 1.000E-01,1,10,0,0,12, 1.25100E-02, 3.656324691E+01,170,3,H1
Chwirut2_05,3,H, 1.000E+01,scale, 1.000E-08, 1.000E-01, 1.000E-01,1,1,0,0,20, 5.90980E-02, 3.657665721E+01,294,3,H10
Chwirut2_05,3,H, 1.000E+01,scale, 1.000E-08, 1.000E-01, 1.000E-01,1,2,0,0,34, 6.17550E-02, 3.655814942E+01,505,3,H10
Chwirut2_05,3,H, 1.000E+01,scale, 1.000E-08, 1.000E-01, 1.000E-01,1,3,0,0,15, 2.84260E-02, 3.657440945E+01,217,3,H10
Chwirut2_05,3,H, 1.000E+01,scale, 1.000E-08, 1.000E-01, 1.000E-01,1,4,0,0,16, 2.93140E-02, 3.656429156E+01,238,3,H10
Chwirut2_05,3,H, 1.000E+01,scale, 1.000E-08, 1.000E-01, 1.000E-01,1,5,0,0,16, 2.79710E-02, 3.656066589E+01,230,3,H10
Chwirut2_05,3,H, 1.000E+01,scale, 1.000E-08, 1.000E-01, 1.000E-01,1,6,0,0,12, 2.28480E-02, 3.655590324E+01,175,3,H10
Chwirut2_05,3,H, 1.000E+01,scale, 1.000E-08, 1.000E-01, 1.000E-01,1,7,0,0,24, 4.09040E-02, 3.657012160E+01,348,3,H10
Chwirut2_05,3,H, 1.000E+01,scale, 1.000E-08, 1.000E-01, 1.000E-01,1,8,0,0,16, 2.84920E-02, 3.656107969E+01,234,3,H10
Chwirut2_05,3,H, 1.000E+01,scale, 1.000E-08, 1.000E-01, 1.000E-01,1,9,0,0,23, 4.91070E-02, 3.658154526E+01,350,3,H10
Chwirut2_05,3,H, 1.000E+01,scale, 1.000E-08, 1.000E-01, 1.000E-01,1,10,0,0,12, 2.12270E-02, 3.656325637E+01,174,3,H10
Chwirut2_05,3,H, 1.000E+02,scale, 1.000E-08, 1.000E-01, 1.000E-01,1,1,0,0,20, 6.62140E-02, 3.657659989E+01,297,3,H100
Chwirut2_05,3,H, 1.000E+02,scale, 1.000E-08, 1.000E-01, 1.000E-01,1,2,0,0,34, 8.56630E-02, 3.655777316E+01,505,3,H100
Chwirut2_05,3,H, 1.000E+02,scale, 1.000E-08, 1.000E-01, 1.000E-01,1,3,0,0,15, 3.58560E-02, 3.657436316E+01,211,3,H100
Chwirut2_05,3,H, 1.000E+02,scale, 1.000E-08, 1.000E-01, 1.000E-01,1,4,0,0,16, 4.38730E-02, 3.656432754E+01,241,3,H100
Chwirut2_05,3,H, 1.000E+02,scale, 1.000E-08, 1.000E-01, 1.000E-01,1,5,0,0,16, 4.36640E-02, 3.656062638E+01,235,3,H100
Chwirut2_05,3,H, 1.000E+02,scale, 1.000E-08, 1.000E-01, 1.000E-01,1,6,0,0,12, 3.66380E-02, 3.655585520E+01,182,3,H100
Chwirut2_05,3,H, 1.000E+02,scale, 1.000E-08, 1.000E-01, 1.000E-01,1,7,0,0,24, 6.51350E-02, 3.656998261E+01,348,3,H100
Chwirut2_05,3,H, 1.000E+02,scale, 1.000E-08, 1.000E-01, 1.000E-01,1,8,0,0,16, 3.91070E-02, 3.655939092E+01,229,3,H100
Chwirut2_05,3,H, 1.000E+02,scale, 1.000E-08, 1.000E-01, 1.000E-01,1,9,0,0,23, 6.50960E-02, 3.658168309E+01,342,3,H100
Chwirut2_05,3,H, 1.000E+02,scale, 1.000E-08, 1.000E-01, 1.000E-01,1,10,0,0,12, 2.78290E-02, 3.656335241E+01,182,3,H100
Chwirut2_05,3,H, 1.000E+00,scale, 1.000E-08, 1.000E-01, 1.000E-01,1,1,0,0,27, 9.00530E-02, 3.655523480E+01,401,3,HA1
Chwirut2_05,3,H, 1.000E+00,scale, 1.000E-08, 1.000E-01, 1.000E-01,1,2,0,0,12, 2.69280E-02, 3.655573712E+01,168,3,HA1
Chwirut2_05,3,H, 1.000E+00,scale, 1.000E-08, 1.000E-01, 1.000E-01,1,3,0,0,15, 3.87760E-02, 3.655312529E+01,218,3,HA1
Chwirut2_05,3,H, 1.000E+00,scale, 1.000E-08, 1.000E-01, 1.000E-01,1,4,0,0,12, 2.28360E-02, 3.655332122E+01,163,3,HA1
Chwirut2_05,3,H, 1.000E+00,scale, 1.000E-08, 1.000E-01, 1.000E-01,1,5,0,0,12, 2.73300E-02, 3.663405698E+01,163,3,HA1
Chwirut2_05,3,H, 1.000E+00,scale, 1.000E-08, 1.000E-01, 1.000E-01,1,6,0,0,11, 2.64720E-02, 3.655434660E+01,165,3,HA1
Chwirut2_05,3,H, 1.000E+00,scale, 1.000E-08, 1.000E-01, 1.000E-01,1,7,0,0,21, 5.02190E-02, 3.655613393E+01,301,3,HA1
Chwirut2_05,3,H, 1.000E+00,scale, 1.000E-08, 1.000E-01, 1.000E-01,1,8,0,0,15, 4.03270E-02, 3.658833585E+01,218,3,HA1
Chwirut2_05,3,H, 1.000E+00,scale, 1.000E-08, 1.000E-01, 1.000E-01,1,9,0,0,19, 6.20340E-02, 3.657776234E+01,274,3,HA1
Chwirut2_05,3,H, 1.000E+00,scale, 1.000E-08, 1.000E-01, 1.000E-01,1,10,0,0,13, 2.86680E-02, 3.656766973E+01,178,3,HA1
Chwirut2_05,3,H, 1.000E+00,scale, 1.000E-08, 1.000E-01, 1.000E-01,1,1,0,0,13, 2.95550E-02, 3.659491575E+01,181,3,HA10
Chwirut2_05,3,H, 1.000E+00,scale, 1.000E-08, 1.000E-01, 1.000E-01,1,2,0,0,19, 4.88030E-02, 3.655363872E+01,264,3,HA10
Chwirut2_05,3,H, 1.000E+00,scale, 1.000E-08, 1.000E-01, 1.000E-01,1,3,0,0,17, 3.91410E-02, 3.655591371E+01,248,3,HA10
Chwirut2_05,3,H, 1.000E+00,scale, 1.000E-08, 1.000E-01, 1.000E-01,1,4,0,0,13, 2.19200E-02, 3.658809865E+01,189,3,HA10
Chwirut2_05,3,H, 1.000E+00,scale, 1.000E-08, 1.000E-01, 1.000E-01,1,5,0,0,17, 1.74830E-02, 9.821444969E+02,216,2,HA10
Chwirut2_05,3,H, 1.000E+00,scale, 1.000E-08, 1.000E-01, 1.000E-01,1,6,0,0,11, 2.51610E-02, 3.657705890E+01,160,3,HA10
Chwirut2_05,3,H, 1.000E+00,scale, 1.000E-08, 1.000E-01, 1.000E-01,1,7,0,0,18, 5.25150E-02, 3.657752032E+01,262,3,HA10
Chwirut2_05,3,H, 1.000E+00,scale, 1.000E-08, 1.000E-01, 1.000E-01,1,8,0,0,14, 3.63750E-02, 3.659110084E+01,197,3,HA10
Chwirut2_05,3,H, 1.000E+00,scale, 1.000E-08, 1.000E-01, 1.000E-01,1,9,0,0,20, 5.30690E-02, 3.657289592E+01,286,3,HA10
Chwirut2_05,3,H, 1.000E+00,scale, 1.000E-08, 1.000E-01, 1.000E-01,1,10,0,0,13, 2.17520E-02, 3.659559831E+01,188,3,HA10
Chwirut2_05,3,H, 1.000E+00,scale, 1.000E-08, 1.000E-01, 1.000E-01,1,1,0,0,14, 2.83880E-02, 3.661409236E+01,188,3,HA100
Chwirut2_05,3,H, 1.000E+00,scale, 1.000E-08, 1.000E-01, 1.000E-01,1,2,0,0,17, 3.41560E-02, 3.655786168E+01,248,3,HA100
Chwirut2_05,3,H, 1.000E+00,scale, 1.000E-08, 1.000E-01, 1.000E-01,1,3,0,0,14, 2.78370E-02, 3.657864589E+01,190,3,HA100
Chwirut2_05,3,H, 1.000E+00,scale, 1.000E-08, 1.000E-01, 1.000E-01,1,4,0,0,13, 2.68390E-02, 3.658883336E+01,181,3,HA100
Chwirut2_05,3,H, 1.000E+00,scale, 1.000E-08, 1.000E-01, 1.000E-01,1,5,0,0,13, 3.44990E-02, 3.656660196E+01,178,3,HA100
Chwirut2_05,3,H, 1.000E+00,scale, 1.000E-08, 1.000E-01, 1.000E-01,1,6,0,0,11, 2.92770E-02, 3.657605990E+01,161,3,HA100
Chwirut2_05,3,H, 1.000E+00,scale, 1.000E-08, 1.000E-01, 1.000E-01,1,7,0,0,21, 4.10630E-02, 3.655363955E+01,295,3,HA100
Chwirut2_05,3,H, 1.000E+00,scale, 1.000E-08, 1.000E-01, 1.000E-01,1,8,0,0,18, 3.70180E-02, 3.660000541E+01,249,3,HA100
Chwirut2_05,3,H, 1.000E+00,scale, 1.000E-08, 1.000E-01, 1.000E-01,1,9,0,0,20, 4.93830E-02, 3.656757835E+01,290,3,HA100
Chwirut2_05,3,H, 1.000E+00,scale, 1.000E-08, 1.000E-01, 1.000E-01,1,10,0,0,13, 1.86430E-02, 3.659799285E+01,188,3,HA100
Chwirut2_05,3,H, 1.000E+00,clip, 1.000E-08, 1.000E-01, 1.000E-01,1,1,0,0,20, 6.18870E-02, 3.657665932E+01,299,3,Hc1
Chwirut2_05,3,H, 1.000E+00,clip, 1.000E-08, 1.000E-01, 1.000E-01,1,2,0,0,34, 4.93410E-02, 3.655814671E+01,512,3,Hc1
Chwirut2_05,3,H, 1.000E+00,clip, 1.000E-08, 1.000E-01, 1.000E-01,1,3,0,0,15, 1.97700E-02, 3.657441100E+01,220,3,Hc1
Chwirut2_05,3,H, 1.000E+00,clip, 1.000E-08, 1.000E-01, 1.000E-01,1,4,0,0,16, 2.20700E-02, 3.656428589E+01,236,3,Hc1
Chwirut2_05,3,H, 1.000E+00,clip, 1.000E-08, 1.000E-01, 1.000E-01,1,5,0,0,16, 2.42270E-02, 3.656066699E+01,226,3,Hc1
Chwirut2_05,3,H, 1.000E+00,clip, 1.000E-08, 1.000E-01, 1.000E-01,1,6,0,0,12, 1.90210E-02, 3.655590761E+01,175,3,Hc1
Chwirut2_05,3,H, 1.000E+00,clip, 1.000E-08, 1.000E-01, 1.000E-01,1,7,0,0,24, 3.64740E-02, 3.657005980E+01,348,3,Hc1
Chwirut2_05,3,H, 1.000E+00,clip, 1.000E-08, 1.000E-01, 1.000E-01,1,8,0,0,16, 2.35620E-02, 3.656124696E+01,233,3,Hc1
Chwirut2_05,3,H, 1.000E+00,clip, 1.000E-08, 1.000E-01, 1.000E-01,1,9,0,0,23, 3.91470E-02, 3.658152776E+01,342,3,Hc1
Chwirut2_05,3,H, 1.000E+00,clip, 1.000E-08, 1.000E-01, 1.000E-01,1,10,0,0,12, 1.48540E-02, 3.656324546E+01,170,3,Hc1
Chwirut2_05,3,H, 1.000E+01,clip, 1.000E-08, 1.000E-01, 1.000E-01,1,1,0,0,20, 5.94270E-02, 3.657661595E+01,290,3,Hc10
Chwirut2_05,3,H, 1.000E+01,clip, 1.000E-08, 1.000E-01, 1.000E-01,1,2,0,0,34, 8.87170E-02, 3.655773412E+01,511,3,Hc10
Chwirut2_05,3,H, 1.000E+01,clip, 1.000E-08, 1.000E-01, 1.000E-01,1,3,0,0,15, 4.03470E-02, 3.657437583E+01,211,3,Hc10
Chwirut2_05,3,H, 1.000E+01,clip, 1.000E-08, 1.000E-01, 1.000E-01,1,4,0,0,16, 2.37840E-02, 3.656425989E+01,237,3,Hc10
Chwirut2_05,3,H, 1.000E+01,clip, 1.000E-08, 1.000E-01, 1.000E-01,1,5,0,0,16, 2.24790E-02, 3.656063134E+01,235,3,Hc10
Chwirut2_05,3,H, 1.000E+01,clip, 1.000E-08, 1.000E-01, 1.000E-01,1,6,0,0,12, 2.00840E-02, 3.655590215E+01,175,3,Hc10
Chwirut2_05,3,H, 1.000E+01,clip, 1.000E-08, 1.000E-01, 1.000E-01,1,7,0,0,24, 3.82900E-02, 3.656937017E+01,348,3,Hc10
Chwirut2_05,3,H, 1.000E+01,clip, 1.000E-08, 1.000E-01, 1.000E-01,1,8,0,0,16, 1.95370E-02, 3.656106148E+01,233,3,Hc10
Chwirut2_05,3,H, 1.000E+01,clip, 1.000E-08, 1.000E-01, 1.000E-01,1,9,0,0,23, 3.64830E-02, 3.658150952E+01,342,3,Hc10
Chwirut2_05,3,H, 1.000E+01,clip, 1.000E-08, 1.000E-01, 1.000E-01,1,10,0,0,12, 1.60600E-02, 3.656324130E+01,172,3,Hc10
Chwirut2_05,3,QN, 1.000E+04,scale, 1.000E-08, 1.000E-01, 1.000E-01,1,1,0,0,20, 5.54160E-02, 3.657076741E+01,297,3,QN
Chwirut2_05,3,QN, 1.000E+04,scale, 1.000E-08, 1.000E-01, 1.000E-01,1,2,0,0,34, 4.44330E-02, 3.656085631E+01,505,3,QN
Chwirut2_05,3,QN, 1.000E+04,scale, 1.000E-08, 1.000E-01, 1.000E-01,1,3,0,0,15, 1.85780E-02, 3.656929584E+01,215,3,QN
Chwirut2_05,3,QN, 1.000E+04,scale, 1.000E-08, 1.000E-01, 1.000E-01,1,4,0,0,16, 2.00580E-02, 3.656821411E+01,236,3,QN
Chwirut2_05,3,QN, 1.000E+04,scale, 1.000E-08, 1.000E-01, 1.000E-01,1,5,0,0,16, 2.06490E-02, 3.655627458E+01,230,3,QN
Chwirut2_05,3,QN, 1.000E+04,scale, 1.000E-08, 1.000E-01, 1.000E-01,1,6,0,0,12, 1.45150E-02, 3.655191291E+01,176,3,QN
Chwirut2_05,3,QN, 1.000E+04,scale, 1.000E-08, 1.000E-01, 1.000E-01,1,7,0,0,21, 2.25520E-02, 3.656786505E+01,294,3,QN
Chwirut2_05,3,QN, 1.000E+04,scale, 1.000E-08, 1.000E-01, 1.000E-01,1,8,0,0,16, 1.95400E-02, 3.655388865E+01,228,3,QN
Chwirut2_05,3,QN, 1.000E+04,scale, 1.000E-08, 1.000E-01, 1.000E-01,1,9,0,0,24, 3.53930E-02, 3.657789500E+01,362,3,QN
Chwirut2_05,3,QN, 1.000E+04,scale, 1.000E-08, 1.000E-01, 1.000E-01,1,10,0,0,13, 1.74440E-02, 3.656815788E+01,190,3,QN
Chwirut2_05,3,0, 1.000E+00,scale, 1.000E-08, 1.000E-01, 1.000E-01,2,1,0,0,14, 4.81510E-02, 3.658359814E+01,212,3,FO
Chwirut2_05,3,0, 1.000E+00,scale, 1.000E-08, 1.000E-01, 1.000E-01,2,2,0,0,14, 3.84030E-02, 3.659832699E+01,202,3,FO
Chwirut2_05,3,0, 1.000E+00,scale, 1.000E-08, 1.000E-01, 1.000E-01,2,3,0,0,19, 2.43030E-02, 3.660107458E+01,283,3,FO
Chwirut2_05,3,0, 1.000E+00,scale, 1.000E-08, 1.000E-01, 1.000E-01,2,4,0,0,12, 1.69310E-02, 3.655819411E+01,169,3,FO
Chwirut2_05,3,0, 1.000E+00,scale, 1.000E-08, 1.000E-01, 1.000E-01,2,5,0,0,18, 2.73250E-02, 3.657889895E+01,278,3,FO
Chwirut2_05,3,0, 1.000E+00,scale, 1.000E-08, 1.000E-01, 1.000E-01,2,6,0,0,20, 3.13660E-02, 3.655700858E+01,303,3,FO
Chwirut2_05,3,0, 1.000E+00,scale, 1.000E-08, 1.000E-01, 1.000E-01,2,7,0,0,25, 3.66500E-02, 3.656812194E+01,381,3,FO
Chwirut2_05,3,0, 1.000E+00,scale, 1.000E-08, 1.000E-01, 1.000E-01,2,8,0,0,15, 1.99550E-02, 3.655497747E+01,219,3,FO
Chwirut2_05,3,0, 1.000E+00,scale, 1.000E-08, 1.000E-01, 1.000E-01,2,9,0,0,19, 3.15490E-02, 3.657863324E+01,297,3,FO
Chwirut2_05,3,0, 1.000E+00,scale, 1.000E-08, 1.000E-01, 1.000E-01,2,10,0,0,24, 3.23860E-02, 3.657055154E+01,363,3,FO
Chwirut2_05,3,GN, 1.000E+04,scale, 1.000E-08, 1.000E-01, 1.000E-01,2,1,0,0,14, 4.93920E-02, 3.658400018E+01,219,3,GN
Chwirut2_05,3,GN, 1.000E+04,scale, 1.000E-08, 1.000E-01, 1.000E-01,2,2,0,0,14, 4.50720E-02, 3.657107508E+01,201,3,GN
Chwirut2_05,3,GN, 1.000E+04,scale, 1.000E-08, 1.000E-01, 1.000E-01,2,3,0,0,20, 2.86850E-02, 3.656491284E+01,300,3,GN
Chwirut2_05,3,GN, 1.000E+04,scale, 1.000E-08, 1.000E-01, 1.000E-01,2,4,0,0,12, 1.97310E-02, 3.656103489E+01,182,3,GN
Chwirut2_05,3,GN, 1.000E+04,scale, 1.000E-08, 1.000E-01, 1.000E-01,2,5,0,0,18, 3.05620E-02, 3.657654369E+01,282,3,GN
Chwirut2_05,3,GN, 1.000E+04,scale, 1.000E-08, 1.000E-01, 1.000E-01,2,6,0,0,20, 3.07750E-02, 3.656059142E+01,312,3,GN
Chwirut2_05,3,GN, 1.000E+04,scale, 1.000E-08, 1.000E-01, 1.000E-01,2,7,0,0,25, 3.81640E-02, 3.656516183E+01,395,3,GN
Chwirut2_05,3,GN, 1.000E+04,scale, 1.000E-08, 1.000E-01, 1.000E-01,2,8,0,0,15, 2.04810E-02, 3.656986176E+01,233,3,GN
Chwirut2_05,3,GN, 1.000E+04,scale, 1.000E-08, 1.000E-01, 1.000E-01,2,9,0,0,19, 3.28260E-02, 3.658581500E+01,294,3,GN
Chwirut2_05,3,GN, 1.000E+04,scale, 1.000E-08, 1.000E-01, 1.000E-01,2,10,0,0,24, 3.15600E-02, 3.658540869E+01,360,3,GN
Chwirut2_05,3,GN, 1.000E+00,scale, 1.000E-08, 1.000E-01, 1.000E-01,2,1,0,0,14, 6.34580E-02, 3.658359811E+01,214,3,GN1
Chwirut2_05,3,GN, 1.000E+00,scale, 1.000E-08, 1.000E-01, 1.000E-01,2,2,0,0,14, 4.90610E-02, 3.659833517E+01,215,3,GN1
Chwirut2_05,3,GN, 1.000E+00,scale, 1.000E-08, 1.000E-01, 1.000E-01,2,3,0,0,19, 2.98460E-02, 3.660107506E+01,280,3,GN1
Chwirut2_05,3,GN, 1.000E+00,scale, 1.000E-08, 1.000E-01, 1.000E-01,2,4,0,0,12, 2.35780E-02, 3.655819253E+01,184,3,GN1
Chwirut2_05,3,GN, 1.000E+00,scale, 1.000E-08, 1.000E-01, 1.000E-01,2,5,0,0,18, 3.07590E-02, 3.657889849E+01,274,3,GN1
Chwirut2_05,3,GN, 1.000E+00,scale, 1.000E-08, 1.000E-01, 1.000E-01,2,6,0,0,20, 3.40740E-02, 3.655701053E+01,305,3,GN1
Chwirut2_05,3,GN, 1.000E+00,scale, 1.000E-08, 1.000E-01, 1.000E-01,2,7,0,0,25, 4.23410E-02, 3.656812159E+01,386,3,GN1
Chwirut2_05,3,GN, 1.000E+00,scale, 1.000E-08, 1.000E-01, 1.000E-01,2,8,0,0,15, 2.43970E-02, 3.655497956E+01,219,3,GN1
Chwirut2_05,3,GN, 1.000E+00,scale, 1.000E-08, 1.000E-01, 1.000E-01,2,9,0,0,19, 3.77520E-02, 3.657863549E+01,292,3,GN1
Chwirut2_05,3,GN, 1.000E+00,scale, 1.000E-08, 1.000E-01, 1.000E-01,2,10,0,0,24, 3.96810E-02, 3.657055322E+01,360,3,GN1
Chwirut2_05,3,H, 1.000E+04,scale, 1.000E-08, 1.000E-01, 1.000E-01,2,1,0,0,14, 4.53270E-02, 3.658399984E+01,215,3,H
Chwirut2_05,3,H, 1.000E+04,scale, 1.000E-08, 1.000E-01, 1.000E-01,2,2,0,0,16, 5.18320E-02, 3.655779537E+01,238,3,H
Chwirut2_05,3,H, 1.000E+04,scale, 1.000E-08, 1.000E-01, 1.000E-01,2,3,0,0,20, 2.75580E-02, 3.656491410E+01,302,3,H
Chwirut2_05,3,H, 1.000E+04,scale, 1.000E-08, 1.000E-01, 1.000E-01,2,4,0,0,12, 1.98490E-02, 3.656101413E+01,176,3,H
Chwirut2_05,3,H, 1.000E+04,scale, 1.000E-08, 1.000E-01, 1.000E-01,2,5,0,0,18, 2.89370E-02, 3.657654657E+01,270,3,H
Chwirut2_05,3,H, 1.000E+04,scale, 1.000E-08, 1.000E-01, 1.000E-01,2,6,0,0,20, 2.81360E-02, 3.656059123E+01,299,3,H
Chwirut2_05,3,H, 1.000E+04,scale, 1.000E-08, 1.000E-01, 1.000E-01,2,7,0,0,25, 3.86880E-02, 3.656516456E+01,394,3,H
Chwirut2_05,3,H, 1.000E+04,scale, 1.000E-08, 1.000E-01, 1.000E-01,2,8,0,0,15, 2.16460E-02, 3.656985318E+01,223,3,H
Chwirut2_05,3,H, 1.000E+04,scale, 1.000E-08, 1.000E-01, 1.000E-01,2,9,0,0,19, 3.25550E-02, 3.658581489E+01,290,3,H
Chwirut2_05,3,H, 1.000E+04,scale, 1.000E-08, 1.000E-01, 1.000E-01,2,10,0,0,24, 3.38260E-02, 3.658540565E+01,360,3,H
Chwirut2_05,3,H, 1.000E-01,scale, 1.000E-08, 1.000E-01, 1.000E-01,2,1,0,0,14, 5.60430E-02, 3.658359811E+01,212,3,H0.1
Chwirut2_05,3,H, 1.000E-01,scale, 1.000E-08, 1.000E-01, 1.000E-01,2,2,0,0,14, 5.31300E-02, 3.659832767E+01,215,3,H0.1
Chwirut2_05,3,H, 1.000E-01,scale, 1.000E-08, 1.000E-01, 1.000E-01,2,3,0,0,19, 2.60590E-02, 3.660107453E+01,280,3,H0.1
Chwirut2_05,3,H, 1.000E-01,scale, 1.000E-08, 1.000E-01, 1.000E-01,2,4,0,0,12, 1.96330E-02, 3.655819408E+01,169,3,H0.1
Chwirut2_05,3,H, 1.000E-01,scale, 1.000E-08, 1.000E-01, 1.000E-01,2,5,0,0,18, 3.34660E-02, 3.657889905E+01,276,3,H0.1
Chwirut2_05,3,H, 1.000E-01,scale, 1.000E-08, 1.000E-01, 1.000E-01,2,6,0,0,20, 3.62370E-02, 3.655700879E+01,299,3,H0.1
Chwirut2_05,3,H, 1.000E-01,scale, 1.000E-08, 1.000E-01, 1.000E-01,2,7,0,0,25, 4.45450E-02, 3.656812134E+01,381,3,H0.1
Chwirut2_05,3,H, 1.000E-01,scale, 1.000E-08, 1.000E-01, 1.000E-01,2,8,0,0,15, 2.44570E-02, 3.655497751E+01,219,3,H0.1
Chwirut2_05,3,H, 1.000E-01,scale, 1.000E-08, 1.000E-01, 1.000E-01,2,9,0,0,19, 3.80160E-02, 3.657863333E+01,293,3,H0.1
Chwirut2_05,3,H, 1.000E-01,scale, 1.000E-08, 1.000E-01, 1.000E-01,2,10,0,0,24, 3.81040E-02, 3.657055153E+01,360,3,H0.1
Chwirut2_05,3,H, 1.000E+00,scale, 1.000E-08, 1.000E-01, 1.000E-01,2,1,0,0,14, 5.16770E-02, 3.658359863E+01,222,3,H1
Chwirut2_05,3,H, 1.000E+00,scale, 1.000E-08, 1.000E-01, 1.000E-01,2,2,0,0,14, 4.27250E-02, 3.659833412E+01,202,3,H1
Chwirut2_05,3,H, 1.000E+00,scale, 1.000E-08, 1.000E-01, 1.000E-01,2,3,0,0,19, 2.37540E-02, 3.660107551E+01,279,3,H1
Chwirut2_05,3,H, 1.000E+00,scale, 1.000E-08, 1.000E-01, 1.000E-01,2,4,0,0,12, 1.66150E-02, 3.655819240E+01,176,3,H1
Chwirut2_05,3,H, 1.000E+00,scale, 1.000E-08, 1.000E-01, 1.000E-01,2,5,0,0,18, 2.62260E-02, 3.657889847E+01,272,3,H1
Chwirut2_05,3,H, 1.000E+00,scale, 1.000E-08, 1.000E-01, 1.000E-01,2,6,0,0,20, 3.02500E-02, 3.655701006E+01,305,3,H1
Chwirut2_05,3,H, 1.000E+00,scale, 1.000E-08, 1.000E-01, 1.000E-01,2,7,0,0,25, 3.78170E-02, 3.656812109E+01,384,3,H1
Chwirut2_05,3,H, 1.000E+00,scale, 1.000E-08, 1.000E-01, 1.000E-01,2,8,0,0,15, 1.90530E-02, 3.655497883E+01,219,3,H1
Chwirut2_05,3,H, 1.000E+00,scale, 1.000E-08, 1.000E-01, 1.000E-01,2,9,0,0,19, 2.98980E-02, 3.657863426E+01,292,3,H1
Chwirut2_05,3,H, 1.000E+00,scale, 1.000E-08, 1.000E-01, 1.000E-01,2,10,0,0,24, 3.21800E-02, 3.657055299E+01,360,3,H1
Chwirut2_05,3,H, 1.000E+01,scale, 1.000E-08, 1.000E-01, 1.000E-01,2,1,0,0,14, 6.28840E-02, 3.658359837E+01,214,3,H10
Chwirut2_05,3,H, 1.000E+01,scale, 1.000E-08, 1.000E-01, 1.000E-01,2,2,0,0,14, 6.95460E-02, 3.659840234E+01,210,3,H10
Chwirut2_05,3,H, 1.000E+01,scale, 1.000E-08, 1.000E-01, 1.000E-01,2,3,0,0,19, 3.18350E-02, 3.660107923E+01,277,3,H10
Chwirut2_05,3,H, 1.000E+01,scale, 1.000E-08, 1.000E-01, 1.000E-01,2,4,0,0,12, 2.52200E-02, 3.655817741E+01,176,3,H10
Chwirut2_05,3,H, 1.000E+01,scale, 1.000E-08, 1.000E-01, 1.000E-01,2,5,0,0,18, 3.66590E-02, 3.657889676E+01,272,3,H10
Chwirut2_05,3,H, 1.000E+01,scale, 1.000E-08, 1.000E-01, 1.000E-01,2,6,0,0,20, 4.05820E-02, 3.655702241E+01,304,3,H10
Chwirut2_05,3,H, 1.000E+01,scale, 1.000E-08, 1.000E-01, 1.000E-01,2,7,0,0,25, 5.49360E-02, 3.656811874E+01,392,3,H10
Chwirut2_05,3,H, 1.000E+01,scale, 1.000E-08, 1.000E-01, 1.000E-01,2,8,0,0,15, 2.93130E-02, 3.655499253E+01,226,3,H10
Chwirut2_05,3,H, 1.000E+01,scale, 1.000E-08, 1.000E-01, 1.000E-01,2,9,0,0,19, 4.01120E-02, 3.657864059E+01,293,3,H10
Chwirut2_05,3,H, 1.000E+01,scale, 1.000E-08, 1.000E-01, 1.000E-01,2,10,0,0,24, 5.36780E-02, 3.657056627E+01,364,3,H10
Chwirut2_05,3,H, 1.000E+02,scale, 1.000E-08, 1.000E-01, 1.000E-01,2,1,0,0,14, 5.56610E-02, 3.658360668E+01,212,3,H100
Chwirut2_05,3,H, 1.000E+02,scale, 1.000E-08, 1.000E-01, 1.000E-01,2,2,0,0,14, 4.75750E-02, 3.659907778E+01,210,3,H100
Chwirut2_05,3,H, 1.000E+02,scale, 1.000E-08, 1.000E-01, 1.000E-01,2,3,0,0,19, 2.82120E-02, 3.660112289E+01,276,3,H100
Chwirut2_05,3,H, 1.000E+02,scale, 1.000E-08, 1.000E-01, 1.000E-01,2,4,0,0,12, 2.27540E-02, 3.655802707E+01,170,3,H100
Chwirut2_05,3,H, 1.000E+02,scale, 1.000E-08, 1.000E-01, 1.000E-01,2,5,0,0,18, 3.31460E-02, 3.657887532E+01,270,3,H100
Chwirut2_05,3,H, 1.000E+02,scale, 1.000E-08, 1.000E-01, 1.000E-01,2,6,0,0,20, 3.14790E-02, 3.655714651E+01,300,3,H100
Chwirut2_05,3,H, 1.000E+02,scale, 1.000E-08, 1.000E-01, 1.000E-01,2,7,0,0,25, 4.19290E-02, 3.656809230E+01,381,3,H100
Chwirut2_05,3,H, 1.000E+02,scale, 1.000E-08, 1.000E-01, 1.000E-01,2,8,0,0,15, 2.52500E-02, 3.655512960E+01,220,3,H100
Chwirut2_05,3,H, 1.000E+02,scale, 1.000E-08, 1.000E-01, 1.000E-01,2,9,0,0,19, 3.46960E-02, 3.657870534E+01,287,3,H100
Chwirut2_05,3,H, 1.000E+02,scale, 1.000E-08, 1.000E-01, 1.000E-01,2,10,0,0,24, 3.69180E-02, 3.657069987E+01,360,3,H100
Chwirut2_05,3,H, 1.000E+00,scale, 1.000E-08, 1.000E-01, 1.000E-01,2,1,0,0,13, 4.51480E-02, 3.655177751E+01,196,3,HA1
Chwirut2_05,3,H, 1.000E+00,scale, 1.000E-08, 1.000E-01, 1.000E-01,2,2,0,0,19, 6.14670E-02, 3.656991755E+01,277,3,HA1
Chwirut2_05,3,H, 1.000E+00,scale, 1.000E-08, 1.000E-01, 1.000E-01,2,3,0,0,15, 5.16420E-02, 3.655439522E+01,215,3,HA1
Chwirut2_05,3,H, 1.000E+00,scale, 1.000E-08, 1.000E-01, 1.000E-01,2,4,0,0,11, 2.71460E-02, 3.659374454E+01,147,3,HA1
Chwirut2_05,3,H, 1.000E+00,scale, 1.000E-08, 1.000E-01, 1.000E-01,2,5,0,0,19, 5.38830E-02, 3.656046619E+01,293,3,HA1
Chwirut2_05,3,H, 1.000E+00,scale, 1.000E-08, 1.000E-01, 1.000E-01,2,6,0,0,20, 4.24790E-02, 3.655890064E+01,294,3,HA1
Chwirut2_05,3,H, 1.000E+00,scale, 1.000E-08, 1.000E-01, 1.000E-01,2,7,0,0,17, 4.12790E-02, 3.657496779E+01,247,3,HA1
Chwirut2_05,3,H, 1.000E+00,scale, 1.000E-08, 1.000E-01, 1.000E-01,2,8,0,0,15, 3.10390E-02, 3.658057955E+01,221,3,HA1
Chwirut2_05,3,H, 1.000E+00,scale, 1.000E-08, 1.000E-01, 1.000E-01,2,9,0,0,15, 4.00470E-02, 3.657129633E+01,213,3,HA1
Chwirut2_05,3,H, 1.000E+00,scale, 1.000E-08, 1.000E-01, 1.000E-01,2,10,0,0,18, 4.40150E-02, 3.659825372E+01,261,3,HA1
Chwirut2_05,3,H, 1.000E+00,scale, 1.000E-08, 1.000E-01, 1.000E-01,2,1,0,0,16, 7.28710E-02, 3.655579562E+01,240,3,HA10
Chwirut2_05,3,H, 1.000E+00,scale, 1.000E-08, 1.000E-01, 1.000E-01,2,2,0,0,15, 4.45370E-02, 3.655435876E+01,211,3,HA10
Chwirut2_05,3,H, 1.000E+00,scale, 1.000E-08, 1.000E-01, 1.000E-01,2,3,0,0,21, 4.99070E-02, 3.657909734E+01,310,3,HA10
Chwirut2_05,3,H, 1.000E+00,scale, 1.000E-08, 1.000E-01, 1.000E-01,2,4,0,0,12, 2.33360E-02, 3.656871901E+01,169,3,HA10
Chwirut2_05,3,H, 1.000E+00,scale, 1.000E-08, 1.000E-01, 1.000E-01,2,5,0,0,17, 4.45050E-02, 3.655253167E+01,259,3,HA10
Chwirut2_05,3,H, 1.000E+00,scale, 1.000E-08, 1.000E-01, 1.000E-01,2,6,0,0,19, 3.75620E-02, 3.658828485E+01,281,3,HA10
Chwirut2_05,3,H, 1.000E+00,scale, 1.000E-08, 1.000E-01, 1.000E-01,2,7,0,0,17, 4.17170E-02, 3.656362014E+01,248,3,HA10
Chwirut2_05,3,H, 1.000E+00,scale, 1.000E-08, 1.000E-01, 1.000E-01,2,8,0,0,15, 3.80520E-02, 3.655421100E+01,211,3,HA10
Chwirut2_05,3,H, 1.000E+00,scale, 1.000E-08, 1.000E-01, 1.000E-01,2,9,0,0,13, 3.90800E-02, 3.657933927E+01,184,3,HA10
Chwirut2_05,3,H, 1.000E+00,scale, 1.000E-08, 1.000E-01, 1.000E-01,2,10,0,0,16, 4.96760E-02, 3.659820989E+01,238,3,HA10
Chwirut2_05,3,H, 1.000E+00,scale, 1.000E-08, 1.000E-01, 1.000E-01,2,1,0,0,14, 4.86160E-02, 3.655315961E+01,218,3,HA100
Chwirut2_05,3,H, 1.000E+00,scale, 1.000E-08, 1.000E-01, 1.000E-01,2,2,0,0,16, 4.42120E-02, 3.655131693E+01,230,3,HA100
Chwirut2_05,3,H, 1.000E+00,scale, 1.000E-08, 1.000E-01, 1.000E-01,2,3,0,0,18, 4.17870E-02, 3.658067868E+01,275,3,HA100
Chwirut2_05,3,H, 1.000E+00,scale, 1.000E-08, 1.000E-01, 1.000E-01,2,4,0,0,12, 2.17950E-02, 3.656686027E+01,169,3,HA100
Chwirut2_05,3,H, 1.000E+00,scale, 1.000E-08, 1.000E-01, 1.000E-01,2,5,0,0,12, 4.03590E-02, 3.656573767E+01,184,3,HA100
Chwirut2_05,3,H, 1.000E+00,scale, 1.000E-08, 1.000E-01, 1.000E-01,2,6,0,0,15, 3.50090E-02, 3.659400574E+01,214,3,HA100
Chwirut2_05,3,H, 1.000E+00,scale, 1.000E-08, 1.000E-01, 1.000E-01,2,7,0,0,17, 7.02410E-02, 3.657078589E+01,256,3,HA100
Chwirut2_05,3,H, 1.000E+00,scale, 1.000E-08, 1.000E-01, 1.000E-01,2,8,0,0,15, 4.68020E-02, 3.656023061E+01,213,3,HA100
Chwirut2_05,3,H, 1.000E+00,scale, 1.000E-08, 1.000E-01, 1.000E-01,2,9,0,0,13, 2.71080E-02, 3.658426807E+01,187,3,HA100
Chwirut2_05,3,H, 1.000E+00,scale, 1.000E-08, 1.000E-01, 1.000E-01,2,10,0,0,14, 3.80840E-02, 3.655720578E+01,218,3,HA100
Chwirut2_05,3,H, 1.000E+00,clip, 1.000E-08, 1.000E-01, 1.000E-01,2,1,0,0,14, 6.70220E-02, 3.658359854E+01,220,3,Hc1
Chwirut2_05,3,H, 1.000E+00,clip, 1.000E-08, 1.000E-01, 1.000E-01,2,2,0,0,14, 4.91560E-02, 3.659833409E+01,211,3,Hc1
Chwirut2_05,3,H, 1.000E+00,clip, 1.000E-08, 1.000E-01, 1.000E-01,2,3,0,0,19, 4.79340E-02, 3.660107533E+01,280,3,Hc1
Chwirut2_05,3,H, 1.000E+00,clip, 1.000E-08, 1.000E-01, 1.000E-01,2,4,0,0,12, 3.78650E-02, 3.655819241E+01,169,3,Hc1
Chwirut2_05,3,H, 1.000E+00,clip, 1.000E-08, 1.000E-01, 1.000E-01,2,5,0,0,18, 5.48070E-02, 3.657889651E+01,272,3,Hc1
Chwirut2_05,3,H, 1.000E+00,clip, 1.000E-08, 1.000E-01, 1.000E-01,2,6,0,0,20, 5.93760E-02, 3.655701051E+01,299,3,Hc1
Chwirut2_05,3,H, 1.000E+00,clip, 1.000E-08, 1.000E-01, 1.000E-01,2,7,0,0,25, 8.11950E-02, 3.656811856E+01,390,3,Hc1
Chwirut2_05,3,H, 1.000E+00,clip, 1.000E-08, 1.000E-01, 1.000E-01,2,8,0,0,15, 4.76570E-02, 3.655497945E+01,219,3,Hc1
Chwirut2_05,3,H, 1.000E+00,clip, 1.000E-08, 1.000E-01, 1.000E-01,2,9,0,0,19, 3.60690E-02, 3.657863397E+01,290,3,Hc1
Chwirut2_05,3,H, 1.000E+00,clip, 1.000E-08, 1.000E-01, 1.000E-01,2,10,0,0,24, 3.69280E-02, 3.657055425E+01,360,3,Hc1
Chwirut2_05,3,H, 1.000E+01,clip, 1.000E-08, 1.000E-01, 1.000E-01,2,1,0,0,14, 5.52050E-02, 3.658360044E+01,228,3,Hc10
Chwirut2_05,3,H, 1.000E+01,clip, 1.000E-08, 1.000E-01, 1.000E-01,2,2,0,0,14, 5.17340E-02, 3.659840052E+01,201,3,Hc10
Chwirut2_05,3,H, 1.000E+01,clip, 1.000E-08, 1.000E-01, 1.000E-01,2,3,0,0,19, 4.83990E-02, 3.660108100E+01,276,3,Hc10
Chwirut2_05,3,H, 1.000E+01,clip, 1.000E-08, 1.000E-01, 1.000E-01,2,4,0,0,12, 4.22850E-02, 3.655817610E+01,169,3,Hc10
Chwirut2_05,3,H, 1.000E+01,clip, 1.000E-08, 1.000E-01, 1.000E-01,2,5,0,0,18, 3.32790E-02, 3.657887424E+01,277,3,Hc10
Chwirut2_05,3,H, 1.000E+01,clip, 1.000E-08, 1.000E-01, 1.000E-01,2,6,0,0,20, 3.40130E-02, 3.655702419E+01,307,3,Hc10
Chwirut2_05,3,H, 1.000E+01,clip, 1.000E-08, 1.000E-01, 1.000E-01,2,7,0,0,25, 4.45000E-02, 3.656809350E+01,390,3,Hc10
Chwirut2_05,3,H, 1.000E+01,clip, 1.000E-08, 1.000E-01, 1.000E-01,2,8,0,0,15, 2.66820E-02, 3.655499434E+01,219,3,Hc10
Chwirut2_05,3,H, 1.000E+01,clip, 1.000E-08, 1.000E-01, 1.000E-01,2,9,0,0,19, 3.62160E-02, 3.657864243E+01,287,3,Hc10
Chwirut2_05,3,H, 1.000E+01,clip, 1.000E-08, 1.000E-01, 1.000E-01,2,10,0,0,24, 3.94530E-02, 3.657058012E+01,360,3,Hc10
Chwirut2_05,3,QN, 1.000E+04,scale, 1.000E-08, 1.000E-01, 1.000E-01,2,1,0,0,14, 5.06770E-02, 3.658395270E+01,225,3,QN
Chwirut2_05,3,QN, 1.000E+04,scale, 1.000E-08, 1.000E-01, 1.000E-01,2,2,0,0,15, 5.22510E-02, 3.655719735E+01,232,3,QN
Chwirut2_05,3,QN, 1.000E+04,scale, 1.000E-08, 1.000E-01, 1.000E-01,2,3,0,0,20, 2.86160E-02, 3.656733572E+01,295,3,QN
Chwirut2_05,3,QN, 1.000E+04,scale, 1.000E-08, 1.000E-01, 1.000E-01,2,4,0,0,12, 2.14150E-02, 3.655576863E+01,181,3,QN
Chwirut2_05,3,QN, 1.000E+04,scale, 1.000E-08, 1.000E-01, 1.000E-01,2,5,0,0,18, 2.99780E-02, 3.657615299E+01,271,3,QN
Chwirut2_05,3,QN, 1.000E+04,scale, 1.000E-08, 1.000E-01, 1.000E-01,2,6,0,0,20, 3.27620E-02, 3.655632969E+01,313,3,QN
Chwirut2_05,3,QN, 1.000E+04,scale, 1.000E-08, 1.000E-01, 1.000E-01,2,7,0,0,25, 4.09590E-02, 3.656894768E+01,381,3,QN
Chwirut2_05,3,QN, 1.000E+04,scale, 1.000E-08, 1.000E-01, 1.000E-01,2,8,0,0,15, 2.44190E-02, 3.656526071E+01,234,3,QN
Chwirut2_05,3,QN, 1.000E+04,scale, 1.000E-08, 1.000E-01, 1.000E-01,2,9,0,0,19, 3.41630E-02, 3.657934162E+01,287,3,QN
Chwirut2_05,3,QN, 1.000E+04,scale, 1.000E-08, 1.000E-01, 1.000E-01,2,10,0,0,24, 3.71270E-02, 3.657960123E+01,370,3,QN
Chwirut2_10,5,0, 1.000E+00,scale, 1.000E-08, 1.000E-01, 1.000E-01,1,1,0,0,50, 8.74620E-02, 2.649101411E+01,678,5,FO
Chwirut2_10,5,0, 1.000E+00,scale, 1.000E-08, 1.000E-01, 1.000E-01,1,2,0,0,50, 6.23550E-02, 2.648590097E+01,653,5,FO
Chwirut2_10,5,0, 1.000E+00,scale, 1.000E-08, 1.000E-01, 1.000E-01,1,3,0,0,51, 7.00230E-02, 2.648402435E+01,675,5,FO
Chwirut2_10,5,0, 1.000E+00,scale, 1.000E-08, 1.000E-01, 1.000E-01,1,4,0,0,59, 8.31670E-02, 2.646626886E+01,780,5,FO
Chwirut2_10,5,0, 1.000E+00,scale, 1.000E-08, 1.000E-01, 1.000E-01,1,5,0,0,54, 7.74180E-02, 2.646056301E+01,710,5,FO
Chwirut2_10,5,0, 1.000E+00,scale, 1.000E-08, 1.000E-01, 1.000E-01,1,6,0,0,48, 6.81200E-02, 2.644992456E+01,623,5,FO
Chwirut2_10,5,0, 1.000E+00,scale, 1.000E-08, 1.000E-01, 1.000E-01,1,7,0,0,59, 7.96780E-02, 2.644725864E+01,785,5,FO
Chwirut2_10,5,0, 1.000E+00,scale, 1.000E-08, 1.000E-01, 1.000E-01,1,8,0,0,43, 5.46220E-02, 2.648747429E+01,553,5,FO
Chwirut2_10,5,0, 1.000E+00,scale, 1.000E-08, 1.000E-01, 1.000E-01,1,9,0,0,55, 7.54240E-02, 2.646612983E+01,715,5,FO
Chwirut2_10,5,0, 1.000E+00,scale, 1.000E-08, 1.000E-01, 1.000E-01,1,10,0,0,48, 6.09850E-02, 2.645101758E+01,609,5,FO
Chwirut2_10,5,GN, 1.000E+04,scale, 1.000E-08, 1.000E-01, 1.000E-01,1,1,0,0,48, 1.17030E-01, 2.648614041E+01,644,5,GN
Chwirut2_10,5,GN, 1.000E+04,scale, 1.000E-08, 1.000E-01, 1.000E-01,1,2,0,0,51, 7.40130E-02, 2.644618925E+01,690,5,GN
Chwirut2_10,5,GN, 1.000E+04,scale, 1.000E-08, 1.000E-01, 1.000E-01,1,3,0,0,54, 8.33510E-02, 2.647503253E+01,725,5,GN
Chwirut2_10,5,GN, 1.000E+04,scale, 1.000E-08, 1.000E-01, 1.000E-01,1,4,0,0,57, 8.88880E-02, 2.645577210E+01,759,5,GN
Chwirut2_10,5,GN, 1.000E+04,scale, 1.000E-08, 1.000E-01, 1.000E-01,1,5,0,0,56, 9.26290E-02, 2.647850873E+01,736,5,GN
Chwirut2_10,5,GN, 1.000E+04,scale, 1.000E-08, 1.000E-01, 1.000E-01,1,6,0,0,47, 7.51480E-02, 2.646834469E+01,603,5,GN
Chwirut2_10,5,GN, 1.000E+04,scale, 1.000E-08, 1.000E-01, 1.000E-01,1,7,0,0,61, 9.09500E-02, 2.645890359E+01,817,5,GN
Chwirut2_10,5,GN, 1.000E+04,scale, 1.000E-08, 1.000E-01, 1.000E-01,1,8,0,0,44, 6.61670E-02, 2.649256970E+01,584,5,GN
Chwirut2_10,5,GN, 1.000E+04,scale, 1.000E-08, 1.000E-01, 1.000E-01,1,9,0,0,56, 8.89910E-02, 2.643181463E+01,742,5,GN
Chwirut2_10,5,GN, 1.000E+04,scale, 1.000E-08, 1.000E-01, 1.000E-01,1,10,0,0,53, 8.06720E-02, 2.646202752E+01,695,5,GN
Chwirut2_10,5,GN, 1.000E+00,scale, 1.000E-08, 1.000E-01, 1.000E-01,1,1,0,0,50, 1.02555E-01, 2.649100869E+01,678,5,GN1
Chwirut2_10,5,GN, 1.000E+00,scale, 1.000E-08, 1.000E-01, 1.000E-01,1,2,0,0,50, 7.32090E-02, 2.648590016E+01,653,5,GN1
Chwirut2_10,5,GN, 1.000E+00,scale, 1.000E-08, 1.000E-01, 1.000E-01,1,3,0,0,51, 8.34430E-02, 2.648401850E+01,675,5,GN1
Chwirut2_10,5,GN, 1.000E+00,scale, 1.000E-08, 1.000E-01, 1.000E-01,1,4,0,0,59, 1.08611E-01, 2.646625972E+01,780,5,GN1
Chwirut2_10,5,GN, 1.000E+00,scale, 1.000E-08, 1.000E-01, 1.000E-01,1,5,0,0,54, 9.00480E-02, 2.646054332E+01,710,5,GN1
Chwirut2_10,5,GN, 1.000E+00,scale, 1.000E-08, 1.000E-01, 1.000E-01,1,6,0,0,48, 8.26570E-02, 2.644988073E+01,623,5,GN1
Chwirut2_10,5,GN, 1.000E+00,scale, 1.000E-08, 1.000E-01, 1.000E-01,1,7,0,0,59, 1.06149E-01, 2.644725285E+01,785,5,GN1
Chwirut2_10,5,GN, 1.000E+00,scale, 1.000E-08, 1.000E-01, 1.000E-01,1,8,0,0,43, 7.50970E-02, 2.648746994E+01,553,5,GN1
Chwirut2_10,5,GN, 1.000E+00,scale, 1.000E-08, 1.000E-01, 1.000E-01,1,9,0,0,55, 9.24130E-02, 2.646621305E+01,715,5,GN1
Chwirut2_10,5,GN, 1.000E+00,scale, 1.000E-08, 1.000E-01, 1.000E-01,1,10,0,0,48, 8.32690E-02, 2.645101477E+01,609,5,GN1
Chwirut2_10,5,H, 1.000E+04,scale, 1.000E-08, 1.000E-01, 1.000E-01,1,1,0,0,41, 9.84250E-02, 2.646419314E+01,546,5,H
Chwirut2_10,5,H, 1.000E+04,scale, 1.000E-08, 1.000E-01, 1.000E-01,1,2,0,0,51, 7.54440E-02, 2.643893887E+01,676,5,H
Chwirut2_10,5,H, 1.000E+04,scale, 1.000E-08, 1.000E-01, 1.000E-01,1,3,0,0,49, 7.33060E-02, 2.648716094E+01,638,5,H
Chwirut2_10,5,H, 1.000E+04,scale, 1.000E-08, 1.000E-01, 1.000E-01,1,4,0,0,56, 9.08730E-02, 2.644336341E+01,744,5,H
Chwirut2_10,5,H, 1.000E+04,scale, 1.000E-08, 1.000E-01, 1.000E-01,1,5,0,0,55, 8.84810E-02, 2.646947121E+01,727,5,H
Chwirut2_10,5,H, 1.000E+04,scale, 1.000E-08, 1.000E-01, 1.000E-01,1,6,0,0,48, 7.35720E-02, 2.644414538E+01,620,5,H
Chwirut2_10,5,H, 1.000E+04,scale, 1.000E-08, 1.000E-01, 1.000E-01,1,7,0,0,60, 8.86310E-02, 2.644269131E+01,807,5,H
Chwirut2_10,5,H, 1.000E+04,scale, 1.000E-08, 1.000E-01, 1.000E-01,1,8,0,0,44, 6.65070E-02, 2.648829549E+01,570,5,H
Chwirut2_10,5,H, 1.000E+04,scale, 1.000E-08, 1.000E-01, 1.000E-01,1,9,0,0,53, 8.34880E-02, 2.646502777E+01,697,5,H
Chwirut2_10,5,H, 1.000E+04,scale, 1.000E-08, 1.000E-01, 1.000E-01,1,10,0,0,48, 7.28180E-02, 2.647115361E+01,624,5,H
Chwirut2_10,5,H, 1.000E-01,scale, 1.000E-08, 1.000E-01, 1.000E-01,1,1,0,0,50, 1.33855E-01, 2.649101688E+01,678,5,H0.1
Chwirut2_10,5,H, 1.000E-01,scale, 1.000E-08, 1.000E-01, 1.000E-01,1,2,0,0,50, 7.61600E-02, 2.648590303E+01,653,5,H0.1
Chwirut2_10,5,H, 1.000E-01,scale, 1.000E-08, 1.000E-01, 1.000E-01,1,3,0,0,51, 8.17960E-02, 2.648402708E+01,675,5,H0.1
Chwirut2_10,5,H, 1.000E-01,scale, 1.000E-08, 1.000E-01, 1.000E-01,1,4,0,0,59, 9.35530E-02, 2.646626707E+01,780,5,H0.1
Chwirut2_10,5,H, 1.000E-01,scale, 1.000E-08, 1.000E-01, 1.000E-01,1,5,0,0,54, 9.24120E-02, 2.646056150E+01,710,5,H0.1
Chwirut2_10,5,H, 1.000E-01,scale, 1.000E-08, 1.000E-01, 1.000E-01,1,6,0,0,48, 7.96320E-02, 2.644992669E+01,623,5,H0.1
Chwirut2_10,5,H, 1.000E-01,scale, 1.000E-08, 1.000E-01, 1.000E-01,1,7,0,0,59, 9.20230E-02, 2.644726184E+01,785,5,H0.1
Chwirut2_10,5,H, 1.000E-01,scale, 1.000E-08, 1.000E-01, 1.000E-01,1,8,0,0,43, 6.59550E-02, 2.648748371E+01,553,5,H0.1
Chwirut2_10,5,H, 1.000E-01,scale, 1.000E-08, 1.000E-01, 1.000E-01,1,9,0,0,55, 9.05230E-02, 2.646613322E+01,715,5,H0.1
Chwirut2_10,5,H, 1.000E-01,scale, 1.000E-08, 1.000E-01, 1.000E-01,1,10,0,0,48, 7.28430E-02, 2.645101908E+01,609,5,H0.1
Chwirut2_10,5,H, 1.000E+00,scale, 1.000E-08, 1.000E-01, 1.000E-01,1,1,0,0,50, 8.93430E-02, 2.649101447E+01,678,5,H1
Chwirut2_10,5,H, 1.000E+00,scale, 1.000E-08, 1.000E-01, 1.000E-01,1,2,0,0,50, 6.59640E-02, 2.648589835E+01,653,5,H1
Chwirut2_10,5,H, 1.000E+00,scale, 1.000E-08, 1.000E-01, 1.000E-01,1,3,0,0,51, 6.87080E-02, 2.648402313E+01,675,5,H1
Chwirut2_10,5,H, 1.000E+00,scale, 1.000E-08, 1.000E-01, 1.000E-01,1,4,0,0,59, 8.27610E-02, 2.646626406E+01,780,5,H1
Chwirut2_10,5,H, 1.000E+00,scale, 1.000E-08, 1.000E-01, 1.000E-01,1,5,0,0,54, 7.89030E-02, 2.646055807E+01,710,5,H1
Chwirut2_10,5,H, 1.000E+00,scale, 1.000E-08, 1.000E-01, 1.000E-01,1,6,0,0,48, 6.95960E-02, 2.644992497E+01,623,5,H1
Chwirut2_10,5,H, 1.000E+00,scale, 1.000E-08, 1.000E-01, 1.000E-01,1,7,0,0,59, 8.11220E-02, 2.644725665E+01,785,5,H1
Chwirut2_10,5,H, 1.000E+00,scale, 1.000E-08, 1.000E-01, 1.000E-01,1,8,0,0,43, 5.74470E-02, 2.648747330E+01,553,5,H1
Chwirut2_10,5,H, 1.000E+00,scale, 1.000E-08, 1.000E-01, 1.000E-01,1,9,0,0,55, 7.78770E-02, 2.646613268E+01,715,5,H1
Chwirut2_10,5,H, 1.000E+00,scale, 1.000E-08, 1.000E-01, 1.000E-01,1,10,0,0,48, 6.54390E-02, 2.645101671E+01,609,5,H1
Chwirut2_10,5,H, 1.000E+01,scale, 1.000E-08, 1.000E-01, 1.000E-01,1,1,0,0,50, 1.33774E-01, 2.649098753E+01,678,5,H10
Chwirut2_10,5,H, 1.000E+01,scale, 1.000E-08, 1.000E-01, 1.000E-01,1,2,0,0,50, 7.98850E-02, 2.648587525E+01,653,5,H10
Chwirut2_10,5,H, 1.000E+01,scale, 1.000E-08, 1.000E-01, 1.000E-01,1,3,0,0,51, 8.87840E-02, 2.648400445E+01,675,5,H10
Chwirut2_10,5,H, 1.000E+01,scale, 1.000E-08, 1.000E-01, 1.000E-01,1,4,0,0,59, 1.04597E-01, 2.646622483E+01,780,5,H10
Chwirut2_10,5,H, 1.000E+01,scale, 1.000E-08, 1.000E-01, 1.000E-01,1,5,0,0,54, 9.21450E-02, 2.646051610E+01,710,5,H10
Chwirut2_10,5,H, 1.000E+01,scale, 1.000E-08, 1.000E-01, 1.000E-01,1,6,0,0,48, 8.62250E-02, 2.645144058E+01,623,5,H10
Chwirut2_10,5,H, 1.000E+01,scale, 1.000E-08, 1.000E-01, 1.000E-01,1,7,0,0,59, 9.08010E-02, 2.644724069E+01,785,5,H10
Chwirut2_10,5,H, 1.000E+01,scale, 1.000E-08, 1.000E-01, 1.000E-01,1,8,0,0,43, 6.87200E-02, 2.648745682E+01,553,5,H10
Chwirut2_10,5,H, 1.000E+01,scale, 1.000E-08, 1.000E-01, 1.000E-01,1,9,0,0,55, 9.07530E-02, 2.646617058E+01,715,5,H10
Chwirut2_10,5,H, 1.000E+01,scale, 1.000E-08, 1.000E-01, 1.000E-01,1,10,0,0,48, 7.28600E-02, 2.645100586E+01,609,5,H10
Chwirut2_10,5,H, 1.000E+02,scale, 1.000E-08, 1.000E-01, 1.000E-01,1,1,0,0,50, 1.18496E-01, 2.649074631E+01,678,5,H100
Chwirut2_10,5,H, 1.000E+02,scale, 1.000E-08, 1.000E-01, 1.000E-01,1,2,0,0,50, 8.19860E-02, 2.648563667E+01,653,5,H100
Chwirut2_10,5,H, 1.000E+02,scale, 1.000E-08, 1.000E-01, 1.000E-01,1,3,0,0,51, 9.07540E-02, 2.648055582E+01,675,5,H100
Chwirut2_10,5,H, 1.000E+02,scale, 1.000E-08, 1.000E-01, 1.000E-01,1,4,0,0,59, 1.03994E-01, 2.646582981E+01,790,5,H100
Chwirut2_10,5,H, 1.000E+02,scale, 1.000E-08, 1.000E-01, 1.000E-01,1,5,0,0,54, 9.57480E-02, 2.646008198E+01,721,5,H100
Chwirut2_10,5,H, 1.000E+02,scale, 1.000E-08, 1.000E-01, 1.000E-01,1,6,0,0,48, 8.37390E-02, 2.645132028E+01,623,5,H100
Chwirut2_10,5,H, 1.000E+02,scale, 1.000E-08, 1.000E-01, 1.000E-01,1,7,0,0,59, 1.01040E-01, 2.644707550E+01,785,5,H100
Chwirut2_10,5,H, 1.000E+02,scale, 1.000E-08, 1.000E-01, 1.000E-01,1,8,0,0,43, 6.95620E-02, 2.648729777E+01,553,5,H100
Chwirut2_10,5,H, 1.000E+02,scale, 1.000E-08, 1.000E-01, 1.000E-01,1,9,0,0,56, 9.48390E-02, 2.646595960E+01,738,5,H100
Chwirut2_10,5,H, 1.000E+02,scale, 1.000E-08, 1.000E-01, 1.000E-01,1,10,0,0,48, 7.35920E-02, 2.645089810E+01,609,5,H100
Chwirut2_10,5,H, 1.000E+00,scale, 1.000E-08, 1.000E-01, 1.000E-01,1,1,0,0,50, 1.05654E-01, 2.646603398E+01,669,5,HA1
Chwirut2_10,5,H, 1.000E+00,scale, 1.000E-08, 1.000E-01, 1.000E-01,1,2,0,0,54, 1.02178E-01, 2.644947460E+01,724,5,HA1
Chwirut2_10,5,H, 1.000E+00,scale, 1.000E-08, 1.000E-01, 1.000E-01,1,3,0,0,42, 1.13861E-01, 2.646712540E+01,534,5,HA1
Chwirut2_10,5,H, 1.000E+00,scale, 1.000E-08, 1.000E-01, 1.000E-01,1,4,0,0,56, 1.12303E-01, 2.649074147E+01,742,5,HA1
Chwirut2_10,5,H, 1.000E+00,scale, 1.000E-08, 1.000E-01, 1.000E-01,1,5,0,0,57, 1.49851E-01, 2.644274938E+01,760,5,HA1
Chwirut2_10,5,H, 1.000E+00,scale, 1.000E-08, 1.000E-01, 1.000E-01,1,6,0,0,45, 8.94600E-02, 2.644908474E+01,571,5,HA1
Chwirut2_10,5,H, 1.000E+00,scale, 1.000E-08, 1.000E-01, 1.000E-01,1,7,0,0,61, 1.22995E-01, 2.644825823E+01,822,5,HA1
Chwirut2_10,5,H, 1.000E+00,scale, 1.000E-08, 1.000E-01, 1.000E-01,1,8,0,0,47, 9.31510E-02, 2.645864557E+01,618,5,HA1
Chwirut2_10,5,H, 1.000E+00,scale, 1.000E-08, 1.000E-01, 1.000E-01,1,9,0,0,51, 1.05450E-01, 2.643892205E+01,652,5,HA1
Chwirut2_10,5,H, 1.000E+00,scale, 1.000E-08, 1.000E-01, 1.000E-01,1,10,0,0,50, 8.92040E-02, 2.645104065E+01,642,5,HA1
Chwirut2_10,5,H, 1.000E+00,scale, 1.000E-08, 1.000E-01, 1.000E-01,1,1,0,0,50, 1.30881E-01, 2.645998821E+01,680,5,HA10
Chwirut2_10,5,H, 1.000E+00,scale, 1.000E-08, 1.000E-01, 1.000E-01,1,2,0,0,47, 9.32920E-02, 2.647393750E+01,610,5,HA10
Chwirut2_10,5,H, 1.000E+00,scale, 1.000E-08, 1.000E-01, 1.000E-01,1,3,0,0,44, 1.16303E-01, 2.649156441E+01,576,5,HA10
Chwirut2_10,5,H, 1.000E+00,scale, 1.000E-08, 1.000E-01, 1.000E-01,1,4,0,0,60, 1.32678E-01, 2.647193506E+01,809,5,HA10
Chwirut2_10,5,H, 1.000E+00,scale, 1.000E-08, 1.000E-01, 1.000E-01,1,5,0,0,56, 1.07790E-01, 2.645885799E+01,752,5,HA10
Chwirut2_10,5,H, 1.000E+00,scale, 1.000E-08, 1.000E-01, 1.000E-01,1,6,0,0,44, 8.53750E-02, 2.645782380E+01,552,5,HA10
Chwirut2_10,5,H, 1.000E+00,scale, 1.000E-08, 1.000E-01, 1.000E-01,1,7,0,0,64, 1.30801E-01, 2.645607286E+01,859,5,HA10
Chwirut2_10,5,H, 1.000E+00,scale, 1.000E-08, 1.000E-01, 1.000E-01,1,8,0,0,42, 9.70820E-02, 2.645787480E+01,542,5,HA10
Chwirut2_10,5,H, 1.000E+00,scale, 1.000E-08, 1.000E-01, 1.000E-01,1,9,0,0,47, 9.71030E-02, 2.644429445E+01,590,5,HA10
Chwirut2_10,5,H, 1.000E+00,scale, 1.000E-08, 1.000E-01, 1.000E-01,1,10,0,0,50, 1.02309E-01, 2.650477377E+01,638,5,HA10
Chwirut2_10,5,H, 1.000E+00,scale, 1.000E-08, 1.000E-01, 1.000E-01,1,1,0,0,41, 1.04065E-01, 2.649233795E+01,535,5,HA100
Chwirut2_10,5,H, 1.000E+00,scale, 1.000E-08, 1.000E-01, 1.000E-01,1,2,0,0,47, 1.12447E-01, 2.644449641E+01,610,5,HA100
Chwirut2_10,5,H, 1.000E+00,scale, 1.000E-08, 1.000E-01, 1.000E-01,1,3,0,0,39, 8.28750E-02, 2.647040035E+01,501,5,HA100
Chwirut2_10,5,H, 1.000E+00,scale, 1.000E-08, 1.000E-01, 1.000E-01,1,4,0,0,50, 1.38615E-01, 2.645569612E+01,661,5,HA100
Chwirut2_10,5,H, 1.000E+00,scale, 1.000E-08, 1.000E-01, 1.000E-01,1,5,0,0,55, 1.40015E-01, 2.645058125E+01,735,5,HA100
Chwirut2_10,5,H, 1.000E+00,scale, 1.000E-08, 1.000E-01, 1.000E-01,1,6,0,0,47, 1.16129E-01, 2.643670655E+01,608,5,HA100
Chwirut2_10,5,H, 1.000E+00,scale, 1.000E-08, 1.000E-01, 1.000E-01,1,7,0,0,54, 1.32910E-01, 2.644424011E+01,717,5,HA100
Chwirut2_10,5,H, 1.000E+00,scale, 1.000E-08, 1.000E-01, 1.000E-01,1,8,0,0,45, 9.66020E-02, 2.646962890E+01,597,5,HA100
Chwirut2_10,5,H, 1.000E+00,scale, 1.000E-08, 1.000E-01, 1.000E-01,1,9,0,0,42, 1.09896E-01, 2.643526564E+01,528,5,HA100
Chwirut2_10,5,H, 1.000E+00,scale, 1.000E-08, 1.000E-01, 1.000E-01,1,10,0,0,57, 1.33771E-01, 2.644197772E+01,756,5,HA100
Chwirut2_10,5,H, 1.000E+00,clip, 1.000E-08, 1.000E-01, 1.000E-01,1,1,0,0,50, 1.29258E-01, 2.649092662E+01,678,5,Hc1
Chwirut2_10,5,H, 1.000E+00,clip, 1.000E-08, 1.000E-01, 1.000E-01,1,2,0,0,50, 7.61070E-02, 2.648581832E+01,653,5,Hc1
Chwirut2_10,5,H, 1.000E+00,clip, 1.000E-08, 1.000E-01, 1.000E-01,1,3,0,0,51, 7.98920E-02, 2.648069085E+01,675,5,Hc1
Chwirut2_10,5,H, 1.000E+00,clip, 1.000E-08, 1.000E-01, 1.000E-01,1,4,0,0,59, 9.87510E-02, 2.646572877E+01,780,5,Hc1
Chwirut2_10,5,H, 1.000E+00,clip, 1.000E-08, 1.000E-01, 1.000E-01,1,5,0,0,54, 9.10310E-02, 2.646015034E+01,710,5,Hc1
Chwirut2_10,5,H, 1.000E+00,clip, 1.000E-08, 1.000E-01, 1.000E-01,1,6,0,0,48, 7.61830E-02, 2.644987337E+01,623,5,Hc1
Chwirut2_10,5,H, 1.000E+00,clip, 1.000E-08, 1.000E-01, 1.000E-01,1,7,0,0,59, 9.37970E-02, 2.644719334E+01,785,5,Hc1
Chwirut2_10,5,H, 1.000E+00,clip, 1.000E-08, 1.000E-01, 1.000E-01,1,8,0,0,43, 6.79500E-02, 2.648741371E+01,553,5,Hc1
Chwirut2_10,5,H, 1.000E+00,clip, 1.000E-08, 1.000E-01, 1.000E-01,1,9,0,0,55, 9.08910E-02, 2.646648493E+01,715,5,Hc1
Chwirut2_10,5,H, 1.000E+00,clip, 1.000E-08, 1.000E-01, 1.000E-01,1,10,0,0,48, 7.79360E-02, 2.645103437E+01,617,5,Hc1
Chwirut2_10,5,H, 1.000E+01,clip, 1.000E-08, 1.000E-01, 1.000E-01,1,1,0,0,50, 1.32264E-01, 2.649012200E+01,678,5,Hc10
Chwirut2_10,5,H, 1.000E+01,clip, 1.000E-08, 1.000E-01, 1.000E-01,1,2,0,0,50, 7.71150E-02, 2.648358419E+01,653,5,Hc10
Chwirut2_10,5,H, 1.000E+01,clip, 1.000E-08, 1.000E-01, 1.000E-01,1,3,0,0,51, 8.51210E-02, 2.647791300E+01,675,5,Hc10
Chwirut2_10,5,H, 1.000E+01,clip, 1.000E-08, 1.000E-01, 1.000E-01,1,4,0,0,59, 1.01370E-01, 2.646231224E+01,780,5,Hc10
Chwirut2_10,5,H, 1.000E+01,clip, 1.000E-08, 1.000E-01, 1.000E-01,1,5,0,0,54, 1.02758E-01, 2.645641979E+01,710,5,Hc10
Chwirut2_10,5,H, 1.000E+01,clip, 1.000E-08, 1.000E-01, 1.000E-01,1,6,0,0,47, 8.22550E-02, 2.645169272E+01,605,5,Hc10
Chwirut2_10,5,H, 1.000E+01,clip, 1.000E-08, 1.000E-01, 1.000E-01,1,7,0,0,58, 9.49990E-02, 2.644886784E+01,767,5,Hc10
Chwirut2_10,5,H, 1.000E+01,clip, 1.000E-08, 1.000E-01, 1.000E-01,1,8,0,0,43, 7.02740E-02, 2.648356427E+01,553,5,Hc10
Chwirut2_10,5,H, 1.000E+01,clip, 1.000E-08, 1.000E-01, 1.000E-01,1,9,0,0,56, 9.75660E-02, 2.646908886E+01,738,5,Hc10
Chwirut2_10,5,H, 1.000E+01,clip, 1.000E-08, 1.000E-01, 1.000E-01,1,10,0,0,48, 8.59590E-02, 2.645117167E+01,609,5,Hc10
Chwirut2_10,5,QN, 1.000E+04,scale, 1.000E-08, 1.000E-01, 1.000E-01,1,1,0,0,41, 9.52980E-02, 2.647532762E+01,532,5,QN
Chwirut2_10,5,QN, 1.000E+04,scale, 1.000E-08, 1.000E-01, 1.000E-01,1,2,0,0,50, 7.15620E-02, 2.644470267E+01,653,5,QN
Chwirut2_10,5,QN, 1.000E+04,scale, 1.000E-08, 1.000E-01, 1.000E-01,1,3,0,0,49, 7.67820E-02, 2.649028947E+01,638,5,QN
Chwirut2_10,5,QN, 1.000E+04,scale, 1.000E-08, 1.000E-01, 1.000E-01,1,4,0,0,56, 9.07960E-02, 2.644493048E+01,752,5,QN
Chwirut2_10,5,QN, 1.000E+04,scale, 1.000E-08, 1.000E-01, 1.000E-01,1,5,0,0,54, 9.11090E-02, 2.647789125E+01,717,5,QN
Chwirut2_10,5,QN, 1.000E+04,scale, 1.000E-08, 1.000E-01, 1.000E-01,1,6,0,0,49, 7.69230E-02, 2.643969341E+01,643,5,QN
Chwirut2_10,5,QN, 1.000E+04,scale, 1.000E-08, 1.000E-01, 1.000E-01,1,7,0,0,60, 9.20620E-02, 2.643963907E+01,807,5,QN
Chwirut2_10,5,QN, 1.000E+04,scale, 1.000E-08, 1.000E-01, 1.000E-01,1,8,0,0,43, 6.35150E-02, 2.648733627E+01,553,5,QN
Chwirut2_10,5,QN, 1.000E+04,scale, 1.000E-08, 1.000E-01, 1.000E-01,1,9,0,0,56, 9.14610E-02, 2.646712173E+01,738,5,QN
Chwirut2_10,5,QN, 1.000E+04,scale, 1.000E-08, 1.000E-01, 1.000E-01,1,10,0,0,53, 8.34960E-02, 2.645863419E+01,689,5,QN
Chwirut2_10,5,0, 1.000E+00,scale, 1.000E-08, 1.000E-01, 1.000E-01,2,1,0,0,16, 2.93120E-02, 2.643519463E+01,188,5,FO
Chwirut2_10,5,0, 1.000E+00,scale, 1.000E-08, 1.000E-01, 1.000E-01,2,2,0,0,33, 4.05500E-02, 2.646437829E+01,422,5,FO
Chwirut2_10,5,0, 1.000E+00,scale, 1.000E-08, 1.000E-01, 1.000E-01,2,3,0,0,41, 5.32120E-02, 2.644305569E+01,531,5,FO
Chwirut2_10,5,0, 1.000E+00,scale, 1.000E-08, 1.000E-01, 1.000E-01,2,4,0,0,28, 3.63410E-02, 2.643333624E+01,360,5,FO
Chwirut2_10,5,0, 1.000E+00,scale, 1.000E-08, 1.000E-01, 1.000E-01,2,5,0,0,36, 4.58150E-02, 2.644028068E+01,475,5,FO
Chwirut2_10,5,0, 1.000E+00,scale, 1.000E-08, 1.000E-01, 1.000E-01,2,6,0,0,47, 6.08300E-02, 2.645734333E+01,627,5,FO
Chwirut2_10,5,0, 1.000E+00,scale, 1.000E-08, 1.000E-01, 1.000E-01,2,7,0,0,30, 3.45990E-02, 2.645718986E+01,394,5,FO
Chwirut2_10,5,0, 1.000E+00,scale, 1.000E-08, 1.000E-01, 1.000E-01,2,8,0,0,30, 3.56570E-02, 2.646666556E+01,401,5,FO
Chwirut2_10,5,0, 1.000E+00,scale, 1.000E-08, 1.000E-01, 1.000E-01,2,9,0,0,24, 3.13980E-02, 2.644044359E+01,289,5,FO
Chwirut2_10,5,0, 1.000E+00,scale, 1.000E-08, 1.000E-01, 1.000E-01,2,10,0,0,41, 5.53290E-02, 2.646973065E+01,532,5,FO
Chwirut2_10,5,GN, 1.000E+04,scale, 1.000E-08, 1.000E-01, 1.000E-01,2,1,0,0,16, 3.23260E-02, 2.643683036E+01,188,5,GN
Chwirut2_10,5,GN, 1.000E+04,scale, 1.000E-08, 1.000E-01, 1.000E-01,2,2,0,0,32, 4.30360E-02, 2.646954468E+01,409,5,GN
Chwirut2_10,5,GN, 1.000E+04,scale, 1.000E-08, 1.000E-01, 1.000E-01,2,3,0,0,41, 6.05490E-02, 2.645228305E+01,531,5,GN
Chwirut2_10,5,GN, 1.000E+04,scale, 1.000E-08, 1.000E-01, 1.000E-01,2,4,0,0,28, 4.17540E-02, 2.646763928E+01,355,5,GN
Chwirut2_10,5,GN, 1.000E+04,scale, 1.000E-08, 1.000E-01, 1.000E-01,2,5,0,0,36, 5.07520E-02, 2.643960806E+01,476,5,GN
Chwirut2_10,5,GN, 1.000E+04,scale, 1.000E-08, 1.000E-01, 1.000E-01,2,6,0,0,51, 7.49400E-02, 2.644579039E+01,693,5,GN
Chwirut2_10,5,GN, 1.000E+04,scale, 1.000E-08, 1.000E-01, 1.000E-01,2,7,0,0,30, 4.08590E-02, 2.645746673E+01,405,5,GN
Chwirut2_10,5,GN, 1.000E+04,scale, 1.000E-08, 1.000E-01, 1.000E-01,2,8,0,0,30, 3.97680E-02, 2.644781554E+01,401,5,GN
Chwirut2_10,5,GN, 1.000E+04,scale, 1.000E-08, 1.000E-01, 1.000E-01,2,9,0,0,28, 4.10120E-02, 2.644324815E+01,354,5,GN
Chwirut2_10,5,GN, 1.000E+04,scale, 1.000E-08, 1.000E-01, 1.000E-01,2,10,0,0,42, 6.26660E-02, 2.644090237E+01,547,5,GN
Chwirut2_10,5,GN, 1.000E+00,scale, 1.000E-08, 1.000E-01, 1.000E-01,2,1,0,0,16, 3.77020E-02, 2.643519462E+01,188,5,GN1
Chwirut2_10,5,GN, 1.000E+00,scale, 1.000E-08, 1.000E-01, 1.000E-01,2,2,0,0,33, 8.85510E-02, 2.646437981E+01,422,5,GN1
Chwirut2_10,5,GN, 1.000E+00,scale, 1.000E-08, 1.000E-01, 1.000E-01,2,3,0,0,41, 1.10492E-01, 2.644305363E+01,531,5,GN1
Chwirut2_10,5,GN, 1.000E+00,scale, 1.000E-08, 1.000E-01, 1.000E-01,2,4,0,0,28, 7.65190E-02, 2.643333376E+01,360,5,GN1
Chwirut2_10,5,GN, 1.000E+00,scale, 1.000E-08, 1.000E-01, 1.000E-01,2,5,0,0,36, 9.61730E-02, 2.644028158E+01,475,5,GN1
Chwirut2_10,5,GN, 1.000E+00,scale, 1.000E-08, 1.000E-01, 1.000E-01,2,6,0,0,47, 1.52175E-01, 2.645734390E+01,627,5,GN1
Chwirut2_10,5,GN, 1.000E+00,scale, 1.000E-08, 1.000E-01, 1.000E-01,2,7,0,0,30, 8.00000E-02, 2.645719020E+01,394,5,GN1
Chwirut2_10,5,GN, 1.000E+00,scale, 1.000E-08, 1.000E-01, 1.000E-01,2,8,0,0,30, 7.66600E-02, 2.646666421E+01,401,5,GN1
Chwirut2_10,5,GN, 1.000E+00,scale, 1.000E-08, 1.000E-01, 1.000E-01,2,9,0,0,24, 6.55610E-02, 2.644044374E+01,289,5,GN1
Chwirut2_10,5,GN, 1.000E+00,scale, 1.000E-08, 1.000E-01, 1.000E-01,2,10,0,0,41, 1.11951E-01, 2.646972934E+01,532,5,GN1
Chwirut2_10,5,H, 1.000E+04,scale, 1.000E-08, 1.000E-01, 1.000E-01,2,1,0,0,16, 3.35700E-02, 2.643690622E+01,188,5,H
Chwirut2_10,5,H, 1.000E+04,scale, 1.000E-08, 1.000E-01, 1.000E-01,2,2,0,0,32, 4.38500E-02, 2.646965807E+01,409,5,H
Chwirut2_10,5,H, 1.000E+04,scale, 1.000E-08, 1.000E-01, 1.000E-01,2,3,0,0,41, 6.23240E-02, 2.645235280E+01,531,5,H
Chwirut2_10,5,H, 1.000E+04,scale, 1.000E-08, 1.000E-01, 1.000E-01,2,4,0,0,28, 4.15490E-02, 2.646770446E+01,355,5,H
Chwirut2_10,5,H, 1.000E+04,scale, 1.000E-08, 1.000E-01, 1.000E-01,2,5,0,0,36, 5.10890E-02, 2.643970167E+01,476,5,H
Chwirut2_10,5,H, 1.000E+04,scale, 1.000E-08, 1.000E-01, 1.000E-01,2,6,0,0,51, 7.50310E-02, 2.644593916E+01,693,5,H
Chwirut2_10,5,H, 1.000E+04,scale, 1.000E-08, 1.000E-01, 1.000E-01,2,7,0,0,30, 4.02650E-02, 2.645700321E+01,405,5,H
Chwirut2_10,5,H, 1.000E+04,scale, 1.000E-08, 1.000E-01, 1.000E-01,2,8,0,0,30, 3.79250E-02, 2.644792903E+01,401,5,H
Chwirut2_10,5,H, 1.000E+04,scale, 1.000E-08, 1.000E-01, 1.000E-01,2,9,0,0,28, 4.19470E-02, 2.644284870E+01,354,5,H
Chwirut2_10,5,H, 1.000E+04,scale, 1.000E-08, 1.000E-01, 1.000E-01,2,10,0,0,42, 6.23780E-02, 2.644105511E+01,547,5,H
Chwirut2_10,5,H, 1.000E-01,scale, 1.000E-08, 1.000E-01, 1.000E-01,2,1,0,0,16, 3.79880E-02, 2.643519464E+01,188,5,H0.1
Chwirut2_10,5,H, 1.000E-01,scale, 1.000E-08, 1.000E-01, 1.000E-01,2,2,0,0,33, 4.70110E-02, 2.646437764E+01,422,5,H0.1
Chwirut2_10,5,H, 1.000E-01,scale, 1.000E-08, 1.000E-01, 1.000E-01,2,3,0,0,41, 6.35210E-02, 2.644305610E+01,531,5,H0.1
Chwirut2_10,5,H, 1.000E-01,scale, 1.000E-08, 1.000E-01, 1.000E-01,2,4,0,0,28, 4.10460E-02, 2.643333617E+01,360,5,H0.1
Chwirut2_10,5,H, 1.000E-01,scale, 1.000E-08, 1.000E-01, 1.000E-01,2,5,0,0,36, 5.60830E-02, 2.644028174E+01,475,5,H0.1
Chwirut2_10,5,H, 1.000E-01,scale, 1.000E-08, 1.000E-01, 1.000E-01,2,6,0,0,47, 6.91030E-02, 2.645734336E+01,627,5,H0.1
Chwirut2_10,5,H, 1.000E-01,scale, 1.000E-08, 1.000E-01, 1.000E-01,2,7,0,0,30, 3.93890E-02, 2.645719328E+01,394,5,H0.1
Chwirut2_10,5,H, 1.000E-01,scale, 1.000E-08, 1.000E-01, 1.000E-01,2,8,0,0,30, 4.22990E-02, 2.646666536E+01,401,5,H0.1
Chwirut2_10,5,H, 1.000E-01,scale, 1.000E-08, 1.000E-01, 1.000E-01,2,9,0,0,24, 3.69040E-02, 2.644044342E+01,289,5,H0.1
Chwirut2_10,5,H, 1.000E-01,scale, 1.000E-08, 1.000E-01, 1.000E-01,2,10,0,0,41, 6.51140E-02, 2.646973215E+01,532,5,H0.1
Chwirut2_10,5,H, 1.000E+00,scale, 1.000E-08, 1.000E-01, 1.000E-01,2,1,0,0,16, 2.96040E-02, 2.643519494E+01,188,5,H1
Chwirut2_10,5,H, 1.000E+00,scale, 1.000E-08, 1.000E-01, 1.000E-01,2,2,0,0,33, 7.17290E-02, 2.646437981E+01,422,5,H1
Chwirut2_10,5,H, 1.000E+00,scale, 1.000E-08, 1.000E-01, 1.000E-01,2,3,0,0,41, 9.32920E-02, 2.644305701E+01,531,5,H1
Chwirut2_10,5,H, 1.000E+00,scale, 1.000E-08, 1.000E-01, 1.000E-01,2,4,0,0,28, 6.30040E-02, 2.643333338E+01,360,5,H1
Chwirut2_10,5,H, 1.000E+00,scale, 1.000E-08, 1.000E-01, 1.000E-01,2,5,0,0,36, 7.54440E-02, 2.644028098E+01,475,5,H1
Chwirut2_10,5,H, 1.000E+00,scale, 1.000E-08, 1.000E-01, 1.000E-01,2,6,0,0,47, 1.04723E-01, 2.645734445E+01,627,5,H1
Chwirut2_10,5,H, 1.000E+00,scale, 1.000E-08, 1.000E-01, 1.000E-01,2,7,0,0,30, 6.08470E-02, 2.645718977E+01,394,5,H1
Chwirut2_10,5,H, 1.000E+00,scale, 1.000E-08, 1.000E-01, 1.000E-01,2,8,0,0,30, 6.10710E-02, 2.646666403E+01,401,5,H1
Chwirut2_10,5,H, 1.000E+00,scale, 1.000E-08, 1.000E-01, 1.000E-01,2,9,0,0,24, 5.28940E-02, 2.644044381E+01,289,5,H1
Chwirut2_10,5,H, 1.000E+00,scale, 1.000E-08, 1.000E-01, 1.000E-01,2,10,0,0,41, 9.31400E-02, 2.646973098E+01,532,5,H1
Chwirut2_10,5,H, 1.000E+01,scale, 1.000E-08, 1.000E-01, 1.000E-01,2,1,0,0,16, 3.68750E-02, 2.643519647E+01,188,5,H10
Chwirut2_10,5,H, 1.000E+01,scale, 1.000E-08, 1.000E-01, 1.000E-01,2,2,0,0,33, 4.96620E-02, 2.646439309E+01,422,5,H10
Chwirut2_10,5,H, 1.000E+01,scale, 1.000E-08, 1.000E-01, 1.000E-01,2,3,0,0,41, 6.85500E-02, 2.644306673E+01,531,5,H10
Chwirut2_10,5,H, 1.000E+01,scale, 1.000E-08, 1.000E-01, 1.000E-01,2,4,0,0,28, 4.49250E-02, 2.643331063E+01,360,5,H10
Chwirut2_10,5,H, 1.000E+01,scale, 1.000E-08, 1.000E-01, 1.000E-01,2,5,0,0,36, 5.72120E-02, 2.644028242E+01,475,5,H10
Chwirut2_10,5,H, 1.000E+01,scale, 1.000E-08, 1.000E-01, 1.000E-01,2,6,0,0,47, 7.59210E-02, 2.645735497E+01,627,5,H10
Chwirut2_10,5,H, 1.000E+01,scale, 1.000E-08, 1.000E-01, 1.000E-01,2,7,0,0,30, 4.41970E-02, 2.645718965E+01,394,5,H10
Chwirut2_10,5,H, 1.000E+01,scale, 1.000E-08, 1.000E-01, 1.000E-01,2,8,0,0,30, 4.55710E-02, 2.646665270E+01,401,5,H10
Chwirut2_10,5,H, 1.000E+01,scale, 1.000E-08, 1.000E-01, 1.000E-01,2,9,0,0,24, 4.05790E-02, 2.644044567E+01,298,5,H10
Chwirut2_10,5,H, 1.000E+01,scale, 1.000E-08, 1.000E-01, 1.000E-01,2,10,0,0,41, 7.65680E-02, 2.646973432E+01,532,5,H10
Chwirut2_10,5,H, 1.000E+02,scale, 1.000E-08, 1.000E-01, 1.000E-01,2,1,0,0,16, 3.44150E-02, 2.643521190E+01,198,5,H100
Chwirut2_10,5,H, 1.000E+02,scale, 1.000E-08, 1.000E-01, 1.000E-01,2,2,0,0,33, 5.21970E-02, 2.646452671E+01,422,5,H100
Chwirut2_10,5,H, 1.000E+02,scale, 1.000E-08, 1.000E-01, 1.000E-01,2,3,0,0,41, 6.80630E-02, 2.644316327E+01,531,5,H100
Chwirut2_10,5,H, 1.000E+02,scale, 1.000E-08, 1.000E-01, 1.000E-01,2,4,0,0,28, 4.57290E-02, 2.643307407E+01,371,5,H100
Chwirut2_10,5,H, 1.000E+02,scale, 1.000E-08, 1.000E-01, 1.000E-01,2,5,0,0,36, 5.69060E-02, 2.644029547E+01,475,5,H100
Chwirut2_10,5,H, 1.000E+02,scale, 1.000E-08, 1.000E-01, 1.000E-01,2,6,0,0,47, 7.27640E-02, 2.645745833E+01,627,5,H100
Chwirut2_10,5,H, 1.000E+02,scale, 1.000E-08, 1.000E-01, 1.000E-01,2,7,0,0,30, 4.51240E-02, 2.645718809E+01,394,5,H100
Chwirut2_10,5,H, 1.000E+02,scale, 1.000E-08, 1.000E-01, 1.000E-01,2,8,0,0,30, 4.37200E-02, 2.646653118E+01,411,5,H100
Chwirut2_10,5,H, 1.000E+02,scale, 1.000E-08, 1.000E-01, 1.000E-01,2,9,0,0,24, 3.84690E-02, 2.644046444E+01,289,5,H100
Chwirut2_10,5,H, 1.000E+02,scale, 1.000E-08, 1.000E-01, 1.000E-01,2,10,0,0,41, 6.73460E-02, 2.646977588E+01,532,5,H100
Chwirut2_10,5,H, 1.000E+00,scale, 1.000E-08, 1.000E-01, 1.000E-01,2,1,0,0,20, 3.76180E-02, 2.644137843E+01,252,5,HA1
Chwirut2_10,5,H, 1.000E+00,scale, 1.000E-08, 1.000E-01, 1.000E-01,2,2,0,0,33, 7.32080E-02, 2.645255560E+01,429,5,HA1
Chwirut2_10,5,H, 1.000E+00,scale, 1.000E-08, 1.000E-01, 1.000E-01,2,3,0,0,46, 9.88050E-02, 2.642880810E+01,601,5,HA1
Chwirut2_10,5,H, 1.000E+00,scale, 1.000E-08, 1.000E-01, 1.000E-01,2,4,0,0,28, 6.22220E-02, 2.645108002E+01,365,5,HA1
Chwirut2_10,5,H, 1.000E+00,scale, 1.000E-08, 1.000E-01, 1.000E-01,2,5,0,0,32, 6.84090E-02, 2.645983515E+01,409,5,HA1
Chwirut2_10,5,H, 1.000E+00,scale, 1.000E-08, 1.000E-01, 1.000E-01,2,6,0,0,43, 8.62800E-02, 2.645506389E+01,562,5,HA1
Chwirut2_10,5,H, 1.000E+00,scale, 1.000E-08, 1.000E-01, 1.000E-01,2,7,0,0,25, 4.72540E-02, 2.649239248E+01,317,5,HA1
Chwirut2_10,5,H, 1.000E+00,scale, 1.000E-08, 1.000E-01, 1.000E-01,2,8,0,0,31, 8.05770E-02, 2.646176852E+01,419,5,HA1
Chwirut2_10,5,H, 1.000E+00,scale, 1.000E-08, 1.000E-01, 1.000E-01,2,9,0,0,28, 6.29540E-02, 2.646375439E+01,358,5,HA1
Chwirut2_10,5,H, 1.000E+00,scale, 1.000E-08, 1.000E-01, 1.000E-01,2,10,0,0,43, 1.04240E-01, 2.645767809E+01,559,5,HA1
Chwirut2_10,5,H, 1.000E+00,scale, 1.000E-08, 1.000E-01, 1.000E-01,2,1,0,0,15, 2.73190E-02, 2.646128524E+01,177,5,HA10
Chwirut2_10,5,H, 1.000E+00,scale, 1.000E-08, 1.000E-01, 1.000E-01,2,2,0,0,33, 8.10320E-02, 2.645081427E+01,429,5,HA10
Chwirut2_10,5,H, 1.000E+00,scale, 1.000E-08, 1.000E-01, 1.000E-01,2,3,0,0,47, 9.60820E-02, 2.643908066E+01,621,5,HA10
Chwirut2_10,5,H, 1.000E+00,scale, 1.000E-08, 1.000E-01, 1.000E-01,2,4,0,0,26, 6.26950E-02, 2.645938521E+01,338,5,HA10
Chwirut2_10,5,H, 1.000E+00,scale, 1.000E-08, 1.000E-01, 1.000E-01,2,5,0,0,37, 8.13660E-02, 2.645809111E+01,485,5,HA10
Chwirut2_10,5,H, 1.000E+00,scale, 1.000E-08, 1.000E-01, 1.000E-01,2,6,0,0,36, 1.06554E-01, 2.645517934E+01,454,5,HA10
Chwirut2_10,5,H, 1.000E+00,scale, 1.000E-08, 1.000E-01, 1.000E-01,2,7,0,0,29, 6.27430E-02, 2.647545546E+01,374,5,HA10
Chwirut2_10,5,H, 1.000E+00,scale, 1.000E-08, 1.000E-01, 1.000E-01,2,8,0,0,30, 6.61680E-02, 2.646073310E+01,401,5,HA10
Chwirut2_10,5,H, 1.000E+00,scale, 1.000E-08, 1.000E-01, 1.000E-01,2,9,0,0,21, 4.63680E-02, 2.644647486E+01,245,5,HA10
Chwirut2_10,5,H, 1.000E+00,scale, 1.000E-08, 1.000E-01, 1.000E-01,2,10,0,0,42, 1.08908E-01, 2.644277453E+01,541,5,HA10
Chwirut2_10,5,H, 1.000E+00,scale, 1.000E-08, 1.000E-01, 1.000E-01,2,1,0,0,16, 3.36840E-02, 2.643571327E+01,189,5,HA100
Chwirut2_10,5,H, 1.000E+00,scale, 1.000E-08, 1.000E-01, 1.000E-01,2,2,0,0,33, 9.32360E-02, 2.645080805E+01,429,5,HA100
Chwirut2_10,5,H, 1.000E+00,scale, 1.000E-08, 1.000E-01, 1.000E-01,2,3,0,0,47, 1.03794E-01, 2.643881183E+01,621,5,HA100
Chwirut2_10,5,H, 1.000E+00,scale, 1.000E-08, 1.000E-01, 1.000E-01,2,4,0,0,25, 7.29000E-02, 2.644346951E+01,317,5,HA100
Chwirut2_10,5,H, 1.000E+00,scale, 1.000E-08, 1.000E-01, 1.000E-01,2,5,0,0,36, 8.05390E-02, 2.644487424E+01,467,5,HA100
Chwirut2_10,5,H, 1.000E+00,scale, 1.000E-08, 1.000E-01, 1.000E-01,2,6,0,0,36, 1.00752E-01, 2.645530655E+01,454,5,HA100
Chwirut2_10,5,H, 1.000E+00,scale, 1.000E-08, 1.000E-01, 1.000E-01,2,7,0,0,29, 6.76830E-02, 2.647453650E+01,374,5,HA100
Chwirut2_10,5,H, 1.000E+00,scale, 1.000E-08, 1.000E-01, 1.000E-01,2,8,0,0,29, 6.80500E-02, 2.646191699E+01,386,5,HA100
Chwirut2_10,5,H, 1.000E+00,scale, 1.000E-08, 1.000E-01, 1.000E-01,2,9,0,0,21, 5.62500E-02, 2.644641581E+01,245,5,HA100
Chwirut2_10,5,H, 1.000E+00,scale, 1.000E-08, 1.000E-01, 1.000E-01,2,10,0,0,41, 9.53410E-02, 2.647200877E+01,526,5,HA100
Chwirut2_10,5,H, 1.000E+00,clip, 1.000E-08, 1.000E-01, 1.000E-01,2,1,0,0,16, 3.50170E-02, 2.643490042E+01,188,5,Hc1
Chwirut2_10,5,H, 1.000E+00,clip, 1.000E-08, 1.000E-01, 1.000E-01,2,2,0,0,33, 4.88080E-02, 2.646466273E+01,422,5,Hc1
Chwirut2_10,5,H, 1.000E+00,clip, 1.000E-08, 1.000E-01, 1.000E-01,2,3,0,0,41, 6.84150E-02, 2.644338931E+01,539,5,Hc1
Chwirut2_10,5,H, 1.000E+00,clip, 1.000E-08, 1.000E-01, 1.000E-01,2,4,0,0,28, 4.59710E-02, 2.643301986E+01,360,5,Hc1
Chwirut2_10,5,H, 1.000E+00,clip, 1.000E-08, 1.000E-01, 1.000E-01,2,5,0,0,36, 5.24910E-02, 2.644018616E+01,475,5,Hc1
Chwirut2_10,5,H, 1.000E+00,clip, 1.000E-08, 1.000E-01, 1.000E-01,2,6,0,0,47, 7.49660E-02, 2.645766409E+01,627,5,Hc1
Chwirut2_10,5,H, 1.000E+00,clip, 1.000E-08, 1.000E-01, 1.000E-01,2,7,0,0,30, 4.18440E-02, 2.645701967E+01,394,5,Hc1
Chwirut2_10,5,H, 1.000E+00,clip, 1.000E-08, 1.000E-01, 1.000E-01,2,8,0,0,30, 4.30530E-02, 2.646627503E+01,401,5,Hc1
Chwirut2_10,5,H, 1.000E+00,clip, 1.000E-08, 1.000E-01, 1.000E-01,2,9,0,0,24, 3.84060E-02, 2.644071405E+01,297,5,Hc1
Chwirut2_10,5,H, 1.000E+00,clip, 1.000E-08, 1.000E-01, 1.000E-01,2,10,0,0,41, 7.29280E-02, 2.647005840E+01,532,5,Hc1
Chwirut2_10,5,H, 1.000E+01,clip, 1.000E-08, 1.000E-01, 1.000E-01,2,1,0,0,16, 4.14880E-02, 2.643224433E+01,188,5,Hc10
Chwirut2_10,5,H, 1.000E+01,clip, 1.000E-08, 1.000E-01, 1.000E-01,2,2,0,0,32, 4.76620E-02, 2.644197109E+01,409,5,Hc10
Chwirut2_10,5,H, 1.000E+01,clip, 1.000E-08, 1.000E-01, 1.000E-01,2,3,0,0,41, 6.63350E-02, 2.644641287E+01,531,5,Hc10
Chwirut2_10,5,H, 1.000E+01,clip, 1.000E-08, 1.000E-01, 1.000E-01,2,4,0,0,28, 4.65340E-02, 2.642921093E+01,360,5,Hc10
Chwirut2_10,5,H, 1.000E+01,clip, 1.000E-08, 1.000E-01, 1.000E-01,2,5,0,0,36, 5.41510E-02, 2.643932553E+01,475,5,Hc10
Chwirut2_10,5,H, 1.000E+01,clip, 1.000E-08, 1.000E-01, 1.000E-01,2,6,0,0,47, 7.61050E-02, 2.646145363E+01,627,5,Hc10
Chwirut2_10,5,H, 1.000E+01,clip, 1.000E-08, 1.000E-01, 1.000E-01,2,7,0,0,30, 4.31410E-02, 2.645547232E+01,394,5,Hc10
Chwirut2_10,5,H, 1.000E+01,clip, 1.000E-08, 1.000E-01, 1.000E-01,2,8,0,0,30, 4.25910E-02, 2.646274244E+01,401,5,Hc10
Chwirut2_10,5,H, 1.000E+01,clip, 1.000E-08, 1.000E-01, 1.000E-01,2,9,0,0,24, 4.04270E-02, 2.646907816E+01,291,5,Hc10
Chwirut2_10,5,H, 1.000E+01,clip, 1.000E-08, 1.000E-01, 1.000E-01,2,10,0,0,42, 7.78990E-02, 2.644179560E+01,547,5,Hc10
Chwirut2_10,5,QN, 1.000E+04,scale, 1.000E-08, 1.000E-01, 1.000E-01,2,1,0,0,16, 3.61170E-02, 2.643524420E+01,200,5,QN
Chwirut2_10,5,QN, 1.000E+04,scale, 1.000E-08, 1.000E-01, 1.000E-01,2,2,0,0,33, 7.77550E-02, 2.646169805E+01,422,5,QN
Chwirut2_10,5,QN, 1.000E+04,scale, 1.000E-08, 1.000E-01, 1.000E-01,2,3,0,0,40, 9.74100E-02, 2.646005894E+01,514,5,QN
Chwirut2_10,5,QN, 1.000E+04,scale, 1.000E-08, 1.000E-01, 1.000E-01,2,4,0,0,28, 7.59270E-02, 2.643999779E+01,361,5,QN
Chwirut2_10,5,QN, 1.000E+04,scale, 1.000E-08, 1.000E-01, 1.000E-01,2,5,0,0,35, 8.44060E-02, 2.644027481E+01,461,5,QN
Chwirut2_10,5,QN, 1.000E+04,scale, 1.000E-08, 1.000E-01, 1.000E-01,2,6,0,0,47, 1.13503E-01, 2.645455213E+01,627,5,QN
Chwirut2_10,5,QN, 1.000E+04,scale, 1.000E-08, 1.000E-01, 1.000E-01,2,7,0,0,30, 6.88380E-02, 2.645887108E+01,394,5,QN
Chwirut2_10,5,QN, 1.000E+04,scale, 1.000E-08, 1.000E-01, 1.000E-01,2,8,0,0,30, 7.08270E-02, 2.646819025E+01,409,5,QN
Chwirut2_10,5,QN, 1.000E+04,scale, 1.000E-08, 1.000E-01, 1.000E-01,2,9,0,0,28, 7.76560E-02, 2.644396113E+01,354,5,QN
Chwirut2_10,5,QN, 1.000E+04,scale, 1.000E-08, 1.000E-01, 1.000E-01,2,10,0,0,42, 1.08449E-01, 2.644286256E+01,559,5,QN
ENSO_05,8,0, 1.000E+00,scale, 1.000E-08, 1.000E-01, 1.000E-01,1,1,0,0,61, 1.37755E-01, 1.192645193E+01,310,8,FO
ENSO_05,8,0, 1.000E+00,scale, 1.000E-08, 1.000E-01, 1.000E-01,1,2,0,0,50, 9.40430E-02, 1.233342690E+01,214,8,FO
ENSO_05,8,0, 1.000E+00,scale, 1.000E-08, 1.000E-01, 1.000E-01,1,3,0,0,84, 1.95603E-01, 1.168942411E+01,400,8,FO
ENSO_05,8,0, 1.000E+00,scale, 1.000E-08, 1.000E-01, 1.000E-01,1,4,0,0,62, 1.35955E-01, 1.231443409E+01,303,8,FO
ENSO_05,8,0, 1.000E+00,scale, 1.000E-08, 1.000E-01, 1.000E-01,1,5,0,0,76, 1.40847E-01, 1.167513361E+01,332,8,FO
ENSO_05,8,0, 1.000E+00,scale, 1.000E-08, 1.000E-01, 1.000E-01,1,6,0,0,99, 1.68945E-01, 1.166543879E+01,378,8,FO
ENSO_05,8,0, 1.000E+00,scale, 1.000E-08, 1.000E-01, 1.000E-01,1,7,0,0,35, 6.95870E-02, 1.167212066E+01,149,8,FO
ENSO_05,8,0, 1.000E+00,scale, 1.000E-08, 1.000E-01, 1.000E-01,1,8,0,0,54, 1.26939E-01, 1.480128003E+01,284,8,FO
ENSO_05,8,0, 1.000E+00,scale, 1.000E-08, 1.000E-01, 1.000E-01,1,9,0,0,173, 3.44135E-01, 1.532054207E+01,719,8,FO
ENSO_05,8,0, 1.000E+00,scale, 1.000E-08, 1.000E-01, 1.000E-01,1,10,0,0,102, 2.22191E-01, 1.192806973E+01,473,8,FO
ENSO_05,8,GN, 1.000E+04,scale, 1.000E-08, 1.000E-01, 1.000E-01,1,1,0,0,35, 8.40580E-02, 1.192381703E+01,171,8,GN
ENSO_05,8,GN, 1.000E+04,scale, 1.000E-08, 1.000E-01, 1.000E-01,1,2,0,0,47, 9.75060E-02, 1.233560675E+01,209,8,GN
ENSO_05,8,GN, 1.000E+04,scale, 1.000E-08, 1.000E-01, 1.000E-01,1,3,0,0,92, 2.23611E-01, 1.169654339E+01,432,8,GN
ENSO_05,8,GN, 1.000E+04,scale, 1.000E-08, 1.000E-01, 1.000E-01,1,4,0,0,61, 1.34793E-01, 1.232497884E+01,293,8,GN
ENSO_05,8,GN, 1.000E+04,scale, 1.000E-08, 1.000E-01, 1.000E-01,1,5,0,0,81, 1.23925E-01, 1.169335423E+01,261,8,GN
ENSO_05,8,GN, 1.000E+04,scale, 1.000E-08, 1.000E-01, 1.000E-01,1,6,0,0,99, 1.78462E-01, 1.167970068E+01,377,8,GN
ENSO_05,8,GN, 1.000E+04,scale, 1.000E-08, 1.000E-01, 1.000E-01,1,7,0,0,36, 6.86910E-02, 1.168991887E+01,132,8,GN
ENSO_05,8,GN, 1.000E+04,scale, 1.000E-08, 1.000E-01, 1.000E-01,1,8,0,0,127, 2.51201E-01, 1.166326473E+01,523,8,GN
ENSO_05,8,GN, 1.000E+04,scale, 1.000E-08, 1.000E-01, 1.000E-01,1,9,0,0,58, 1.34639E-01, 1.577655674E+01,255,8,GN
ENSO_05,8,GN, 1.000E+04,scale, 1.000E-08, 1.000E-01, 1.000E-01,1,10,0,0,95, 2.15420E-01, 1.194989179E+01,431,8,GN
ENSO_05,8,GN, 1.000E+00,scale, 1.000E-08, 1.000E-01, 1.000E-01,1,1,0,0,53, 1.95727E-01, 1.193233515E+01,269,8,GN1
ENSO_05,8,GN, 1.000E+00,scale, 1.000E-08, 1.000E-01, 1.000E-01,1,2,0,0,40, 1.56093E-01, 1.233125995E+01,202,8,GN1
ENSO_05,8,GN, 1.000E+00,scale, 1.000E-08, 1.000E-01, 1.000E-01,1,3,0,0,91, 3.91613E-01, 1.167391613E+01,438,8,GN1
ENSO_05,8,GN, 1.000E+00,scale, 1.000E-08, 1.000E-01, 1.000E-01,1,4,0,0,96, 4.18343E-01, 1.360593208E+01,457,8,GN1
ENSO_05,8,GN, 1.000E+00,scale, 1.000E-08, 1.000E-01, 1.000E-01,1,5,0,0,83, 2.53430E-01, 1.165781487E+01,307,8,GN1
ENSO_05,8,GN, 1.000E+00,scale, 1.000E-08, 1.000E-01, 1.000E-01,1,6,0,0,75, 2.94641E-01, 1.231435636E+01,333,8,GN1
ENSO_05,8,GN, 1.000E+00,scale, 1.000E-08, 1.000E-01, 1.000E-01,1,7,0,0,38, 1.21887E-01, 1.166750744E+01,166,8,GN1
ENSO_05,8,GN, 1.000E+00,scale, 1.000E-08, 1.000E-01, 1.000E-01,1,8,0,0,50, 1.94804E-01, 1.480369851E+01,244,8,GN1
ENSO_05,8,GN, 1.000E+00,scale, 1.000E-08, 1.000E-01, 1.000E-01,1,9,0,0,146, 5.36431E-01, 1.534463981E+01,658,8,GN1
ENSO_05,8,GN, 1.000E+00,scale, 1.000E-08, 1.000E-01, 1.000E-01,1,10,0,0,99, 4.02986E-01, 1.191887480E+01,468,8,GN1
ENSO_05,8,H, 1.000E+04,scale, 1.000E-08, 1.000E-01, 1.000E-01,1,1,0,0,51, 1.05409E-01, 1.192672980E+01,222,8,H
ENSO_05,8,H, 1.000E+04,scale, 1.000E-08, 1.000E-01, 1.000E-01,1,2,0,0,201, 2.80512E-01, 1.233701080E+01,371,8,H
ENSO_05,8,H, 1.000E+04,scale, 1.000E-08, 1.000E-01, 1.000E-01,1,3,0,0,300, 5.56240E-01, 1.230631889E+01,901,8,H
ENSO_05,8,H, 1.000E+04,scale, 1.000E-08, 1.000E-01, 1.000E-01,1,4,0,0,185, 3.45912E-01, 1.231970706E+01,572,8,H
ENSO_05,8,H, 1.000E+04,scale, 1.000E-08, 1.000E-01, 1.000E-01,1,5,0,0,331, 3.35524E-01, 1.168644384E+01,462,8,H
ENSO_05,8,H, 1.000E+04,scale, 1.000E-08, 1.000E-01, 1.000E-01,1,6,0,0,344, 4.83085E-01, 1.234757179E+01,564,8,H
ENSO_05,8,H, 1.000E+04,scale, 1.000E-08, 1.000E-01, 1.000E-01,1,7,0,0,181, 1.75110E-01, 1.169390796E+01,263,8,H
ENSO_05,8,H, 1.000E+04,scale, 1.000E-08, 1.000E-01, 1.000E-01,1,8,0,0,410, 6.39050E-01, 1.233509163E+01,788,8,H
ENSO_05,8,H, 1.000E+04,scale, 1.000E-08, 1.000E-01, 1.000E-01,1,9,0,0,112, 1.80753E-01, 1.579068014E+01,253,8,H
ENSO_05,8,H, 1.000E+04,scale, 1.000E-08, 1.000E-01, 1.000E-01,1,10,0,0,359, 3.92135E-01, 1.166967386E+01,505,8,H
ENSO_05,8,H, 1.000E-01,scale, 1.000E-08, 1.000E-01, 1.000E-01,1,1,0,0,55, 1.24487E-01, 1.193244247E+01,277,8,H0.1
ENSO_05,8,H, 1.000E-01,scale, 1.000E-08, 1.000E-01, 1.000E-01,1,2,0,0,44, 9.93540E-02, 1.233507742E+01,200,8,H0.1
ENSO_05,8,H, 1.000E-01,scale, 1.000E-08, 1.000E-01, 1.000E-01,1,3,0,0,81, 2.04314E-01, 1.168303938E+01,398,8,H0.1
ENSO_05,8,H, 1.000E-01,scale, 1.000E-08, 1.000E-01, 1.000E-01,1,4,0,0,75, 1.75923E-01, 1.232683753E+01,383,8,H0.1
ENSO_05,8,H, 1.000E-01,scale, 1.000E-08, 1.000E-01, 1.000E-01,1,5,0,0,65, 1.21956E-01, 1.166944511E+01,260,8,H0.1
ENSO_05,8,H, 1.000E-01,scale, 1.000E-08, 1.000E-01, 1.000E-01,1,6,0,0,102, 1.88566E-01, 1.168818471E+01,385,8,H0.1
ENSO_05,8,H, 1.000E-01,scale, 1.000E-08, 1.000E-01, 1.000E-01,1,7,0,0,48, 8.57910E-02, 1.169145889E+01,183,8,H0.1
ENSO_05,8,H, 1.000E-01,scale, 1.000E-08, 1.000E-01, 1.000E-01,1,8,0,0,47, 1.10426E-01, 1.480288126E+01,237,8,H0.1
ENSO_05,8,H, 1.000E-01,scale, 1.000E-08, 1.000E-01, 1.000E-01,1,9,0,0,150, 3.28601E-01, 1.535364575E+01,696,8,H0.1
ENSO_05,8,H, 1.000E-01,scale, 1.000E-08, 1.000E-01, 1.000E-01,1,10,0,0,99, 2.38180E-01, 1.193041326E+01,479,8,H0.1
ENSO_05,8,H, 1.000E+00,scale, 1.000E-08, 1.000E-01, 1.000E-01,1,1,0,0,33, 7.10590E-02, 1.191833697E+01,147,8,H1
ENSO_05,8,H, 1.000E+00,scale, 1.000E-08, 1.000E-01, 1.000E-01,1,2,0,0,57, 1.14012E-01, 1.231659407E+01,257,8,H1
ENSO_05,8,H, 1.000E+00,scale, 1.000E-08, 1.000E-01, 1.000E-01,1,3,0,0,84, 2.90130E-01, 1.168197267E+01,384,8,H1
ENSO_05,8,H, 1.000E+00,scale, 1.000E-08, 1.000E-01, 1.000E-01,1,4,0,0,68, 2.32817E-01, 1.230102083E+01,332,8,H1
ENSO_05,8,H, 1.000E+00,scale, 1.000E-08, 1.000E-01, 1.000E-01,1,5,0,0,93, 1.76073E-01, 1.166520270E+01,239,8,H1
ENSO_05,8,H, 1.000E+00,scale, 1.000E-08, 1.000E-01, 1.000E-01,1,6,0,0,83, 2.68690E-01, 1.233076480E+01,339,8,H1
ENSO_05,8,H, 1.000E+00,scale, 1.000E-08, 1.000E-01, 1.000E-01,1,7,0,0,48, 1.20823E-01, 1.170056340E+01,194,8,H1
ENSO_05,8,H, 1.000E+00,scale, 1.000E-08, 1.000E-01, 1.000E-01,1,8,0,0,54, 1.14278E-01, 1.481551517E+01,269,8,H1
ENSO_05,8,H, 1.000E+00,scale, 1.000E-08, 1.000E-01, 1.000E-01,1,9,0,0,66, 1.14305E-01, 1.657680379E+01,235,8,H1
ENSO_05,8,H, 1.000E+00,scale, 1.000E-08, 1.000E-01, 1.000E-01,1,10,0,0,95, 1.99439E-01, 1.192973587E+01,446,8,H1
ENSO_05,8,H, 1.000E+01,scale, 1.000E-08, 1.000E-01, 1.000E-01,1,1,0,0,71, 1.57730E-01, 1.193239447E+01,269,8,H10
ENSO_05,8,H, 1.000E+01,scale, 1.000E-08, 1.000E-01, 1.000E-01,1,2,0,0,421, 4.72232E-01, 1.170385160E+01,506,8,H10
ENSO_05,8,H, 1.000E+01,scale, 1.000E-08, 1.000E-01, 1.000E-01,1,3,0,0,142, 2.55820E-01, 1.168192489E+01,423,8,H10
ENSO_05,8,H, 1.000E+01,scale, 1.000E-08, 1.000E-01, 1.000E-01,1,4,0,0,110, 2.46688E-01, 1.167982650E+01,415,8,H10
ENSO_05,8,H, 1.000E+01,scale, 1.000E-08, 1.000E-01, 1.000E-01,1,5,0,0,368, 4.46448E-01, 1.167683779E+01,488,8,H10
ENSO_05,8,H, 1.000E+01,scale, 1.000E-08, 1.000E-01, 1.000E-01,1,6,0,0,193, 2.94968E-01, 1.401239932E+01,451,8,H10
ENSO_05,8,H, 1.000E+01,scale, 1.000E-08, 1.000E-01, 1.000E-01,1,7,0,0,63, 1.24226E-01, 1.192500849E+01,189,8,H10
ENSO_05,8,H, 1.000E+01,scale, 1.000E-08, 1.000E-01, 1.000E-01,1,8,0,0,140, 2.57362E-01, 1.193227354E+01,404,8,H10
ENSO_05,8,H, 1.000E+01,scale, 1.000E-08, 1.000E-01, 1.000E-01,1,9,0,0,80, 1.67191E-01, 1.575970587E+01,267,8,H10
ENSO_05,8,H, 1.000E+01,scale, 1.000E-08, 1.000E-01, 1.000E-01,1,10,0,0,138, 2.96518E-01, 1.192355639E+01,441,8,H10
ENSO_05,8,H, 1.000E+02,scale, 1.000E-08, 1.000E-01, 1.000E-01,1,1,0,0,51, 1.14628E-01, 1.192672980E+01,222,8,H100
ENSO_05,8,H, 1.000E+02,scale, 1.000E-08, 1.000E-01, 1.000E-01,1,2,0,0,201, 3.02933E-01, 1.233701080E+01,371,8,H100
ENSO_05,8,H, 1.000E+02,scale, 1.000E-08, 1.000E-01, 1.000E-01,1,3,0,0,300, 5.81980E-01, 1.230631889E+01,901,8,H100
ENSO_05,8,H, 1.000E+02,scale, 1.000E-08, 1.000E-01, 1.000E-01,1,4,0,0,1348, 2.27615E+00, 1.225707324E+01,2238,8,H100
ENSO_05,8,H, 1.000E+02,scale, 1.000E-08, 1.000E-01, 1.000E-01,1,5,0,0,331, 3.53803E-01, 1.168644384E+01,462,8,H100
ENSO_05,8,H, 1.000E+02,scale, 1.000E-08, 1.000E-01, 1.000E-01,1,6,0,0,344, 5.13739E-01, 1.234757179E+01,564,8,H100
ENSO_05,8,H, 1.000E+02,scale, 1.000E-08, 1.000E-01, 1.000E-01,1,7,0,0,181, 1.89569E-01, 1.169390796E+01,263,8,H100
ENSO_05,8,H, 1.000E+02,scale, 1.000E-08, 1.000E-01, 1.000E-01,1,8,0,0,410, 7.00452E-01, 1.233509163E+01,788,8,H100
ENSO_05,8,H, 1.000E+02,scale, 1.000E-08, 1.000E-01, 1.000E-01,1,9,0,0,112, 1.89218E-01, 1.579068014E+01,253,8,H100
ENSO_05,8,H, 1.000E+02,scale, 1.000E-08, 1.000E-01, 1.000E-01,1,10,0,0,359, 3.87043E-01, 1.166967386E+01,505,8,H100
ENSO_05,8,H, 1.000E+00,scale, 1.000E-08, 1.000E-01, 1.000E-01,1,1,0,0,43, 9.97320E-02, 1.192685472E+01,216,8,HA1
ENSO_05,8,H, 1.000E+00,scale, 1.000E-08, 1.000E-01, 1.000E-01,1,2,0,0,53, 1.16897E-01, 1.232014829E+01,250,8,HA1
ENSO_05,8,H, 1.000E+00,scale, 1.000E-08, 1.000E-01, 1.000E-01,1,3,0,0,77, 1.66454E-01, 1.167146758E+01,366,8,HA1
ENSO_05,8,H, 1.000E+00,scale, 1.000E-08, 1.000E-01, 1.000E-01,1,4,0,0,68, 1.44262E-01, 1.169130628E+01,304,8,HA1
ENSO_05,8,H, 1.000E+00,scale, 1.000E-08, 1.000E-01, 1.000E-01,1,5,0,0,53, 7.84850E-02, 1.168285859E+01,177,8,HA1
ENSO_05,8,H, 1.000E+00,scale, 1.000E-08, 1.000E-01, 1.000E-01,1,6,0,0,90, 2.17529E-01, 1.232539182E+01,422,8,HA1
ENSO_05,8,H, 1.000E+00,scale, 1.000E-08, 1.000E-01, 1.000E-01,1,7,0,0,36, 7.79860E-02, 1.167653680E+01,161,8,HA1
ENSO_05,8,H, 1.000E+00,scale, 1.000E-08, 1.000E-01, 1.000E-01,1,8,0,0,53, 1.38452E-01, 1.479443010E+01,270,8,HA1
ENSO_05,8,H, 1.000E+00,scale, 1.000E-08, 1.000E-01, 1.000E-01,1,9,0,0,55, 1.15391E-01, 1.578179255E+01,226,8,HA1
ENSO_05,8,H, 1.000E+00,scale, 1.000E-08, 1.000E-01, 1.000E-01,1,10,0,0,82, 1.99774E-01, 1.191823844E+01,365,8,HA1
ENSO_05,8,H, 1.000E+00,scale, 1.000E-08, 1.000E-01, 1.000E-01,1,1,0,0,66, 1.72251E-01, 1.193053333E+01,320,8,HA10
ENSO_05,8,H, 1.000E+00,scale, 1.000E-08, 1.000E-01, 1.000E-01,1,2,0,0,42, 7.88080E-02, 1.234148285E+01,174,8,HA10
ENSO_05,8,H, 1.000E+00,scale, 1.000E-08, 1.000E-01, 1.000E-01,1,3,0,0,90, 1.81156E-01, 1.169888470E+01,414,8,HA10
ENSO_05,8,H, 1.000E+00,scale, 1.000E-08, 1.000E-01, 1.000E-01,1,4,0,0,62, 1.40737E-01, 1.166860372E+01,264,8,HA10
ENSO_05,8,H, 1.000E+00,scale, 1.000E-08, 1.000E-01, 1.000E-01,1,5,0,0,66, 1.47332E-01, 1.192624300E+01,292,8,HA10
ENSO_05,8,H, 1.000E+00,scale, 1.000E-08, 1.000E-01, 1.000E-01,1,6,0,0,51, 1.48317E-01, 1.459895167E+01,260,8,HA10
ENSO_05,8,H, 1.000E+00,scale, 1.000E-08, 1.000E-01, 1.000E-01,1,7,0,0,75, 9.62360E-02, 1.166358639E+01,208,8,HA10
ENSO_05,8,H, 1.000E+00,scale, 1.000E-08, 1.000E-01, 1.000E-01,1,8,0,0,49, 1.17200E-01, 1.481585269E+01,235,8,HA10
ENSO_05,8,H, 1.000E+00,scale, 1.000E-08, 1.000E-01, 1.000E-01,1,9,0,0,36, 8.73390E-02, 1.421788227E+01,147,8,HA10
ENSO_05,8,H, 1.000E+00,scale, 1.000E-08, 1.000E-01, 1.000E-01,1,10,0,0,90, 2.00168E-01, 1.194804756E+01,398,8,HA10
ENSO_05,8,H, 1.000E+00,scale, 1.000E-08, 1.000E-01, 1.000E-01,1,1,0,0,64, 1.27181E-01, 1.193844563E+01,230,8,HA100
ENSO_05,8,H, 1.000E+00,scale, 1.000E-08, 1.000E-01, 1.000E-01,1,2,0,0,113, 1.99755E-01, 1.232928689E+01,272,8,HA100
ENSO_05,8,H, 1.000E+00,scale, 1.000E-08, 1.000E-01, 1.000E-01,1,3,0,0,140, 2.90144E-01, 1.169390882E+01,449,8,HA100
ENSO_05,8,H, 1.000E+00,scale, 1.000E-08, 1.000E-01, 1.000E-01,1,4,0,0,74, 1.34167E-01, 1.167838594E+01,252,8,HA100
ENSO_05,8,H, 1.000E+00,scale, 1.000E-08, 1.000E-01, 1.000E-01,1,5,0,0,434, 4.71296E-01, 1.169999992E+01,593,8,HA100
ENSO_05,8,H, 1.000E+00,scale, 1.000E-08, 1.000E-01, 1.000E-01,1,6,0,0,188, 2.57216E-01, 1.399876418E+01,429,8,HA100
ENSO_05,8,H, 1.000E+00,scale, 1.000E-08, 1.000E-01, 1.000E-01,1,7,0,0,66, 1.81636E-01, 1.232904965E+01,247,8,HA100
ENSO_05,8,H, 1.000E+00,scale, 1.000E-08, 1.000E-01, 1.000E-01,1,8,0,0,421, 5.22258E-01, 1.167235572E+01,684,8,HA100
ENSO_05,8,H, 1.000E+00,scale, 1.000E-08, 1.000E-01, 1.000E-01,1,9,0,0,74, 1.30433E-01, 1.577601162E+01,191,8,HA100
ENSO_05,8,H, 1.000E+00,scale, 1.000E-08, 1.000E-01, 1.000E-01,1,10,0,0,141, 3.15496E-01, 1.192186356E+01,421,8,HA100
ENSO_05,8,H, 1.000E+00,clip, 1.000E-08, 1.000E-01, 1.000E-01,1,1,0,0,41, 9.23500E-02, 1.193346058E+01,210,8,Hc1
ENSO_05,8,H, 1.000E+00,clip, 1.000E-08, 1.000E-01, 1.000E-01,1,2,0,0,57, 9.78510E-02, 1.233813969E+01,182,8,Hc1
ENSO_05,8,H, 1.000E+00,clip, 1.000E-08, 1.000E-01, 1.000E-01,1,3,0,0,83, 2.02029E-01, 1.169345263E+01,328,8,Hc1
ENSO_05,8,H, 1.000E+00,clip, 1.000E-08, 1.000E-01, 1.000E-01,1,4,0,0,63, 1.45133E-01, 1.230254654E+01,268,8,Hc1
ENSO_05,8,H, 1.000E+00,clip, 1.000E-08, 1.000E-01, 1.000E-01,1,5,0,0,142, 2.24149E-01, 1.169999945E+01,294,8,Hc1
ENSO_05,8,H, 1.000E+00,clip, 1.000E-08, 1.000E-01, 1.000E-01,1,6,0,0,98, 1.77347E-01, 1.234568919E+01,318,8,Hc1
ENSO_05,8,H, 1.000E+00,clip, 1.000E-08, 1.000E-01, 1.000E-01,1,7,0,0,75, 1.37526E-01, 1.169925876E+01,284,8,Hc1
ENSO_05,8,H, 1.000E+00,clip, 1.000E-08, 1.000E-01, 1.000E-01,1,8,0,0,50, 1.09239E-01, 1.478117028E+01,254,8,Hc1
ENSO_05,8,H, 1.000E+00,clip, 1.000E-08, 1.000E-01, 1.000E-01,1,9,0,0,83, 1.61337E-01, 1.658143316E+01,249,8,Hc1
ENSO_05,8,H, 1.000E+00,clip, 1.000E-08, 1.000E-01, 1.000E-01,1,10,0,0,99, 2.09832E-01, 1.192996651E+01,393,8,Hc1
ENSO_05,8,H, 1.000E+01,clip, 1.000E-08, 1.000E-01, 1.000E-01,1,1,0,0,51, 9.50280E-02, 1.191667330E+01,188,8,Hc10
ENSO_05,8,H, 1.000E+01,clip, 1.000E-08, 1.000E-01, 1.000E-01,1,2,0,0,167, 2.35717E-01, 1.233614927E+01,314,8,Hc10
ENSO_05,8,H, 1.000E+01,clip, 1.000E-08, 1.000E-01, 1.000E-01,1,3,0,0,151, 2.73730E-01, 1.166418906E+01,416,8,Hc10
ENSO_05,8,H, 1.000E+01,clip, 1.000E-08, 1.000E-01, 1.000E-01,1,4,0,0,139, 2.70085E-01, 1.233140851E+01,470,8,Hc10
ENSO_05,8,H, 1.000E+01,clip, 1.000E-08, 1.000E-01, 1.000E-01,1,5,0,0,408, 4.24644E-01, 1.168964088E+01,510,8,Hc10
ENSO_05,8,H, 1.000E+01,clip, 1.000E-08, 1.000E-01, 1.000E-01,1,6,0,0,309, 4.38314E-01, 1.401855079E+01,527,8,Hc10
ENSO_05,8,H, 1.000E+01,clip, 1.000E-08, 1.000E-01, 1.000E-01,1,7,0,0,220, 2.27484E-01, 1.170274540E+01,342,8,Hc10
ENSO_05,8,H, 1.000E+01,clip, 1.000E-08, 1.000E-01, 1.000E-01,1,8,0,0,416, 5.78275E-01, 1.168792321E+01,812,8,Hc10
ENSO_05,8,H, 1.000E+01,clip, 1.000E-08, 1.000E-01, 1.000E-01,1,9,0,0,473, 7.82885E-01, 1.656936890E+01,625,8,Hc10
ENSO_05,8,H, 1.000E+01,clip, 1.000E-08, 1.000E-01, 1.000E-01,1,10,0,0,138, 2.94893E-01, 1.192775422E+01,417,8,Hc10
ENSO_05,8,QN, 1.000E+04,scale, 1.000E-08, 1.000E-01, 1.000E-01,1,1,0,0,32, 9.16010E-02, 1.192313888E+01,145,8,QN
ENSO_05,8,QN, 1.000E+04,scale, 1.000E-08, 1.000E-01, 1.000E-01,1,2,0,0,55, 1.27765E-01, 1.232871908E+01,195,8,QN
ENSO_05,8,QN, 1.000E+04,scale, 1.000E-08, 1.000E-01, 1.000E-01,1,3,0,0,66, 1.77178E-01, 1.170142233E+01,262,8,QN
ENSO_05,8,QN, 1.000E+04,scale, 1.000E-08, 1.000E-01, 1.000E-01,1,4,0,0,92, 2.58830E-01, 1.233567662E+01,368,8,QN
ENSO_05,8,QN, 1.000E+04,scale, 1.000E-08, 1.000E-01, 1.000E-01,1,5,0,0,103, 1.89250E-01, 1.167548573E+01,275,8,QN
ENSO_05,8,QN, 1.000E+04,scale, 1.000E-08, 1.000E-01, 1.000E-01,1,6,0,0,81, 1.99441E-01, 1.232158019E+01,271,8,QN
ENSO_05,8,QN, 1.000E+04,scale, 1.000E-08, 1.000E-01, 1.000E-01,1,7,0,0,196, 2.99440E-01, 1.167676683E+01,347,8,QN
ENSO_05,8,QN, 1.000E+04,scale, 1.000E-08, 1.000E-01, 1.000E-01,1,8,0,0,67, 1.65387E-01, 1.478336138E+01,286,8,QN
ENSO_05,8,QN, 1.000E+04,scale, 1.000E-08, 1.000E-01, 1.000E-01,1,9,0,0,158, 3.32090E-01, 1.662748255E+01,464,8,QN
ENSO_05,8,QN, 1.000E+04,scale, 1.000E-08, 1.000E-01, 1.000E-01,1,10,0,0,89, 2.55335E-01, 1.191985680E+01,401,8,QN
ENSO_05,8,0, 1.000E+00,scale, 1.000E-08, 1.000E-01, 1.000E-01,2,1,0,0,69, 2.18141E-01, 1.399743735E+01,286,8,FO
ENSO_05,8,0, 1.000E+00,scale, 1.000E-08, 1.000E-01, 1.000E-01,2,2,0,0,52, 2.05841E-01, 1.233369671E+01,251,8,FO
ENSO_05,8,0, 1.000E+00,scale, 1.000E-08, 1.000E-01, 1.000E-01,2,3,0,0,100, 3.51296E-01, 1.170051531E+01,509,8,FO
ENSO_05,8,0, 1.000E+00,scale, 1.000E-08, 1.000E-01, 1.000E-01,2,4,0,0,71, 2.82459E-01, 1.481045917E+01,368,8,FO
ENSO_05,8,0, 1.000E+00,scale, 1.000E-08, 1.000E-01, 1.000E-01,2,5,0,0,44, 1.42232E-01, 1.601294252E+01,205,8,FO
ENSO_05,8,0, 1.000E+00,scale, 1.000E-08, 1.000E-01, 1.000E-01,2,6,0,0,58, 1.24757E-01, 1.388073461E+01,274,8,FO
ENSO_05,8,0, 1.000E+00,scale, 1.000E-08, 1.000E-01, 1.000E-01,2,7,0,0,72, 1.41193E-01, 1.231730411E+01,328,8,FO
ENSO_05,8,0, 1.000E+00,scale, 1.000E-08, 1.000E-01, 1.000E-01,2,8,0,0,29, 5.66430E-02, 1.230809015E+01,134,8,FO
ENSO_05,8,0, 1.000E+00,scale, 1.000E-08, 1.000E-01, 1.000E-01,2,9,0,0,26, 6.34410E-02, 1.169159981E+01,131,8,FO
ENSO_05,8,0, 1.000E+00,scale, 1.000E-08, 1.000E-01, 1.000E-01,2,10,0,0,97, 2.15298E-01, 1.231288818E+01,483,8,FO
ENSO_05,8,GN, 1.000E+04,scale, 1.000E-08, 1.000E-01, 1.000E-01,2,1,0,0,45, 1.79215E-01, 1.232141558E+01,204,8,GN
ENSO_05,8,GN, 1.000E+04,scale, 1.000E-08, 1.000E-01, 1.000E-01,2,2,0,0,56, 2.87296E-01, 1.231430647E+01,267,8,GN
ENSO_05,8,GN, 1.000E+04,scale, 1.000E-08, 1.000E-01, 1.000E-01,2,3,0,0,69, 3.20761E-01, 1.230143139E+01,346,8,GN
ENSO_05,8,GN, 1.000E+04,scale, 1.000E-08, 1.000E-01, 1.000E-01,2,4,0,0,49, 2.02215E-01, 1.479356069E+01,242,8,GN
ENSO_05,8,GN, 1.000E+04,scale, 1.000E-08, 1.000E-01, 1.000E-01,2,5,0,0,75, 2.08500E-01, 1.601715884E+01,259,8,GN
ENSO_05,8,GN, 1.000E+04,scale, 1.000E-08, 1.000E-01, 1.000E-01,2,6,0,0,185, 5.81725E-01, 1.400089059E+01,712,8,GN
ENSO_05,8,GN, 1.000E+04,scale, 1.000E-08, 1.000E-01, 1.000E-01,2,7,0,0,59, 1.51034E-01, 1.233327504E+01,268,8,GN
ENSO_05,8,GN, 1.000E+04,scale, 1.000E-08, 1.000E-01, 1.000E-01,2,8,0,0,38, 1.01765E-01, 1.233357284E+01,183,8,GN
ENSO_05,8,GN, 1.000E+04,scale, 1.000E-08, 1.000E-01, 1.000E-01,2,9,0,0,24, 7.22610E-02, 1.169202673E+01,125,8,GN
ENSO_05,8,GN, 1.000E+04,scale, 1.000E-08, 1.000E-01, 1.000E-01,2,10,0,0,83, 2.35090E-01, 1.231807270E+01,398,8,GN
ENSO_05,8,GN, 1.000E+00,scale, 1.000E-08, 1.000E-01, 1.000E-01,2,1,0,0,69, 2.27977E-01, 1.401333282E+01,289,8,GN1
ENSO_05,8,GN, 1.000E+00,scale, 1.000E-08, 1.000E-01, 1.000E-01,2,2,0,0,53, 2.88968E-01, 1.193453408E+01,251,8,GN1
ENSO_05,8,GN, 1.000E+00,scale, 1.000E-08, 1.000E-01, 1.000E-01,2,3,0,0,65, 3.78287E-01, 1.168476433E+01,286,8,GN1
ENSO_05,8,GN, 1.000E+00,scale, 1.000E-08, 1.000E-01, 1.000E-01,2,4,0,0,50, 2.83635E-01, 1.389578404E+01,229,8,GN1
ENSO_05,8,GN, 1.000E+00,scale, 1.000E-08, 1.000E-01, 1.000E-01,2,5,0,0,50, 1.76229E-01, 1.600497836E+01,200,8,GN1
ENSO_05,8,GN, 1.000E+00,scale, 1.000E-08, 1.000E-01, 1.000E-01,2,6,0,0,31, 1.16126E-01, 1.389554570E+01,138,8,GN1
ENSO_05,8,GN, 1.000E+00,scale, 1.000E-08, 1.000E-01, 1.000E-01,2,7,0,0,54, 2.19209E-01, 1.400053657E+01,249,8,GN1
ENSO_05,8,GN, 1.000E+00,scale, 1.000E-08, 1.000E-01, 1.000E-01,2,8,0,0,50, 1.50398E-01, 1.233213951E+01,200,8,GN1
ENSO_05,8,GN, 1.000E+00,scale, 1.000E-08, 1.000E-01, 1.000E-01,2,9,0,0,27, 1.07719E-01, 1.169394118E+01,144,8,GN1
ENSO_05,8,GN, 1.000E+00,scale, 1.000E-08, 1.000E-01, 1.000E-01,2,10,0,0,89, 3.69965E-01, 1.231230414E+01,450,8,GN1
ENSO_05,8,H, 1.000E+04,scale, 1.000E-08, 1.000E-01, 1.000E-01,2,1,0,0,1969, 3.85772E+00, 1.495008598E+01,4069,8,H
ENSO_05,8,H, 1.000E+04,scale, 1.000E-08, 1.000E-01, 1.000E-01,2,2,0,0,50, 1.04248E-01, 1.165711096E+01,165,8,H
ENSO_05,8,H, 1.000E+04,scale, 1.000E-08, 1.000E-01, 1.000E-01,2,3,0,0,142, 2.84969E-01, 1.170003052E+01,381,8,H
ENSO_05,8,H, 1.000E+04,scale, 1.000E-08, 1.000E-01, 1.000E-01,2,4,0,0,95, 1.59303E-01, 1.480561039E+01,256,8,H
ENSO_05,8,H, 1.000E+04,scale, 1.000E-08, 1.000E-01, 1.000E-01,2,5,0,0,4961, 5.67701E+00, 1.602713535E+01,5187,8,H
ENSO_05,8,H, 1.000E+04,scale, 1.000E-08, 1.000E-01, 1.000E-01,2,6,0,0,59, 1.32363E-01, 1.388287514E+01,202,8,H
ENSO_05,8,H, 1.000E+04,scale, 1.000E-08, 1.000E-01, 1.000E-01,2,7,0,0,391, 5.01012E-01, 1.169811189E+01,561,8,H
ENSO_05,8,H, 1.000E+04,scale, 1.000E-08, 1.000E-01, 1.000E-01,2,8,0,0,323, 5.58765E-01, 1.403880654E+01,550,8,H
ENSO_05,8,H, 1.000E+04,scale, 1.000E-08, 1.000E-01, 1.000E-01,2,9,0,0,26, 7.36700E-02, 1.167517732E+01,126,8,H
ENSO_05,8,H, 1.000E+04,scale, 1.000E-08, 1.000E-01, 1.000E-01,2,10,0,0,351, 8.42882E-01, 1.231214891E+01,1030,8,H
ENSO_05,8,H, 1.000E-01,scale, 1.000E-08, 1.000E-01, 1.000E-01,2,1,0,0,68, 2.02116E-01, 1.400527137E+01,294,8,H0.1
ENSO_05,8,H, 1.000E-01,scale, 1.000E-08, 1.000E-01, 1.000E-01,2,2,0,0,48, 1.38233E-01, 1.230651794E+01,239,8,H0.1
ENSO_05,8,H, 1.000E-01,scale, 1.000E-08, 1.000E-01, 1.000E-01,2,3,0,0,83, 2.48298E-01, 1.167750255E+01,409,8,H0.1
ENSO_05,8,H, 1.000E-01,scale, 1.000E-08, 1.000E-01, 1.000E-01,2,4,0,0,64, 2.08029E-01, 1.389362411E+01,304,8,H0.1
ENSO_05,8,H, 1.000E-01,scale, 1.000E-08, 1.000E-01, 1.000E-01,2,5,0,0,55, 1.00763E-01, 1.601030490E+01,193,8,H0.1
ENSO_05,8,H, 1.000E-01,scale, 1.000E-08, 1.000E-01, 1.000E-01,2,6,0,0,67, 1.76708E-01, 1.481146421E+01,353,8,H0.1
ENSO_05,8,H, 1.000E-01,scale, 1.000E-08, 1.000E-01, 1.000E-01,2,7,0,0,75, 1.82028E-01, 1.398638486E+01,313,8,H0.1
ENSO_05,8,H, 1.000E-01,scale, 1.000E-08, 1.000E-01, 1.000E-01,2,8,0,0,35, 9.49070E-02, 1.233551843E+01,166,8,H0.1
ENSO_05,8,H, 1.000E-01,scale, 1.000E-08, 1.000E-01, 1.000E-01,2,9,0,0,27, 7.29100E-02, 1.169428029E+01,135,8,H0.1
ENSO_05,8,H, 1.000E-01,scale, 1.000E-08, 1.000E-01, 1.000E-01,2,10,0,0,100, 3.25025E-01, 1.232953474E+01,513,8,H0.1
ENSO_05,8,H, 1.000E+00,scale, 1.000E-08, 1.000E-01, 1.000E-01,2,1,0,0,45, 1.46490E-01, 1.403987505E+01,190,8,H1
ENSO_05,8,H, 1.000E+00,scale, 1.000E-08, 1.000E-01, 1.000E-01,2,2,0,0,40, 1.49145E-01, 1.232076411E+01,192,8,H1
ENSO_05,8,H, 1.000E+00,scale, 1.000E-08, 1.000E-01, 1.000E-01,2,3,0,0,67, 2.26197E-01, 1.168334995E+01,311,8,H1
ENSO_05,8,H, 1.000E+00,scale, 1.000E-08, 1.000E-01, 1.000E-01,2,4,0,0,57, 1.89318E-01, 1.388550345E+01,269,8,H1
ENSO_05,8,H, 1.000E+00,scale, 1.000E-08, 1.000E-01, 1.000E-01,2,5,0,0,153, 1.37510E-01, 1.601953064E+01,285,8,H1
ENSO_05,8,H, 1.000E+00,scale, 1.000E-08, 1.000E-01, 1.000E-01,2,6,0,0,36, 7.66730E-02, 1.390251785E+01,177,8,H1
ENSO_05,8,H, 1.000E+00,scale, 1.000E-08, 1.000E-01, 1.000E-01,2,7,0,0,56, 1.23883E-01, 1.401685696E+01,248,8,H1
ENSO_05,8,H, 1.000E+00,scale, 1.000E-08, 1.000E-01, 1.000E-01,2,8,0,0,50, 9.42980E-02, 1.233824606E+01,218,8,H1
ENSO_05,8,H, 1.000E+00,scale, 1.000E-08, 1.000E-01, 1.000E-01,2,9,0,0,24, 5.69100E-02, 1.168805215E+01,119,8,H1
ENSO_05,8,H, 1.000E+00,scale, 1.000E-08, 1.000E-01, 1.000E-01,2,10,0,0,93, 2.27686E-01, 1.233018759E+01,446,8,H1
ENSO_05,8,H, 1.000E+01,scale, 1.000E-08, 1.000E-01, 1.000E-01,2,1,0,0,96, 1.33042E-01, 1.230886631E+01,235,8,H10
ENSO_05,8,H, 1.000E+01,scale, 1.000E-08, 1.000E-01, 1.000E-01,2,2,0,0,44, 9.18840E-02, 1.191624385E+01,186,8,H10
ENSO_05,8,H, 1.000E+01,scale, 1.000E-08, 1.000E-01, 1.000E-01,2,3,0,0,92, 1.83946E-01, 1.192481059E+01,372,8,H10
ENSO_05,8,H, 1.000E+01,scale, 1.000E-08, 1.000E-01, 1.000E-01,2,4,0,0,125, 1.15184E-01, 1.853685818E+01,226,8,H10
ENSO_05,8,H, 1.000E+01,scale, 1.000E-08, 1.000E-01, 1.000E-01,2,5,0,0,160, 2.81239E-01, 1.480731763E+01,531,8,H10
ENSO_05,8,H, 1.000E+01,scale, 1.000E-08, 1.000E-01, 1.000E-01,2,6,0,0,347, 5.24663E-01, 1.399312217E+01,835,8,H10
ENSO_05,8,H, 1.000E+01,scale, 1.000E-08, 1.000E-01, 1.000E-01,2,7,0,0,124, 2.46308E-01, 1.194333549E+01,426,8,H10
ENSO_05,8,H, 1.000E+01,scale, 1.000E-08, 1.000E-01, 1.000E-01,2,8,0,0,104, 1.98230E-01, 1.232308010E+01,314,8,H10
ENSO_05,8,H, 1.000E+01,scale, 1.000E-08, 1.000E-01, 1.000E-01,2,9,0,0,31, 6.46010E-02, 1.168276405E+01,123,8,H10
ENSO_05,8,H, 1.000E+01,scale, 1.000E-08, 1.000E-01, 1.000E-01,2,10,0,0,161, 3.17203E-01, 1.169501964E+01,479,8,H10
ENSO_05,8,H, 1.000E+02,scale, 1.000E-08, 1.000E-01, 1.000E-01,2,1,0,0,360, 4.88063E-01, 1.400486931E+01,562,8,H100
ENSO_05,8,H, 1.000E+02,scale, 1.000E-08, 1.000E-01, 1.000E-01,2,2,0,0,50, 1.16732E-01, 1.165711096E+01,165,8,H100
ENSO_05,8,H, 1.000E+02,scale, 1.000E-08, 1.000E-01, 1.000E-01,2,3,0,0,142, 3.17664E-01, 1.170003052E+01,381,8,H100
ENSO_05,8,H, 1.000E+02,scale, 1.000E-08, 1.000E-01, 1.000E-01,2,4,0,0,95, 1.81146E-01, 1.480561039E+01,256,8,H100
ENSO_05,8,H, 1.000E+02,scale, 1.000E-08, 1.000E-01, 1.000E-01,2,5,0,0,4961, 6.36800E+00, 1.602713535E+01,5187,8,H100
ENSO_05,8,H, 1.000E+02,scale, 1.000E-08, 1.000E-01, 1.000E-01,2,6,0,0,59, 1.51919E-01, 1.388287514E+01,202,8,H100
ENSO_05,8,H, 1.000E+02,scale, 1.000E-08, 1.000E-01, 1.000E-01,2,7,0,0,391, 5.17703E-01, 1.169811189E+01,561,8,H100
ENSO_05,8,H, 1.000E+02,scale, 1.000E-08, 1.000E-01, 1.000E-01,2,8,0,0,323, 5.95604E-01, 1.403880654E+01,550,8,H100
ENSO_05,8,H, 1.000E+02,scale, 1.000E-08, 1.000E-01, 1.000E-01,2,9,0,0,26, 7.62460E-02, 1.167517732E+01,126,8,H100
ENSO_05,8,H, 1.000E+02,scale, 1.000E-08, 1.000E-01, 1.000E-01,2,10,0,0,188, 4.26681E-01, 1.168450830E+01,528,8,H100
ENSO_05,8,H, 1.000E+00,scale, 1.000E-08, 1.000E-01, 1.000E-01,2,1,0,0,39, 8.09840E-02, 1.402587927E+01,165,8,HA1
ENSO_05,8,H, 1.000E+00,scale, 1.000E-08, 1.000E-01, 1.000E-01,2,2,0,0,34, 6.29440E-02, 1.170116679E+01,155,8,HA1
ENSO_05,8,H, 1.000E+00,scale, 1.000E-08, 1.000E-01, 1.000E-01,2,3,0,0,71, 1.58587E-01, 1.169810260E+01,339,8,HA1
ENSO_05,8,H, 1.000E+00,scale, 1.000E-08, 1.000E-01, 1.000E-01,2,4,0,0,44, 1.00260E-01, 1.389767209E+01,227,8,HA1
ENSO_05,8,H, 1.000E+00,scale, 1.000E-08, 1.000E-01, 1.000E-01,2,5,0,0,111, 2.65904E-01, 1.358525950E+01,495,8,HA1
ENSO_05,8,H, 1.000E+00,scale, 1.000E-08, 1.000E-01, 1.000E-01,2,6,0,0,44, 9.06670E-02, 1.390084491E+01,218,8,HA1
ENSO_05,8,H, 1.000E+00,scale, 1.000E-08, 1.000E-01, 1.000E-01,2,7,0,0,81, 1.00075E-01, 1.168003756E+01,241,8,HA1
ENSO_05,8,H, 1.000E+00,scale, 1.000E-08, 1.000E-01, 1.000E-01,2,8,0,0,54, 1.13728E-01, 1.232437564E+01,240,8,HA1
ENSO_05,8,H, 1.000E+00,scale, 1.000E-08, 1.000E-01, 1.000E-01,2,9,0,0,24, 5.03990E-02, 1.167631347E+01,119,8,HA1
ENSO_05,8,H, 1.000E+00,scale, 1.000E-08, 1.000E-01, 1.000E-01,2,10,0,0,76, 1.22443E-01, 1.477205079E+01,298,8,HA1
ENSO_05,8,H, 1.000E+00,scale, 1.000E-08, 1.000E-01, 1.000E-01,2,1,0,0,66, 1.43059E-01, 1.439376151E+01,295,8,HA10
ENSO_05,8,H, 1.000E+00,scale, 1.000E-08, 1.000E-01, 1.000E-01,2,2,0,0,56, 1.13142E-01, 1.191948672E+01,263,8,HA10
ENSO_05,8,H, 1.000E+00,scale, 1.000E-08, 1.000E-01, 1.000E-01,2,3,0,0,63, 1.52852E-01, 1.168623787E+01,256,8,HA10
ENSO_05,8,H, 1.000E+00,scale, 1.000E-08, 1.000E-01, 1.000E-01,2,4,0,0,58, 1.17760E-01, 1.388198526E+01,252,8,HA10
ENSO_05,8,H, 1.000E+00,scale, 1.000E-08, 1.000E-01, 1.000E-01,2,5,0,0,207, 1.76730E-01, 1.600245921E+01,412,8,HA10
ENSO_05,8,H, 1.000E+00,scale, 1.000E-08, 1.000E-01, 1.000E-01,2,6,0,0,162, 3.45376E-01, 1.400326829E+01,637,8,HA10
ENSO_05,8,H, 1.000E+00,scale, 1.000E-08, 1.000E-01, 1.000E-01,2,7,0,0,105, 2.31751E-01, 1.193629560E+01,468,8,HA10
ENSO_05,8,H, 1.000E+00,scale, 1.000E-08, 1.000E-01, 1.000E-01,2,8,0,0,41, 7.47750E-02, 1.231288884E+01,184,8,HA10
ENSO_05,8,H, 1.000E+00,scale, 1.000E-08, 1.000E-01, 1.000E-01,2,9,0,0,31, 6.38920E-02, 1.168295906E+01,143,8,HA10
ENSO_05,8,H, 1.000E+00,scale, 1.000E-08, 1.000E-01, 1.000E-01,2,10,0,0,18, 2.22700E-02, 2.265256092E+01,59,8,HA10
ENSO_05,8,H, 1.000E+00,scale, 1.000E-08, 1.000E-01, 1.000E-01,2,1,0,0,325, 4.25468E-01, 1.167720421E+01,461,8,HA100
ENSO_05,8,H, 1.000E+00,scale, 1.000E-08, 1.000E-01, 1.000E-01,2,2,0,0,39, 8.76140E-02, 1.193371854E+01,167,8,HA100
ENSO_05,8,H, 1.000E+00,scale, 1.000E-08, 1.000E-01, 1.000E-01,2,3,0,0,120, 2.37765E-01, 1.168700778E+01,339,8,HA100
ENSO_05,8,H, 1.000E+00,scale, 1.000E-08, 1.000E-01, 1.000E-01,2,4,0,0,59, 1.38797E-01, 1.482001980E+01,248,8,HA100
ENSO_05,8,H, 1.000E+00,scale, 1.000E-08, 1.000E-01, 1.000E-01,2,5,0,0,1337, 1.33618E+00, 1.600349091E+01,1558,8,HA100
ENSO_05,8,H, 1.000E+00,scale, 1.000E-08, 1.000E-01, 1.000E-01,2,6,0,0,337, 5.97447E-01, 1.399426098E+01,765,8,HA100
ENSO_05,8,H, 1.000E+00,scale, 1.000E-08, 1.000E-01, 1.000E-01,2,7,0,0,109, 2.30310E-01, 1.194720918E+01,358,8,HA100
ENSO_05,8,H, 1.000E+00,scale, 1.000E-08, 1.000E-01, 1.000E-01,2,8,0,0,94, 1.77880E-01, 1.230771114E+01,315,8,HA100
ENSO_05,8,H, 1.000E+00,scale, 1.000E-08, 1.000E-01, 1.000E-01,2,9,0,0,27, 7.53140E-02, 1.167568436E+01,133,8,HA100
ENSO_05,8,H, 1.000E+00,scale, 1.000E-08, 1.000E-01, 1.000E-01,2,10,0,0,170, 3.99300E-01, 1.169309930E+01,547,8,HA100
ENSO_05,8,H, 1.000E+00,clip, 1.000E-08, 1.000E-01, 1.000E-01,2,1,0,0,49, 7.92670E-02, 1.403378082E+01,145,8,Hc1
ENSO_05,8,H, 1.000E+00,clip, 1.000E-08, 1.000E-01, 1.000E-01,2,2,0,0,42, 9.05790E-02, 1.232108189E+01,193,8,Hc1
ENSO_05,8,H, 1.000E+00,clip, 1.000E-08, 1.000E-01, 1.000E-01,2,3,0,0,64, 1.56311E-01, 1.169556634E+01,244,8,Hc1
ENSO_05,8,H, 1.000E+00,clip, 1.000E-08, 1.000E-01, 1.000E-01,2,4,0,0,51, 1.13975E-01, 1.387871565E+01,219,8,Hc1
ENSO_05,8,H, 1.000E+00,clip, 1.000E-08, 1.000E-01, 1.000E-01,2,5,0,0,283, 2.22530E-01, 1.599943697E+01,452,8,Hc1
ENSO_05,8,H, 1.000E+00,clip, 1.000E-08, 1.000E-01, 1.000E-01,2,6,0,0,36, 7.51130E-02, 1.387853565E+01,177,8,Hc1
ENSO_05,8,H, 1.000E+00,clip, 1.000E-08, 1.000E-01, 1.000E-01,2,7,0,0,66, 1.42068E-01, 1.401599693E+01,265,8,Hc1
ENSO_05,8,H, 1.000E+00,clip, 1.000E-08, 1.000E-01, 1.000E-01,2,8,0,0,32, 5.82700E-02, 1.232042402E+01,125,8,Hc1
ENSO_05,8,H, 1.000E+00,clip, 1.000E-08, 1.000E-01, 1.000E-01,2,9,0,0,44, 8.36330E-02, 1.169811701E+01,150,8,Hc1
ENSO_05,8,H, 1.000E+00,clip, 1.000E-08, 1.000E-01, 1.000E-01,2,10,0,0,122, 3.10908E-01, 1.224000614E+01,454,8,Hc1
ENSO_05,8,H, 1.000E+01,clip, 1.000E-08, 1.000E-01, 1.000E-01,2,1,0,0,71, 1.76733E-01, 1.440173967E+01,292,8,Hc10
ENSO_05,8,H, 1.000E+01,clip, 1.000E-08, 1.000E-01, 1.000E-01,2,2,0,0,38, 7.77520E-02, 1.193461647E+01,147,8,Hc10
ENSO_05,8,H, 1.000E+01,clip, 1.000E-08, 1.000E-01, 1.000E-01,2,3,0,0,82, 1.61272E-01, 1.192954096E+01,293,8,Hc10
ENSO_05,8,H, 1.000E+01,clip, 1.000E-08, 1.000E-01, 1.000E-01,2,4,0,0,194, 3.76910E-01, 1.192388918E+01,609,8,Hc10
ENSO_05,8,H, 1.000E+01,clip, 1.000E-08, 1.000E-01, 1.000E-01,2,5,0,0,398, 7.18377E-01, 1.496986272E+01,616,8,Hc10
ENSO_05,8,H, 1.000E+01,clip, 1.000E-08, 1.000E-01, 1.000E-01,2,6,0,0,513, 7.82721E-01, 1.402265283E+01,963,8,Hc10
ENSO_05,8,H, 1.000E+01,clip, 1.000E-08, 1.000E-01, 1.000E-01,2,7,0,0,149, 3.05787E-01, 1.193356114E+01,585,8,Hc10
ENSO_05,8,H, 1.000E+01,clip, 1.000E-08, 1.000E-01, 1.000E-01,2,8,0,0,187, 2.77592E-01, 1.401501605E+01,329,8,Hc10
ENSO_05,8,H, 1.000E+01,clip, 1.000E-08, 1.000E-01, 1.000E-01,2,9,0,0,30, 6.94840E-02, 1.167986184E+01,136,8,Hc10
ENSO_05,8,H, 1.000E+01,clip, 1.000E-08, 1.000E-01, 1.000E-01,2,10,0,0,112, 1.35825E-01, 1.479708921E+01,260,8,Hc10
ENSO_05,8,QN, 1.000E+04,scale, 1.000E-08, 1.000E-01, 1.000E-01,2,1,0,0,64, 2.25682E-01, 1.401480108E+01,180,8,QN
ENSO_05,8,QN, 1.000E+04,scale, 1.000E-08, 1.000E-01, 1.000E-01,2,2,0,0,36, 1.57555E-01, 1.169637930E+01,164,8,QN
ENSO_05,8,QN, 1.000E+04,scale, 1.000E-08, 1.000E-01, 1.000E-01,2,3,0,0,56, 2.84863E-01, 1.169595298E+01,218,8,QN
ENSO_05,8,QN, 1.000E+04,scale, 1.000E-08, 1.000E-01, 1.000E-01,2,4,0,0,54, 2.38621E-01, 1.389466928E+01,181,8,QN
ENSO_05,8,QN, 1.000E+04,scale, 1.000E-08, 1.000E-01, 1.000E-01,2,5,0,0,123, 2.83818E-01, 1.601379430E+01,260,8,QN
ENSO_05,8,QN, 1.000E+04,scale, 1.000E-08, 1.000E-01, 1.000E-01,2,6,0,0,37, 2.17536E-01, 1.388737868E+01,189,8,QN
ENSO_05,8,QN, 1.000E+04,scale, 1.000E-08, 1.000E-01, 1.000E-01,2,7,0,0,87, 3.50642E-01, 1.398446163E+01,261,8,QN
ENSO_05,8,QN, 1.000E+04,scale, 1.000E-08, 1.000E-01, 1.000E-01,2,8,0,0,74, 2.91412E-01, 1.233465368E+01,248,8,QN
ENSO_05,8,QN, 1.000E+04,scale, 1.000E-08, 1.000E-01, 1.000E-01,2,9,0,0,24, 1.38386E-01, 1.167667780E+01,118,8,QN
ENSO_05,8,QN, 1.000E+04,scale, 1.000E-08, 1.000E-01, 1.000E-01,2,10,0,0,47, 2.25700E-01, 1.480542640E+01,153,8,QN
ENSO_10,17,0, 1.000E+00,scale, 1.000E-08, 1.000E-01, 1.000E-01,1,1,0,0,60, 1.35450E-01, 1.168071955E+01,307,17,FO
ENSO_10,17,0, 1.000E+00,scale, 1.000E-08, 1.000E-01, 1.000E-01,1,2,0,0,42, 8.14680E-02, 1.240737658E+01,192,17,FO
ENSO_10,17,0, 1.000E+00,scale, 1.000E-08, 1.000E-01, 1.000E-01,1,3,0,0,105, 2.27389E-01, 1.103962188E+01,483,17,FO
ENSO_10,17,0, 1.000E+00,scale, 1.000E-08, 1.000E-01, 1.000E-01,1,4,0,0,61, 1.35249E-01, 1.239443448E+01,304,17,FO
ENSO_10,17,0, 1.000E+00,scale, 1.000E-08, 1.000E-01, 1.000E-01,1,5,0,0,76, 1.61366E-01, 1.102658330E+01,351,17,FO
ENSO_10,17,0, 1.000E+00,scale, 1.000E-08, 1.000E-01, 1.000E-01,1,6,0,0,79, 1.80007E-01, 1.103995871E+01,385,17,FO
ENSO_10,17,0, 1.000E+00,scale, 1.000E-08, 1.000E-01, 1.000E-01,1,7,0,0,43, 9.93010E-02, 1.102665233E+01,202,17,FO
ENSO_10,17,0, 1.000E+00,scale, 1.000E-08, 1.000E-01, 1.000E-01,1,8,0,0,38, 8.01030E-02, 1.480023365E+01,180,17,FO
ENSO_10,17,0, 1.000E+00,scale, 1.000E-08, 1.000E-01, 1.000E-01,1,9,0,0,173, 3.31887E-01, 1.532054207E+01,719,17,FO
ENSO_10,17,0, 1.000E+00,scale, 1.000E-08, 1.000E-01, 1.000E-01,1,10,0,0,94, 2.06045E-01, 1.168976495E+01,459,17,FO
ENSO_10,17,GN, 1.000E+04,scale, 1.000E-08, 1.000E-01, 1.000E-01,1,1,0,0,32, 7.22350E-02, 1.168748136E+01,153,17,GN
ENSO_10,17,GN, 1.000E+04,scale, 1.000E-08, 1.000E-01, 1.000E-01,1,2,0,0,44, 9.73600E-02, 1.237460748E+01,197,17,GN
ENSO_10,17,GN, 1.000E+04,scale, 1.000E-08, 1.000E-01, 1.000E-01,1,3,0,0,116, 2.86537E-01, 1.102627827E+01,531,17,GN
ENSO_10,17,GN, 1.000E+04,scale, 1.000E-08, 1.000E-01, 1.000E-01,1,4,0,0,78, 2.00902E-01, 1.239668991E+01,395,17,GN
ENSO_10,17,GN, 1.000E+04,scale, 1.000E-08, 1.000E-01, 1.000E-01,1,5,0,0,48, 1.01832E-01, 1.103299064E+01,226,17,GN
ENSO_10,17,GN, 1.000E+04,scale, 1.000E-08, 1.000E-01, 1.000E-01,1,6,0,0,73, 1.81231E-01, 1.102758517E+01,344,17,GN
ENSO_10,17,GN, 1.000E+04,scale, 1.000E-08, 1.000E-01, 1.000E-01,1,7,0,0,43, 9.39270E-02, 1.103206700E+01,188,17,GN
ENSO_10,17,GN, 1.000E+04,scale, 1.000E-08, 1.000E-01, 1.000E-01,1,8,0,0,107, 2.61513E-01, 1.103250897E+01,531,17,GN
ENSO_10,17,GN, 1.000E+04,scale, 1.000E-08, 1.000E-01, 1.000E-01,1,9,0,0,60, 1.36786E-01, 1.578516861E+01,257,17,GN
ENSO_10,17,GN, 1.000E+04,scale, 1.000E-08, 1.000E-01, 1.000E-01,1,10,0,0,84, 1.97558E-01, 1.169577322E+01,407,17,GN
ENSO_10,17,GN, 1.000E+00,scale, 1.000E-08, 1.000E-01, 1.000E-01,1,1,0,0,54, 2.05071E-01, 1.171091240E+01,282,17,GN1
ENSO_10,17,GN, 1.000E+00,scale, 1.000E-08, 1.000E-01, 1.000E-01,1,2,0,0,50, 1.79922E-01, 1.238104992E+01,205,17,GN1
ENSO_10,17,GN, 1.000E+00,scale, 1.000E-08, 1.000E-01, 1.000E-01,1,3,0,0,110, 4.28939E-01, 1.102478997E+01,506,17,GN1
ENSO_10,17,GN, 1.000E+00,scale, 1.000E-08, 1.000E-01, 1.000E-01,1,4,0,0,108, 4.43873E-01, 1.343507443E+01,502,17,GN1
ENSO_10,17,GN, 1.000E+00,scale, 1.000E-08, 1.000E-01, 1.000E-01,1,5,0,0,72, 3.03348E-01, 1.102898546E+01,323,17,GN1
ENSO_10,17,GN, 1.000E+00,scale, 1.000E-08, 1.000E-01, 1.000E-01,1,6,0,0,81, 3.04807E-01, 1.239676122E+01,355,17,GN1
ENSO_10,17,GN, 1.000E+00,scale, 1.000E-08, 1.000E-01, 1.000E-01,1,7,0,0,56, 2.16672E-01, 1.103303793E+01,270,17,GN1
ENSO_10,17,GN, 1.000E+00,scale, 1.000E-08, 1.000E-01, 1.000E-01,1,8,0,0,48, 1.66208E-01, 1.479889075E+01,228,17,GN1
ENSO_10,17,GN, 1.000E+00,scale, 1.000E-08, 1.000E-01, 1.000E-01,1,9,0,0,146, 5.24165E-01, 1.534463981E+01,658,17,GN1
ENSO_10,17,GN, 1.000E+00,scale, 1.000E-08, 1.000E-01, 1.000E-01,1,10,0,0,94, 3.65522E-01, 1.166535886E+01,462,17,GN1
ENSO_10,17,H, 1.000E+04,scale, 1.000E-08, 1.000E-01, 1.000E-01,1,1,0,0,87, 1.72014E-01, 1.168089561E+01,350,17,H
ENSO_10,17,H, 1.000E+04,scale, 1.000E-08, 1.000E-01, 1.000E-01,1,2,0,0,132, 2.42194E-01, 1.240019168E+01,288,17,H
ENSO_10,17,H, 1.000E+04,scale, 1.000E-08, 1.000E-01, 1.000E-01,1,3,0,0,281, 5.15440E-01, 1.239598861E+01,818,17,H
ENSO_10,17,H, 1.000E+04,scale, 1.000E-08, 1.000E-01, 1.000E-01,1,4,0,0,290, 4.26989E-01, 1.343396368E+01,734,17,H
ENSO_10,17,H, 1.000E+04,scale, 1.000E-08, 1.000E-01, 1.000E-01,1,5,0,0,75, 1.34786E-01, 1.104208701E+01,242,17,H
ENSO_10,17,H, 1.000E+04,scale, 1.000E-08, 1.000E-01, 1.000E-01,1,6,0,0,177, 2.63109E-01, 1.240538058E+01,436,17,H
ENSO_10,17,H, 1.000E+04,scale, 1.000E-08, 1.000E-01, 1.000E-01,1,7,0,0,96, 1.56298E-01, 1.103908289E+01,271,17,H
ENSO_10,17,H, 1.000E+04,scale, 1.000E-08, 1.000E-01, 1.000E-01,1,8,0,0,160, 3.23204E-01, 1.104578504E+01,572,17,H
ENSO_10,17,H, 1.000E+04,scale, 1.000E-08, 1.000E-01, 1.000E-01,1,9,0,0,107, 1.45043E-01, 1.578285436E+01,200,17,H
ENSO_10,17,H, 1.000E+04,scale, 1.000E-08, 1.000E-01, 1.000E-01,1,10,0,0,105, 1.75306E-01, 1.102136415E+01,330,17,H
ENSO_10,17,H, 1.000E-01,scale, 1.000E-08, 1.000E-01, 1.000E-01,1,1,0,0,56, 1.33247E-01, 1.169064351E+01,288,17,H0.1
ENSO_10,17,H, 1.000E-01,scale, 1.000E-08, 1.000E-01, 1.000E-01,1,2,0,0,44, 1.14292E-01, 1.240058887E+01,208,17,H0.1
ENSO_10,17,H, 1.000E-01,scale, 1.000E-08, 1.000E-01, 1.000E-01,1,3,0,0,101, 3.74146E-01, 1.102172127E+01,467,17,H0.1
ENSO_10,17,H, 1.000E-01,scale, 1.000E-08, 1.000E-01, 1.000E-01,1,4,0,0,70, 2.63043E-01, 1.239386522E+01,365,17,H0.1
ENSO_10,17,H, 1.000E-01,scale, 1.000E-08, 1.000E-01, 1.000E-01,1,5,0,0,61, 2.30955E-01, 1.102389787E+01,293,17,H0.1
ENSO_10,17,H, 1.000E-01,scale, 1.000E-08, 1.000E-01, 1.000E-01,1,6,0,0,64, 2.01558E-01, 1.103303961E+01,299,17,H0.1
ENSO_10,17,H, 1.000E-01,scale, 1.000E-08, 1.000E-01, 1.000E-01,1,7,0,0,51, 1.24846E-01, 1.105147851E+01,215,17,H0.1
ENSO_10,17,H, 1.000E-01,scale, 1.000E-08, 1.000E-01, 1.000E-01,1,8,0,0,54, 1.41955E-01, 1.479842372E+01,269,17,H0.1
ENSO_10,17,H, 1.000E-01,scale, 1.000E-08, 1.000E-01, 1.000E-01,1,9,0,0,150, 3.54555E-01, 1.535364575E+01,696,17,H0.1
ENSO_10,17,H, 1.000E-01,scale, 1.000E-08, 1.000E-01, 1.000E-01,1,10,0,0,91, 2.10810E-01, 1.170438330E+01,447,17,H0.1
ENSO_10,17,H, 1.000E+00,scale, 1.000E-08, 1.000E-01, 1.000E-01,1,1,0,0,33, 7.04460E-02, 1.167542388E+01,148,17,H1
ENSO_10,17,H, 1.000E+00,scale, 1.000E-08, 1.000E-01, 1.000E-01,1,2,0,0,48, 1.02821E-01, 1.239195316E+01,237,17,H1
ENSO_10,17,H, 1.000E+00,scale, 1.000E-08, 1.000E-01, 1.000E-01,1,3,0,0,102, 2.67958E-01, 1.103605849E+01,455,17,H1
ENSO_10,17,H, 1.000E+00,scale, 1.000E-08, 1.000E-01, 1.000E-01,1,4,0,0,73, 1.62832E-01, 1.236859862E+01,360,17,H1
ENSO_10,17,H, 1.000E+00,scale, 1.000E-08, 1.000E-01, 1.000E-01,1,5,0,0,47, 1.05689E-01, 1.102260015E+01,211,17,H1
ENSO_10,17,H, 1.000E+00,scale, 1.000E-08, 1.000E-01, 1.000E-01,1,6,0,0,77, 1.80410E-01, 1.238907238E+01,358,17,H1
ENSO_10,17,H, 1.000E+00,scale, 1.000E-08, 1.000E-01, 1.000E-01,1,7,0,0,43, 1.05924E-01, 1.104107956E+01,203,17,H1
ENSO_10,17,H, 1.000E+00,scale, 1.000E-08, 1.000E-01, 1.000E-01,1,8,0,0,55, 1.23038E-01, 1.480965368E+01,270,17,H1
ENSO_10,17,H, 1.000E+00,scale, 1.000E-08, 1.000E-01, 1.000E-01,1,9,0,0,66, 1.19443E-01, 1.657680379E+01,235,17,H1
ENSO_10,17,H, 1.000E+00,scale, 1.000E-08, 1.000E-01, 1.000E-01,1,10,0,0,99, 2.37802E-01, 1.170288019E+01,481,17,H1
ENSO_10,17,H, 1.000E+01,scale, 1.000E-08, 1.000E-01, 1.000E-01,1,1,0,0,43, 8.97910E-02, 1.168837519E+01,173,17,H10
ENSO_10,17,H, 1.000E+01,scale, 1.000E-08, 1.000E-01, 1.000E-01,1,2,0,0,39, 1.16006E-01, 1.102203758E+01,171,17,H10
ENSO_10,17,H, 1.000E+01,scale, 1.000E-08, 1.000E-01, 1.000E-01,1,3,0,0,199, 6.06231E-01, 1.104515224E+01,536,17,H10
ENSO_10,17,H, 1.000E+01,scale, 1.000E-08, 1.000E-01, 1.000E-01,1,4,0,0,135, 3.80959E-01, 1.239515368E+01,491,17,H10
ENSO_10,17,H, 1.000E+01,scale, 1.000E-08, 1.000E-01, 1.000E-01,1,5,0,0,70, 1.17023E-01, 1.103167795E+01,219,17,H10
ENSO_10,17,H, 1.000E+01,scale, 1.000E-08, 1.000E-01, 1.000E-01,1,6,0,0,193, 2.93402E-01, 1.401239932E+01,451,17,H10
ENSO_10,17,H, 1.000E+01,scale, 1.000E-08, 1.000E-01, 1.000E-01,1,7,0,0,53, 9.08430E-02, 1.170248756E+01,170,17,H10
ENSO_10,17,H, 1.000E+01,scale, 1.000E-08, 1.000E-01, 1.000E-01,1,8,0,0,101, 1.90340E-01, 1.104680356E+01,321,17,H10
ENSO_10,17,H, 1.000E+01,scale, 1.000E-08, 1.000E-01, 1.000E-01,1,9,0,0,80, 1.60115E-01, 1.575970587E+01,267,17,H10
ENSO_10,17,H, 1.000E+01,scale, 1.000E-08, 1.000E-01, 1.000E-01,1,10,0,0,104, 1.91961E-01, 1.169618331E+01,326,17,H10
ENSO_10,17,H, 1.000E+02,scale, 1.000E-08, 1.000E-01, 1.000E-01,1,1,0,0,87, 2.46122E-01, 1.168089561E+01,350,17,H100
ENSO_10,17,H, 1.000E+02,scale, 1.000E-08, 1.000E-01, 1.000E-01,1,2,0,0,132, 3.81242E-01, 1.240019168E+01,288,17,H100
ENSO_10,17,H, 1.000E+02,scale, 1.000E-08, 1.000E-01, 1.000E-01,1,3,0,0,281, 6.68069E-01, 1.239598861E+01,818,17,H100
ENSO_10,17,H, 1.000E+02,scale, 1.000E-08, 1.000E-01, 1.000E-01,1,4,0,0,169, 2.89228E-01, 1.103645115E+01,425,17,H100
ENSO_10,17,H, 1.000E+02,scale, 1.000E-08, 1.000E-01, 1.000E-01,1,5,0,0,75, 1.34017E-01, 1.104208701E+01,242,17,H100
ENSO_10,17,H, 1.000E+02,scale, 1.000E-08, 1.000E-01, 1.000E-01,1,6,0,0,177, 2.70497E-01, 1.240538058E+01,436,17,H100
ENSO_10,17,H, 1.000E+02,scale, 1.000E-08, 1.000E-01, 1.000E-01,1,7,0,0,96, 1.59351E-01, 1.103908289E+01,271,17,H100
ENSO_10,17,H, 1.000E+02,scale, 1.000E-08, 1.000E-01, 1.000E-01,1,8,0,0,160, 3.36702E-01, 1.104578504E+01,572,17,H100
ENSO_10,17,H, 1.000E+02,scale, 1.000E-08, 1.000E-01, 1.000E-01,1,9,0,0,107, 1.49366E-01, 1.578285436E+01,200,17,H100
ENSO_10,17,H, 1.000E+02,scale, 1.000E-08, 1.000E-01, 1.000E-01,1,10,0,0,105, 1.80720E-01, 1.102136415E+01,330,17,H100
ENSO_10,17,H, 1.000E+00,scale, 1.000E-08, 1.000E-01, 1.000E-01,1,1,0,0,40, 9.16740E-02, 1.167862496E+01,205,17,HA1
ENSO_10,17,H, 1.000E+00,scale, 1.000E-08, 1.000E-01, 1.000E-01,1,2,0,0,52, 1.13828E-01, 1.239856030E+01,241,17,HA1
ENSO_10,17,H, 1.000E+00,scale, 1.000E-08, 1.000E-01, 1.000E-01,1,3,0,0,96, 2.01851E-01, 1.104272687E+01,428,17,HA1
ENSO_10,17,H, 1.000E+00,scale, 1.000E-08, 1.000E-01, 1.000E-01,1,4,0,0,88, 1.86609E-01, 1.105594158E+01,379,17,HA1
ENSO_10,17,H, 1.000E+00,scale, 1.000E-08, 1.000E-01, 1.000E-01,1,5,0,0,56, 1.40105E-01, 1.104058811E+01,252,17,HA1
ENSO_10,17,H, 1.000E+00,scale, 1.000E-08, 1.000E-01, 1.000E-01,1,6,0,0,82, 2.09898E-01, 1.237944454E+01,387,17,HA1
ENSO_10,17,H, 1.000E+00,scale, 1.000E-08, 1.000E-01, 1.000E-01,1,7,0,0,40, 1.05709E-01, 1.104596989E+01,164,17,HA1
ENSO_10,17,H, 1.000E+00,scale, 1.000E-08, 1.000E-01, 1.000E-01,1,8,0,0,54, 1.52638E-01, 1.480907357E+01,277,17,HA1
ENSO_10,17,H, 1.000E+00,scale, 1.000E-08, 1.000E-01, 1.000E-01,1,9,0,0,54, 1.06947E-01, 1.578697024E+01,221,17,HA1
ENSO_10,17,H, 1.000E+00,scale, 1.000E-08, 1.000E-01, 1.000E-01,1,10,0,0,73, 1.64594E-01, 1.171170598E+01,336,17,HA1
ENSO_10,17,H, 1.000E+00,scale, 1.000E-08, 1.000E-01, 1.000E-01,1,1,0,0,67, 1.49590E-01, 1.166616464E+01,339,17,HA10
ENSO_10,17,H, 1.000E+00,scale, 1.000E-08, 1.000E-01, 1.000E-01,1,2,0,0,42, 8.14800E-02, 1.239228017E+01,172,17,HA10
ENSO_10,17,H, 1.000E+00,scale, 1.000E-08, 1.000E-01, 1.000E-01,1,3,0,0,106, 2.21277E-01, 1.103923715E+01,480,17,HA10
ENSO_10,17,H, 1.000E+00,scale, 1.000E-08, 1.000E-01, 1.000E-01,1,4,0,0,84, 1.97227E-01, 1.104064448E+01,347,17,HA10
ENSO_10,17,H, 1.000E+00,scale, 1.000E-08, 1.000E-01, 1.000E-01,1,5,0,0,35, 7.35460E-02, 1.102299796E+01,159,17,HA10
ENSO_10,17,H, 1.000E+00,scale, 1.000E-08, 1.000E-01, 1.000E-01,1,6,0,0,137, 1.87783E-01, 1.408288950E+01,444,17,HA10
ENSO_10,17,H, 1.000E+00,scale, 1.000E-08, 1.000E-01, 1.000E-01,1,7,0,0,43, 9.31610E-02, 1.104414909E+01,168,17,HA10
ENSO_10,17,H, 1.000E+00,scale, 1.000E-08, 1.000E-01, 1.000E-01,1,8,0,0,102, 2.42115E-01, 1.102662950E+01,459,17,HA10
ENSO_10,17,H, 1.000E+00,scale, 1.000E-08, 1.000E-01, 1.000E-01,1,9,0,0,55, 1.40921E-01, 1.427465965E+01,226,17,HA10
ENSO_10,17,H, 1.000E+00,scale, 1.000E-08, 1.000E-01, 1.000E-01,1,10,0,0,80, 1.81161E-01, 1.168639473E+01,346,17,HA10
ENSO_10,17,H, 1.000E+00,scale, 1.000E-08, 1.000E-01, 1.000E-01,1,1,0,0,42, 7.37410E-02, 1.167717312E+01,167,17,HA100
ENSO_10,17,H, 1.000E+00,scale, 1.000E-08, 1.000E-01, 1.000E-01,1,2,0,0,79, 1.56470E-01, 1.240233010E+01,220,17,HA100
ENSO_10,17,H, 1.000E+00,scale, 1.000E-08, 1.000E-01, 1.000E-01,1,3,0,0,196, 3.87470E-01, 1.102220815E+01,552,17,HA100
ENSO_10,17,H, 1.000E+00,scale, 1.000E-08, 1.000E-01, 1.000E-01,1,4,0,0,134, 2.24705E-01, 1.102993156E+01,364,17,HA100
ENSO_10,17,H, 1.000E+00,scale, 1.000E-08, 1.000E-01, 1.000E-01,1,5,0,0,68, 1.13473E-01, 1.103582473E+01,220,17,HA100
ENSO_10,17,H, 1.000E+00,scale, 1.000E-08, 1.000E-01, 1.000E-01,1,6,0,0,188, 2.64439E-01, 1.399876418E+01,429,17,HA100
ENSO_10,17,H, 1.000E+00,scale, 1.000E-08, 1.000E-01, 1.000E-01,1,7,0,0,75, 1.62974E-01, 1.237832343E+01,266,17,HA100
ENSO_10,17,H, 1.000E+00,scale, 1.000E-08, 1.000E-01, 1.000E-01,1,8,0,0,104, 2.00468E-01, 1.102732842E+01,328,17,HA100
ENSO_10,17,H, 1.000E+00,scale, 1.000E-08, 1.000E-01, 1.000E-01,1,9,0,0,82, 1.68814E-01, 1.577043740E+01,222,17,HA100
ENSO_10,17,H, 1.000E+00,scale, 1.000E-08, 1.000E-01, 1.000E-01,1,10,0,0,126, 3.48118E-01, 1.168451684E+01,434,17,HA100
ENSO_10,17,H, 1.000E+00,clip, 1.000E-08, 1.000E-01, 1.000E-01,1,1,0,0,47, 1.80410E-01, 1.168669561E+01,248,17,Hc1
ENSO_10,17,H, 1.000E+00,clip, 1.000E-08, 1.000E-01, 1.000E-01,1,2,0,0,30, 7.32860E-02, 1.240173306E+01,142,17,Hc1
ENSO_10,17,H, 1.000E+00,clip, 1.000E-08, 1.000E-01, 1.000E-01,1,3,0,0,107, 2.68232E-01, 1.103351187E+01,415,17,Hc1
ENSO_10,17,H, 1.000E+00,clip, 1.000E-08, 1.000E-01, 1.000E-01,1,4,0,0,82, 2.08113E-01, 1.238376360E+01,376,17,Hc1
ENSO_10,17,H, 1.000E+00,clip, 1.000E-08, 1.000E-01, 1.000E-01,1,5,0,0,60, 1.46988E-01, 1.103915492E+01,264,17,Hc1
ENSO_10,17,H, 1.000E+00,clip, 1.000E-08, 1.000E-01, 1.000E-01,1,6,0,0,74, 1.62542E-01, 1.240364388E+01,290,17,Hc1
ENSO_10,17,H, 1.000E+00,clip, 1.000E-08, 1.000E-01, 1.000E-01,1,7,0,0,61, 1.32661E-01, 1.101580191E+01,271,17,Hc1
ENSO_10,17,H, 1.000E+00,clip, 1.000E-08, 1.000E-01, 1.000E-01,1,8,0,0,46, 1.01381E-01, 1.482386873E+01,218,17,Hc1
ENSO_10,17,H, 1.000E+00,clip, 1.000E-08, 1.000E-01, 1.000E-01,1,9,0,0,83, 1.58960E-01, 1.658143316E+01,249,17,Hc1
ENSO_10,17,H, 1.000E+00,clip, 1.000E-08, 1.000E-01, 1.000E-01,1,10,0,0,92, 2.00382E-01, 1.170720539E+01,394,17,Hc1
ENSO_10,17,H, 1.000E+01,clip, 1.000E-08, 1.000E-01, 1.000E-01,1,1,0,0,44, 8.92500E-02, 1.167968983E+01,169,17,Hc10
ENSO_10,17,H, 1.000E+01,clip, 1.000E-08, 1.000E-01, 1.000E-01,1,2,0,0,44, 1.06145E-01, 1.240382702E+01,162,17,Hc10
ENSO_10,17,H, 1.000E+01,clip, 1.000E-08, 1.000E-01, 1.000E-01,1,3,0,0,215, 3.67434E-01, 1.104578411E+01,532,17,Hc10
ENSO_10,17,H, 1.000E+01,clip, 1.000E-08, 1.000E-01, 1.000E-01,1,4,0,0,165, 3.16961E-01, 1.239110136E+01,529,17,Hc10
ENSO_10,17,H, 1.000E+01,clip, 1.000E-08, 1.000E-01, 1.000E-01,1,5,0,0,67, 1.22754E-01, 1.101627816E+01,231,17,Hc10
ENSO_10,17,H, 1.000E+01,clip, 1.000E-08, 1.000E-01, 1.000E-01,1,6,0,0,309, 4.21625E-01, 1.401855079E+01,527,17,Hc10
ENSO_10,17,H, 1.000E+01,clip, 1.000E-08, 1.000E-01, 1.000E-01,1,7,0,0,79, 1.31960E-01, 1.102961924E+01,218,17,Hc10
ENSO_10,17,H, 1.000E+01,clip, 1.000E-08, 1.000E-01, 1.000E-01,1,8,0,0,168, 3.68132E-01, 1.169419896E+01,560,17,Hc10
ENSO_10,17,H, 1.000E+01,clip, 1.000E-08, 1.000E-01, 1.000E-01,1,9,0,0,473, 7.76760E-01, 1.656936890E+01,625,17,Hc10
ENSO_10,17,H, 1.000E+01,clip, 1.000E-08, 1.000E-01, 1.000E-01,1,10,0,0,115, 2.37013E-01, 1.168641534E+01,365,17,Hc10
ENSO_10,17,QN, 1.000E+04,scale, 1.000E-08, 1.000E-01, 1.000E-01,1,1,0,0,36, 1.05650E-01, 1.168557514E+01,167,17,QN
ENSO_10,17,QN, 1.000E+04,scale, 1.000E-08, 1.000E-01, 1.000E-01,1,2,0,0,176, 2.97778E-01, 1.238317314E+01,376,17,QN
ENSO_10,17,QN, 1.000E+04,scale, 1.000E-08, 1.000E-01, 1.000E-01,1,3,0,0,86, 2.47431E-01, 1.105086992E+01,359,17,QN
ENSO_10,17,QN, 1.000E+04,scale, 1.000E-08, 1.000E-01, 1.000E-01,1,4,0,0,90, 2.56414E-01, 1.239093074E+01,387,17,QN
ENSO_10,17,QN, 1.000E+04,scale, 1.000E-08, 1.000E-01, 1.000E-01,1,5,0,0,71, 1.68507E-01, 1.104458543E+01,231,17,QN
ENSO_10,17,QN, 1.000E+04,scale, 1.000E-08, 1.000E-01, 1.000E-01,1,6,0,0,74, 2.29349E-01, 1.239516570E+01,302,17,QN
ENSO_10,17,QN, 1.000E+04,scale, 1.000E-08, 1.000E-01, 1.000E-01,1,7,0,0,68, 2.16947E-01, 1.102339660E+01,336,17,QN
ENSO_10,17,QN, 1.000E+04,scale, 1.000E-08, 1.000E-01, 1.000E-01,1,8,0,0,51, 1.28560E-01, 1.481305536E+01,237,17,QN
ENSO_10,17,QN, 1.000E+04,scale, 1.000E-08, 1.000E-01, 1.000E-01,1,9,0,0,82, 2.04516E-01, 1.662680552E+01,341,17,QN
ENSO_10,17,QN, 1.000E+04,scale, 1.000E-08, 1.000E-01, 1.000E-01,1,10,0,0,89, 2.45218E-01, 1.170624628E+01,408,17,QN
ENSO_10,17,0, 1.000E+00,scale, 1.000E-08, 1.000E-01, 1.000E-01,2,1,0,0,69, 1.24716E-01, 1.399743735E+01,286,17,FO
ENSO_10,17,0, 1.000E+00,scale, 1.000E-08, 1.000E-01, 1.000E-01,2,2,0,0,49, 1.11581E-01, 1.239053880E+01,248,17,FO
ENSO_10,17,0, 1.000E+00,scale, 1.000E-08, 1.000E-01, 1.000E-01,2,3,0,0,116, 2.38246E-01, 1.104672443E+01,577,17,FO
ENSO_10,17,0, 1.000E+00,scale, 1.000E-08, 1.000E-01, 1.000E-01,2,4,0,0,71, 1.60068E-01, 1.481045917E+01,368,17,FO
ENSO_10,17,0, 1.000E+00,scale, 1.000E-08, 1.000E-01, 1.000E-01,2,5,0,0,69, 1.20711E-01, 1.628288402E+01,320,17,FO
ENSO_10,17,0, 1.000E+00,scale, 1.000E-08, 1.000E-01, 1.000E-01,2,6,0,0,72, 1.32599E-01, 1.391044264E+01,286,17,FO
ENSO_10,17,0, 1.000E+00,scale, 1.000E-08, 1.000E-01, 1.000E-01,2,7,0,0,35, 7.66860E-02, 1.241539500E+01,165,17,FO
ENSO_10,17,0, 1.000E+00,scale, 1.000E-08, 1.000E-01, 1.000E-01,2,8,0,0,43, 8.54830E-02, 1.236126807E+01,175,17,FO
ENSO_10,17,0, 1.000E+00,scale, 1.000E-08, 1.000E-01, 1.000E-01,2,9,0,0,59, 1.22352E-01, 1.103424156E+01,271,17,FO
ENSO_10,17,0, 1.000E+00,scale, 1.000E-08, 1.000E-01, 1.000E-01,2,10,0,0,98, 2.26098E-01, 1.238719807E+01,483,17,FO
ENSO_10,17,GN, 1.000E+04,scale, 1.000E-08, 1.000E-01, 1.000E-01,2,1,0,0,53, 1.27826E-01, 1.239758955E+01,239,17,GN
ENSO_10,17,GN, 1.000E+04,scale, 1.000E-08, 1.000E-01, 1.000E-01,2,2,0,0,53, 1.55527E-01, 1.238614751E+01,266,17,GN
ENSO_10,17,GN, 1.000E+04,scale, 1.000E-08, 1.000E-01, 1.000E-01,2,3,0,0,94, 2.46941E-01, 1.104177152E+01,432,17,GN
ENSO_10,17,GN, 1.000E+04,scale, 1.000E-08, 1.000E-01, 1.000E-01,2,4,0,0,59, 1.39703E-01, 1.479579871E+01,260,17,GN
ENSO_10,17,GN, 1.000E+04,scale, 1.000E-08, 1.000E-01, 1.000E-01,2,5,0,0,48, 8.00760E-02, 1.628029841E+01,158,17,GN
ENSO_10,17,GN, 1.000E+04,scale, 1.000E-08, 1.000E-01, 1.000E-01,2,6,0,0,171, 3.78014E-01, 1.399935335E+01,653,17,GN
ENSO_10,17,GN, 1.000E+04,scale, 1.000E-08, 1.000E-01, 1.000E-01,2,7,0,0,37, 1.02681E-01, 1.237731662E+01,174,17,GN
ENSO_10,17,GN, 1.000E+04,scale, 1.000E-08, 1.000E-01, 1.000E-01,2,8,0,0,37, 1.05812E-01, 1.237953430E+01,189,17,GN
ENSO_10,17,GN, 1.000E+04,scale, 1.000E-08, 1.000E-01, 1.000E-01,2,9,0,0,60, 1.42280E-01, 1.104941613E+01,260,17,GN
ENSO_10,17,GN, 1.000E+04,scale, 1.000E-08, 1.000E-01, 1.000E-01,2,10,0,0,107, 3.11314E-01, 1.239643251E+01,497,17,GN
ENSO_10,17,GN, 1.000E+00,scale, 1.000E-08, 1.000E-01, 1.000E-01,2,1,0,0,69, 1.36516E-01, 1.401333282E+01,289,17,GN1
ENSO_10,17,GN, 1.000E+00,scale, 1.000E-08, 1.000E-01, 1.000E-01,2,2,0,0,39, 8.67450E-02, 1.168615954E+01,179,17,GN1
ENSO_10,17,GN, 1.000E+00,scale, 1.000E-08, 1.000E-01, 1.000E-01,2,3,0,0,82, 1.98462E-01, 1.102471707E+01,367,17,GN1
ENSO_10,17,GN, 1.000E+00,scale, 1.000E-08, 1.000E-01, 1.000E-01,2,4,0,0,77, 1.61467E-01, 1.391696590E+01,309,17,GN1
ENSO_10,17,GN, 1.000E+00,scale, 1.000E-08, 1.000E-01, 1.000E-01,2,5,0,0,95, 1.57992E-01, 1.630129611E+01,378,17,GN1
ENSO_10,17,GN, 1.000E+00,scale, 1.000E-08, 1.000E-01, 1.000E-01,2,6,0,0,76, 1.55466E-01, 1.390695981E+01,286,17,GN1
ENSO_10,17,GN, 1.000E+00,scale, 1.000E-08, 1.000E-01, 1.000E-01,2,7,0,0,54, 1.44551E-01, 1.400053657E+01,249,17,GN1
ENSO_10,17,GN, 1.000E+00,scale, 1.000E-08, 1.000E-01, 1.000E-01,2,8,0,0,46, 1.04633E-01, 1.239252902E+01,189,17,GN1
ENSO_10,17,GN, 1.000E+00,scale, 1.000E-08, 1.000E-01, 1.000E-01,2,9,0,0,62, 1.46192E-01, 1.104381790E+01,276,17,GN1
ENSO_10,17,GN, 1.000E+00,scale, 1.000E-08, 1.000E-01, 1.000E-01,2,10,0,0,101, 2.73605E-01, 1.239041764E+01,519,17,GN1
ENSO_10,17,H, 1.000E+04,scale, 1.000E-08, 1.000E-01, 1.000E-01,2,1,0,0,45, 8.60900E-02, 1.102116705E+01,163,17,H
ENSO_10,17,H, 1.000E+04,scale, 1.000E-08, 1.000E-01, 1.000E-01,2,2,0,0,115, 2.29025E-01, 1.104414530E+01,296,17,H
ENSO_10,17,H, 1.000E+04,scale, 1.000E-08, 1.000E-01, 1.000E-01,2,3,0,0,217, 4.30324E-01, 1.105243501E+01,530,17,H
ENSO_10,17,H, 1.000E+04,scale, 1.000E-08, 1.000E-01, 1.000E-01,2,4,0,0,52, 1.11477E-01, 1.479262130E+01,211,17,H
ENSO_10,17,H, 1.000E+04,scale, 1.000E-08, 1.000E-01, 1.000E-01,2,5,0,0,2736, 1.50958E+00, 1.631014074E+01,3044,17,H
ENSO_10,17,H, 1.000E+04,scale, 1.000E-08, 1.000E-01, 1.000E-01,2,6,0,0,121, 2.27211E-01, 1.393719479E+01,226,17,H
ENSO_10,17,H, 1.000E+04,scale, 1.000E-08, 1.000E-01, 1.000E-01,2,7,0,0,116, 2.42748E-01, 1.239390470E+01,340,17,H
ENSO_10,17,H, 1.000E+04,scale, 1.000E-08, 1.000E-01, 1.000E-01,2,8,0,0,317, 5.46425E-01, 1.401651362E+01,537,17,H
ENSO_10,17,H, 1.000E+04,scale, 1.000E-08, 1.000E-01, 1.000E-01,2,9,0,0,90, 1.76087E-01, 1.103705012E+01,223,17,H
ENSO_10,17,H, 1.000E+04,scale, 1.000E-08, 1.000E-01, 1.000E-01,2,10,0,0,337, 8.34659E-01, 1.238006018E+01,967,17,H
ENSO_10,17,H, 1.000E-01,scale, 1.000E-08, 1.000E-01, 1.000E-01,2,1,0,0,68, 1.86359E-01, 1.400527137E+01,294,17,H0.1
ENSO_10,17,H, 1.000E-01,scale, 1.000E-08, 1.000E-01, 1.000E-01,2,2,0,0,54, 1.78181E-01, 1.237851256E+01,273,17,H0.1
ENSO_10,17,H, 1.000E-01,scale, 1.000E-08, 1.000E-01, 1.000E-01,2,3,0,0,107, 3.13604E-01, 1.103483105E+01,499,17,H0.1
ENSO_10,17,H, 1.000E-01,scale, 1.000E-08, 1.000E-01, 1.000E-01,2,4,0,0,81, 2.06904E-01, 1.389960544E+01,328,17,H0.1
ENSO_10,17,H, 1.000E-01,scale, 1.000E-08, 1.000E-01, 1.000E-01,2,5,0,0,106, 2.33141E-01, 1.629098891E+01,408,17,H0.1
ENSO_10,17,H, 1.000E-01,scale, 1.000E-08, 1.000E-01, 1.000E-01,2,6,0,0,67, 1.72832E-01, 1.481146421E+01,353,17,H0.1
ENSO_10,17,H, 1.000E-01,scale, 1.000E-08, 1.000E-01, 1.000E-01,2,7,0,0,75, 1.75673E-01, 1.398638486E+01,313,17,H0.1
ENSO_10,17,H, 1.000E-01,scale, 1.000E-08, 1.000E-01, 1.000E-01,2,8,0,0,36, 9.88890E-02, 1.238768633E+01,154,17,H0.1
ENSO_10,17,H, 1.000E-01,scale, 1.000E-08, 1.000E-01, 1.000E-01,2,9,0,0,51, 1.43940E-01, 1.104567543E+01,244,17,H0.1
ENSO_10,17,H, 1.000E-01,scale, 1.000E-08, 1.000E-01, 1.000E-01,2,10,0,0,97, 3.30583E-01, 1.237365675E+01,518,17,H0.1
ENSO_10,17,H, 1.000E+00,scale, 1.000E-08, 1.000E-01, 1.000E-01,2,1,0,0,45, 8.33450E-02, 1.403987505E+01,190,17,H1
ENSO_10,17,H, 1.000E+00,scale, 1.000E-08, 1.000E-01, 1.000E-01,2,2,0,0,48, 1.17757E-01, 1.239223627E+01,233,17,H1
ENSO_10,17,H, 1.000E+00,scale, 1.000E-08, 1.000E-01, 1.000E-01,2,3,0,0,84, 2.03191E-01, 1.102310478E+01,382,17,H1
ENSO_10,17,H, 1.000E+00,scale, 1.000E-08, 1.000E-01, 1.000E-01,2,4,0,0,52, 1.11360E-01, 1.392963777E+01,223,17,H1
ENSO_10,17,H, 1.000E+00,scale, 1.000E-08, 1.000E-01, 1.000E-01,2,5,0,0,175, 2.51011E-01, 1.630200029E+01,524,17,H1
ENSO_10,17,H, 1.000E+00,scale, 1.000E-08, 1.000E-01, 1.000E-01,2,6,0,0,61, 1.33607E-01, 1.392183801E+01,257,17,H1
ENSO_10,17,H, 1.000E+00,scale, 1.000E-08, 1.000E-01, 1.000E-01,2,7,0,0,56, 1.30956E-01, 1.401685696E+01,248,17,H1
ENSO_10,17,H, 1.000E+00,scale, 1.000E-08, 1.000E-01, 1.000E-01,2,8,0,0,27, 4.79110E-02, 1.237737118E+01,103,17,H1
ENSO_10,17,H, 1.000E+00,scale, 1.000E-08, 1.000E-01, 1.000E-01,2,9,0,0,44, 1.10780E-01, 1.102388193E+01,210,17,H1
ENSO_10,17,H, 1.000E+00,scale, 1.000E-08, 1.000E-01, 1.000E-01,2,10,0,0,85, 2.16179E-01, 1.237505890E+01,407,17,H1
ENSO_10,17,H, 1.000E+01,scale, 1.000E-08, 1.000E-01, 1.000E-01,2,1,0,0,101, 2.83662E-01, 1.213376280E+01,557,17,H10
ENSO_10,17,H, 1.000E+01,scale, 1.000E-08, 1.000E-01, 1.000E-01,2,2,0,0,42, 8.36940E-02, 1.168447092E+01,175,17,H10
ENSO_10,17,H, 1.000E+01,scale, 1.000E-08, 1.000E-01, 1.000E-01,2,3,0,0,93, 2.02097E-01, 1.168905796E+01,390,17,H10
ENSO_10,17,H, 1.000E+01,scale, 1.000E-08, 1.000E-01, 1.000E-01,2,4,0,0,55, 1.10444E-01, 1.479284667E+01,219,17,H10
ENSO_10,17,H, 1.000E+01,scale, 1.000E-08, 1.000E-01, 1.000E-01,2,5,0,0,526, 6.84283E-01, 1.631089612E+01,683,17,H10
ENSO_10,17,H, 1.000E+01,scale, 1.000E-08, 1.000E-01, 1.000E-01,2,6,0,0,347, 5.06769E-01, 1.399312217E+01,835,17,H10
ENSO_10,17,H, 1.000E+01,scale, 1.000E-08, 1.000E-01, 1.000E-01,2,7,0,0,65, 9.71260E-02, 1.103144786E+01,216,17,H10
ENSO_10,17,H, 1.000E+01,scale, 1.000E-08, 1.000E-01, 1.000E-01,2,8,0,0,118, 1.52139E-01, 1.400818364E+01,273,17,H10
ENSO_10,17,H, 1.000E+01,scale, 1.000E-08, 1.000E-01, 1.000E-01,2,9,0,0,74, 1.27016E-01, 1.103460022E+01,194,17,H10
ENSO_10,17,H, 1.000E+01,scale, 1.000E-08, 1.000E-01, 1.000E-01,2,10,0,0,281, 6.34696E-01, 1.424402414E+01,863,17,H10
ENSO_10,17,H, 1.000E+02,scale, 1.000E-08, 1.000E-01, 1.000E-01,2,1,0,0,361, 5.65403E-01, 1.401273182E+01,512,17,H100
ENSO_10,17,H, 1.000E+02,scale, 1.000E-08, 1.000E-01, 1.000E-01,2,2,0,0,115, 2.46841E-01, 1.104414530E+01,296,17,H100
ENSO_10,17,H, 1.000E+02,scale, 1.000E-08, 1.000E-01, 1.000E-01,2,3,0,0,217, 4.63618E-01, 1.105243501E+01,530,17,H100
ENSO_10,17,H, 1.000E+02,scale, 1.000E-08, 1.000E-01, 1.000E-01,2,4,0,0,52, 1.24653E-01, 1.479262130E+01,211,17,H100
ENSO_10,17,H, 1.000E+02,scale, 1.000E-08, 1.000E-01, 1.000E-01,2,5,0,0,2736, 1.69099E+00, 1.631014074E+01,3044,17,H100
ENSO_10,17,H, 1.000E+02,scale, 1.000E-08, 1.000E-01, 1.000E-01,2,6,0,0,121, 2.49960E-01, 1.393719479E+01,226,17,H100
ENSO_10,17,H, 1.000E+02,scale, 1.000E-08, 1.000E-01, 1.000E-01,2,7,0,0,116, 2.68892E-01, 1.239390470E+01,340,17,H100
ENSO_10,17,H, 1.000E+02,scale, 1.000E-08, 1.000E-01, 1.000E-01,2,8,0,0,317, 5.87819E-01, 1.401651362E+01,537,17,H100
ENSO_10,17,H, 1.000E+02,scale, 1.000E-08, 1.000E-01, 1.000E-01,2,9,0,0,90, 2.05634E-01, 1.103705012E+01,223,17,H100
ENSO_10,17,H, 1.000E+02,scale, 1.000E-08, 1.000E-01, 1.000E-01,2,10,0,0,251, 6.08523E-01, 1.104167863E+01,619,17,H100
ENSO_10,17,H, 1.000E+00,scale, 1.000E-08, 1.000E-01, 1.000E-01,2,1,0,0,39, 8.03830E-02, 1.402587927E+01,165,17,HA1
ENSO_10,17,H, 1.000E+00,scale, 1.000E-08, 1.000E-01, 1.000E-01,2,2,0,0,54, 1.15144E-01, 1.104226274E+01,240,17,HA1
ENSO_10,17,H, 1.000E+00,scale, 1.000E-08, 1.000E-01, 1.000E-01,2,3,0,0,93, 2.06347E-01, 1.104978581E+01,421,17,HA1
ENSO_10,17,H, 1.000E+00,scale, 1.000E-08, 1.000E-01, 1.000E-01,2,4,0,0,84, 1.56492E-01, 1.392477465E+01,317,17,HA1
ENSO_10,17,H, 1.000E+00,scale, 1.000E-08, 1.000E-01, 1.000E-01,2,5,0,0,77, 1.61723E-01, 1.480712037E+01,357,17,HA1
ENSO_10,17,H, 1.000E+00,scale, 1.000E-08, 1.000E-01, 1.000E-01,2,6,0,0,98, 1.90384E-01, 1.390820502E+01,386,17,HA1
ENSO_10,17,H, 1.000E+00,scale, 1.000E-08, 1.000E-01, 1.000E-01,2,7,0,0,42, 8.92450E-02, 1.102567044E+01,191,17,HA1
ENSO_10,17,H, 1.000E+00,scale, 1.000E-08, 1.000E-01, 1.000E-01,2,8,0,0,42, 1.06173E-01, 1.239534064E+01,202,17,HA1
ENSO_10,17,H, 1.000E+00,scale, 1.000E-08, 1.000E-01, 1.000E-01,2,9,0,0,37, 7.45000E-02, 1.101765069E+01,152,17,HA1
ENSO_10,17,H, 1.000E+00,scale, 1.000E-08, 1.000E-01, 1.000E-01,2,10,0,0,105, 2.18327E-01, 1.363528186E+01,477,17,HA1
ENSO_10,17,H, 1.000E+00,scale, 1.000E-08, 1.000E-01, 1.000E-01,2,1,0,0,82, 1.94003E-01, 1.425482795E+01,379,17,HA10
ENSO_10,17,H, 1.000E+00,scale, 1.000E-08, 1.000E-01, 1.000E-01,2,2,0,0,56, 1.18621E-01, 1.168910400E+01,258,17,HA10
ENSO_10,17,H, 1.000E+00,scale, 1.000E-08, 1.000E-01, 1.000E-01,2,3,0,0,84, 2.06862E-01, 1.104801934E+01,331,17,HA10
ENSO_10,17,H, 1.000E+00,scale, 1.000E-08, 1.000E-01, 1.000E-01,2,4,0,0,81, 1.37750E-01, 1.394640771E+01,304,17,HA10
ENSO_10,17,H, 1.000E+00,scale, 1.000E-08, 1.000E-01, 1.000E-01,2,5,0,0,139, 1.45540E-01, 1.631061276E+01,292,17,HA10
ENSO_10,17,H, 1.000E+00,scale, 1.000E-08, 1.000E-01, 1.000E-01,2,6,0,0,162, 3.25172E-01, 1.400326829E+01,637,17,HA10
ENSO_10,17,H, 1.000E+00,scale, 1.000E-08, 1.000E-01, 1.000E-01,2,7,0,0,46, 9.78170E-02, 1.236180299E+01,199,17,HA10
ENSO_10,17,H, 1.000E+00,scale, 1.000E-08, 1.000E-01, 1.000E-01,2,8,0,0,47, 9.42130E-02, 1.237953134E+01,222,17,HA10
ENSO_10,17,H, 1.000E+00,scale, 1.000E-08, 1.000E-01, 1.000E-01,2,9,0,0,35, 7.50850E-02, 1.102599911E+01,151,17,HA10
ENSO_10,17,H, 1.000E+00,scale, 1.000E-08, 1.000E-01, 1.000E-01,2,10,0,0,20, 2.13350E-02, 2.265222115E+01,57,17,HA10
ENSO_10,17,H, 1.000E+00,scale, 1.000E-08, 1.000E-01, 1.000E-01,2,1,0,0,73, 1.95303E-01, 1.492362980E+01,374,17,HA100
ENSO_10,17,H, 1.000E+00,scale, 1.000E-08, 1.000E-01, 1.000E-01,2,2,0,0,42, 9.56390E-02, 1.167588079E+01,185,17,HA100
ENSO_10,17,H, 1.000E+00,scale, 1.000E-08, 1.000E-01, 1.000E-01,2,3,0,0,178, 3.39518E-01, 1.103517968E+01,448,17,HA100
ENSO_10,17,H, 1.000E+00,scale, 1.000E-08, 1.000E-01, 1.000E-01,2,4,0,0,58, 1.28268E-01, 1.480359502E+01,225,17,HA100
ENSO_10,17,H, 1.000E+00,scale, 1.000E-08, 1.000E-01, 1.000E-01,2,5,0,0,550, 6.85523E-01, 1.627898891E+01,664,17,HA100
ENSO_10,17,H, 1.000E+00,scale, 1.000E-08, 1.000E-01, 1.000E-01,2,6,0,0,337, 5.85372E-01, 1.399426098E+01,765,17,HA100
ENSO_10,17,H, 1.000E+00,scale, 1.000E-08, 1.000E-01, 1.000E-01,2,7,0,0,74, 1.72550E-01, 1.239677060E+01,241,17,HA100
ENSO_10,17,H, 1.000E+00,scale, 1.000E-08, 1.000E-01, 1.000E-01,2,8,0,0,136, 1.99304E-01, 1.401248490E+01,351,17,HA100
ENSO_10,17,H, 1.000E+00,scale, 1.000E-08, 1.000E-01, 1.000E-01,2,9,0,0,73, 1.31184E-01, 1.103123493E+01,190,17,HA100
ENSO_10,17,H, 1.000E+00,scale, 1.000E-08, 1.000E-01, 1.000E-01,2,10,0,0,201, 4.21897E-01, 1.238675150E+01,727,17,HA100
ENSO_10,17,H, 1.000E+00,clip, 1.000E-08, 1.000E-01, 1.000E-01,2,1,0,0,49, 8.20760E-02, 1.403378082E+01,145,17,Hc1
ENSO_10,17,H, 1.000E+00,clip, 1.000E-08, 1.000E-01, 1.000E-01,2,2,0,0,46, 1.15662E-01, 1.239284901E+01,203,17,Hc1
ENSO_10,17,H, 1.000E+00,clip, 1.000E-08, 1.000E-01, 1.000E-01,2,3,0,0,86, 2.14309E-01, 1.104727522E+01,313,17,Hc1
ENSO_10,17,H, 1.000E+00,clip, 1.000E-08, 1.000E-01, 1.000E-01,2,4,0,0,65, 1.38212E-01, 1.391802224E+01,263,17,Hc1
ENSO_10,17,H, 1.000E+00,clip, 1.000E-08, 1.000E-01, 1.000E-01,2,5,0,0,230, 2.85677E-01, 1.628241517E+01,522,17,Hc1
ENSO_10,17,H, 1.000E+00,clip, 1.000E-08, 1.000E-01, 1.000E-01,2,6,0,0,58, 1.32779E-01, 1.392617949E+01,264,17,Hc1
ENSO_10,17,H, 1.000E+00,clip, 1.000E-08, 1.000E-01, 1.000E-01,2,7,0,0,66, 1.62063E-01, 1.401599693E+01,265,17,Hc1
ENSO_10,17,H, 1.000E+00,clip, 1.000E-08, 1.000E-01, 1.000E-01,2,8,0,0,32, 6.54100E-02, 1.236732071E+01,122,17,Hc1
ENSO_10,17,H, 1.000E+00,clip, 1.000E-08, 1.000E-01, 1.000E-01,2,9,0,0,43, 1.02216E-01, 1.101677790E+01,180,17,Hc1
ENSO_10,17,H, 1.000E+00,clip, 1.000E-08, 1.000E-01, 1.000E-01,2,10,0,0,125, 3.23214E-01, 1.226397553E+01,463,17,Hc1
ENSO_10,17,H, 1.000E+01,clip, 1.000E-08, 1.000E-01, 1.000E-01,2,1,0,0,81, 1.94407E-01, 1.497356894E+01,357,17,Hc10
ENSO_10,17,H, 1.000E+01,clip, 1.000E-08, 1.000E-01, 1.000E-01,2,2,0,0,39, 8.85530E-02, 1.165701432E+01,170,17,Hc10
ENSO_10,17,H, 1.000E+01,clip, 1.000E-08, 1.000E-01, 1.000E-01,2,3,0,0,88, 1.88134E-01, 1.167316508E+01,338,17,Hc10
ENSO_10,17,H, 1.000E+01,clip, 1.000E-08, 1.000E-01, 1.000E-01,2,4,0,0,190, 4.00971E-01, 1.169270995E+01,682,17,Hc10
ENSO_10,17,H, 1.000E+01,clip, 1.000E-08, 1.000E-01, 1.000E-01,2,5,0,0,946, 7.61237E-01, 1.628425061E+01,1192,17,Hc10
ENSO_10,17,H, 1.000E+01,clip, 1.000E-08, 1.000E-01, 1.000E-01,2,6,0,0,513, 6.76312E-01, 1.402265283E+01,963,17,Hc10
ENSO_10,17,H, 1.000E+01,clip, 1.000E-08, 1.000E-01, 1.000E-01,2,7,0,0,138, 2.81889E-01, 1.330356577E+01,361,17,Hc10
ENSO_10,17,H, 1.000E+01,clip, 1.000E-08, 1.000E-01, 1.000E-01,2,8,0,0,52, 8.39890E-02, 1.103105462E+01,169,17,Hc10
ENSO_10,17,H, 1.000E+01,clip, 1.000E-08, 1.000E-01, 1.000E-01,2,9,0,0,83, 1.54557E-01, 1.103070325E+01,212,17,Hc10
ENSO_10,17,H, 1.000E+01,clip, 1.000E-08, 1.000E-01, 1.000E-01,2,10,0,0,440, 6.62844E-01, 1.422476944E+01,808,17,Hc10
ENSO_10,17,QN, 1.000E+04,scale, 1.000E-08, 1.000E-01, 1.000E-01,2,1,0,0,64, 1.21167E-01, 1.401480108E+01,180,17,QN
ENSO_10,17,QN, 1.000E+04,scale, 1.000E-08, 1.000E-01, 1.000E-01,2,2,0,0,52, 1.42672E-01, 1.103647147E+01,196,17,QN
ENSO_10,17,QN, 1.000E+04,scale, 1.000E-08, 1.000E-01, 1.000E-01,2,3,0,0,76, 2.05039E-01, 1.102869411E+01,288,17,QN
ENSO_10,17,QN, 1.000E+04,scale, 1.000E-08, 1.000E-01, 1.000E-01,2,4,0,0,337, 4.88369E-01, 1.391807648E+01,494,17,QN
ENSO_10,17,QN, 1.000E+04,scale, 1.000E-08, 1.000E-01, 1.000E-01,2,5,0,0,92, 1.34310E-01, 1.629681916E+01,240,17,QN
ENSO_10,17,QN, 1.000E+04,scale, 1.000E-08, 1.000E-01, 1.000E-01,2,6,0,0,51, 1.30412E-01, 1.392148834E+01,191,17,QN
ENSO_10,17,QN, 1.000E+04,scale, 1.000E-08, 1.000E-01, 1.000E-01,2,7,0,0,107, 2.80680E-01, 1.343246687E+01,341,17,QN
ENSO_10,17,QN, 1.000E+04,scale, 1.000E-08, 1.000E-01, 1.000E-01,2,8,0,0,32, 1.06884E-01, 1.239062084E+01,143,17,QN
ENSO_10,17,QN, 1.000E+04,scale, 1.000E-08, 1.000E-01, 1.000E-01,2,9,0,0,44, 1.29871E-01, 1.105090152E+01,174,17,QN
ENSO_10,17,QN, 1.000E+04,scale, 1.000E-08, 1.000E-01, 1.000E-01,2,10,0,0,61, 1.25657E-01, 1.479706105E+01,236,17,QN
Gauss1_05,12,0, 1.000E+00,scale, 1.000E-08, 1.000E-01, 1.000E-01,1,1,0,0,70, 1.03896E+00, 7.014664249E+02,970,10,FO
Gauss1_05,12,0, 1.000E+00,scale, 1.000E-08, 1.000E-01, 1.000E-01,1,2,0,0,110, 9.58835E-01, 1.451365935E+01,1016,12,FO
Gauss1_05,12,0, 1.000E+00,scale, 1.000E-08, 1.000E-01, 1.000E-01,1,3,0,0,128, 1.32799E+00, 1.450366219E+01,1352,12,FO
Gauss1_05,12,0, 1.000E+00,scale, 1.000E-08, 1.000E-01, 1.000E-01,1,4,0,0,79, 1.27863E+00, 7.327121022E+02,1104,11,FO
Gauss1_05,12,0, 1.000E+00,scale, 1.000E-08, 1.000E-01, 1.000E-01,1,5,0,0,162, 1.28049E+00, 1.452409518E+01,1385,12,FO
Gauss1_05,12,0, 1.000E+00,scale, 1.000E-08, 1.000E-01, 1.000E-01,1,6,0,0,198, 2.05393E+00, 1.452780048E+01,1914,12,FO
Gauss1_05,12,0, 1.000E+00,scale, 1.000E-08, 1.000E-01, 1.000E-01,1,7,0,0,228, 2.14775E+00, 1.450139099E+01,2237,12,FO
Gauss1_05,12,0, 1.000E+00,scale, 1.000E-08, 1.000E-01, 1.000E-01,1,8,0,0,207, 1.92385E+00, 1.451188907E+01,1980,12,FO
Gauss1_05,12,0, 1.000E+00,scale, 1.000E-08, 1.000E-01, 1.000E-01,1,9,0,0,2725, 1.11589E+01, 8.026737483E+02,5146,9,FO
Gauss1_05,12,0, 1.000E+00,scale, 1.000E-08, 1.000E-01, 1.000E-01,1,10,0,0,755, 3.58308E+00, 7.341695473E+02,1950,10,FO
Gauss1_05,12,GN, 1.000E+04,scale, 1.000E-08, 1.000E-01, 1.000E-01,1,1,0,0,85, 1.24253E+00, 7.014809037E+02,1159,10,GN
Gauss1_05,12,GN, 1.000E+04,scale, 1.000E-08, 1.000E-01, 1.000E-01,1,2,0,0,87, 8.81612E-01, 1.451545316E+01,832,12,GN
Gauss1_05,12,GN, 1.000E+04,scale, 1.000E-08, 1.000E-01, 1.000E-01,1,3,0,0,157, 1.80373E+00, 1.452847743E+01,1649,12,GN
Gauss1_05,12,GN, 1.000E+04,scale, 1.000E-08, 1.000E-01, 1.000E-01,1,4,0,0,82, 1.36013E+00, 7.326727164E+02,1164,11,GN
Gauss1_05,12,GN, 1.000E+04,scale, 1.000E-08, 1.000E-01, 1.000E-01,1,5,0,0,157, 1.48380E+00, 1.449983086E+01,1410,12,GN
Gauss1_05,12,GN, 1.000E+04,scale, 1.000E-08, 1.000E-01, 1.000E-01,1,6,0,0,180, 1.77909E+00, 1.450763384E+01,1634,12,GN
Gauss1_05,12,GN, 1.000E+04,scale, 1.000E-08, 1.000E-01, 1.000E-01,1,7,0,0,235, 2.14825E+00, 1.454647472E+01,2032,12,GN
Gauss1_05,12,GN, 1.000E+04,scale, 1.000E-08, 1.000E-01, 1.000E-01,1,8,0,0,229, 2.14066E+00, 1.453037020E+01,2072,12,GN
Gauss1_05,12,GN, 1.000E+04,scale, 1.000E-08, 1.000E-01, 1.000E-01,1,9,0,0,2703, 1.06363E+01, 8.026756816E+02,4797,9,GN
Gauss1_05,12,GN, 1.000E+04,scale, 1.000E-08, 1.000E-01, 1.000E-01,1,10,0,0,754, 4.03669E+00, 7.341550441E+02,1906,10,GN
Gauss1_05,12,GN, 1.000E+00,scale, 1.000E-08, 1.000E-01, 1.000E-01,1,1,0,0,71, 1.13740E+00, 7.014673903E+02,987,10,GN1
Gauss1_05,12,GN, 1.000E+00,scale, 1.000E-08, 1.000E-01, 1.000E-01,1,2,0,0,110, 1.05585E+00, 1.451365791E+01,1016,12,GN1
Gauss1_05,12,GN, 1.000E+00,scale, 1.000E-08, 1.000E-01, 1.000E-01,1,3,0,0,135, 1.55056E+00, 1.453128904E+01,1451,12,GN1
Gauss1_05,12,GN, 1.000E+00,scale, 1.000E-08, 1.000E-01, 1.000E-01,1,4,0,0,79, 1.53431E+00, 7.327119804E+02,1104,11,GN1
Gauss1_05,12,GN, 1.000E+00,scale, 1.000E-08, 1.000E-01, 1.000E-01,1,5,0,0,162, 1.38817E+00, 1.452423389E+01,1385,12,GN1
Gauss1_05,12,GN, 1.000E+00,scale, 1.000E-08, 1.000E-01, 1.000E-01,1,6,0,0,198, 2.12096E+00, 1.452715670E+01,1914,12,GN1
Gauss1_05,12,GN, 1.000E+00,scale, 1.000E-08, 1.000E-01, 1.000E-01,1,7,0,0,228, 2.32024E+00, 1.450136175E+01,2237,12,GN1
Gauss1_05,12,GN, 1.000E+00,scale, 1.000E-08, 1.000E-01, 1.000E-01,1,8,0,0,207, 2.05505E+00, 1.451229336E+01,1980,12,GN1
Gauss1_05,12,GN, 1.000E+00,scale, 1.000E-08, 1.000E-01, 1.000E-01,1,9,0,0,2717, 1.23148E+01, 8.026767241E+02,5121,9,GN1
Gauss1_05,12,GN, 1.000E+00,scale, 1.000E-08, 1.000E-01, 1.000E-01,1,10,0,0,755, 4.05177E+00, 7.341706720E+02,1950,10,GN1
Gauss1_05,12,H, 1.000E+04,scale, 1.000E-08, 1.000E-01, 1.000E-01,1,1,0,0,49, 7.59402E-01, 7.326906851E+02,691,11,H
Gauss1_05,12,H, 1.000E+04,scale, 1.000E-08, 1.000E-01, 1.000E-01,1,2,0,0,636, 1.04599E+01, 1.453063930E+01,8356,12,H
Gauss1_05,12,H, 1.000E+04,scale, 1.000E-08, 1.000E-01, 1.000E-01,1,3,0,0,3313, 1.71644E+01, 4.981364617E+02,11789,11,H
Gauss1_05,12,H, 1.000E+04,scale, 1.000E-08, 1.000E-01, 1.000E-01,1,4,1,0,10000, 5.09521E+01, 1.915247823E+03,28602,6,H
Gauss1_05,12,H, 1.000E+04,scale, 1.000E-08, 1.000E-01, 1.000E-01,1,5,0,0,614, 7.65808E+00, 1.449311856E+01,6554,12,H
Gauss1_05,12,H, 1.000E+04,scale, 1.000E-08, 1.000E-01, 1.000E-01,1,6,0,0,8203, 6.41186E+01, 4.981642199E+02,46762,11,H
Gauss1_05,12,H, 1.000E+04,scale, 1.000E-08, 1.000E-01, 1.000E-01,1,7,0,0,1238, 1.30219E+01, 1.452729956E+01,11186,12,H
Gauss1_05,12,H, 1.000E+04,scale, 1.000E-08, 1.000E-01, 1.000E-01,1,8,0,0,158, 2.11384E+00, 1.452234309E+01,1631,12,H
Gauss1_05,12,H, 1.000E+04,scale, 1.000E-08, 1.000E-01, 1.000E-01,1,9,1,0,10000, 9.10195E+01, 1.682899734E+03,64964,4,H
Gauss1_05,12,H, 1.000E+04,scale, 1.000E-08, 1.000E-01, 1.000E-01,1,10,1,0,10000, 1.17117E+02, 1.715570409E+03,71326,5,H
Gauss1_05,12,H, 1.000E-01,scale, 1.000E-08, 1.000E-01, 1.000E-01,1,1,0,0,71, 1.07102E+00, 7.014662678E+02,987,10,H0.1
Gauss1_05,12,H, 1.000E-01,scale, 1.000E-08, 1.000E-01, 1.000E-01,1,2,0,0,122, 1.30792E+00, 1.452698251E+01,1266,12,H0.1
Gauss1_05,12,H, 1.000E-01,scale, 1.000E-08, 1.000E-01, 1.000E-01,1,3,0,0,130, 1.49689E+00, 1.452180406E+01,1395,12,H0.1
Gauss1_05,12,H, 1.000E-01,scale, 1.000E-08, 1.000E-01, 1.000E-01,1,4,0,0,1030, 5.55488E+00, 7.835630263E+02,3300,10,H0.1
Gauss1_05,12,H, 1.000E-01,scale, 1.000E-08, 1.000E-01, 1.000E-01,1,5,0,0,188, 1.90595E+00, 1.455877923E+01,1777,12,H0.1
Gauss1_05,12,H, 1.000E-01,scale, 1.000E-08, 1.000E-01, 1.000E-01,1,6,0,0,206, 2.33062E+00, 1.451879236E+01,2085,12,H0.1
Gauss1_05,12,H, 1.000E-01,scale, 1.000E-08, 1.000E-01, 1.000E-01,1,7,0,0,199, 2.06619E+00, 1.451422410E+01,1934,12,H0.1
Gauss1_05,12,H, 1.000E-01,scale, 1.000E-08, 1.000E-01, 1.000E-01,1,8,0,0,207, 2.27252E+00, 1.451125121E+01,1980,12,H0.1
Gauss1_05,12,H, 1.000E-01,scale, 1.000E-08, 1.000E-01, 1.000E-01,1,9,0,0,403, 5.51554E+00, 1.453161146E+01,4492,12,H0.1
Gauss1_05,12,H, 1.000E-01,scale, 1.000E-08, 1.000E-01, 1.000E-01,1,10,0,0,408, 5.51815E+00, 1.453253628E+01,4543,12,H0.1
Gauss1_05,12,H, 1.000E+00,scale, 1.000E-08, 1.000E-01, 1.000E-01,1,1,0,0,69, 1.05577E+00, 7.014610006E+02,961,10,H1
Gauss1_05,12,H, 1.000E+00,scale, 1.000E-08, 1.000E-01, 1.000E-01,1,2,0,0,107, 1.10679E+00, 1.450460065E+01,1077,12,H1
Gauss1_05,12,H, 1.000E+00,scale, 1.000E-08, 1.000E-01, 1.000E-01,1,3,0,0,113, 1.26366E+00, 1.452437352E+01,1204,12,H1
Gauss1_05,12,H, 1.000E+00,scale, 1.000E-08, 1.000E-01, 1.000E-01,1,4,0,0,475, 4.54102E+00, 5.024095477E+02,3807,11,H1
Gauss1_05,12,H, 1.000E+00,scale, 1.000E-08, 1.000E-01, 1.000E-01,1,5,0,0,149, 1.32731E+00, 1.450058002E+01,1347,12,H1
Gauss1_05,12,H, 1.000E+00,scale, 1.000E-08, 1.000E-01, 1.000E-01,1,6,0,0,174, 1.81096E+00, 1.452396461E+01,1661,12,H1
Gauss1_05,12,H, 1.000E+00,scale, 1.000E-08, 1.000E-01, 1.000E-01,1,7,0,0,206, 2.07951E+00, 1.453559032E+01,2038,12,H1
Gauss1_05,12,H, 1.000E+00,scale, 1.000E-08, 1.000E-01, 1.000E-01,1,8,0,0,196, 1.88410E+00, 1.451570346E+01,1874,12,H1
Gauss1_05,12,H, 1.000E+00,scale, 1.000E-08, 1.000E-01, 1.000E-01,1,9,0,0,820, 8.67521E+00, 1.455448750E+01,7842,12,H1
Gauss1_05,12,H, 1.000E+00,scale, 1.000E-08, 1.000E-01, 1.000E-01,1,10,0,0,591, 7.45742E+00, 1.453010865E+01,6582,12,H1
Gauss1_05,12,H, 1.000E+01,scale, 1.000E-08, 1.000E-01, 1.000E-01,1,1,0,0,73, 1.16413E+00, 7.014762277E+02,1030,10,H10
Gauss1_05,12,H, 1.000E+01,scale, 1.000E-08, 1.000E-01, 1.000E-01,1,2,0,0,118, 1.32026E+00, 1.449542697E+01,1249,12,H10
Gauss1_05,12,H, 1.000E+01,scale, 1.000E-08, 1.000E-01, 1.000E-01,1,3,0,0,127, 1.55234E+00, 1.452796449E+01,1391,12,H10
Gauss1_05,12,H, 1.000E+01,scale, 1.000E-08, 1.000E-01, 1.000E-01,1,4,0,0,302, 4.74901E+00, 8.787491375E+02,3863,7,H10
Gauss1_05,12,H, 1.000E+01,scale, 1.000E-08, 1.000E-01, 1.000E-01,1,5,0,0,168, 1.65524E+00, 1.453947884E+01,1638,12,H10
Gauss1_05,12,H, 1.000E+01,scale, 1.000E-08, 1.000E-01, 1.000E-01,1,6,0,0,165, 1.77627E+00, 1.451366818E+01,1565,12,H10
Gauss1_05,12,H, 1.000E+01,scale, 1.000E-08, 1.000E-01, 1.000E-01,1,7,0,0,174, 1.71510E+00, 1.451499125E+01,1610,12,H10
Gauss1_05,12,H, 1.000E+01,scale, 1.000E-08, 1.000E-01, 1.000E-01,1,8,0,0,172, 1.76469E+00, 1.450473101E+01,1713,12,H10
Gauss1_05,12,H, 1.000E+01,scale, 1.000E-08, 1.000E-01, 1.000E-01,1,9,0,0,442, 6.05271E+00, 1.451042211E+01,5142,12,H10
Gauss1_05,12,H, 1.000E+01,scale, 1.000E-08, 1.000E-01, 1.000E-01,1,10,0,0,369, 5.51715E+00, 7.620344566E+02,4268,10,H10
Gauss1_05,12,H, 1.000E+02,scale, 1.000E-08, 1.000E-01, 1.000E-01,1,1,0,0,70, 1.27444E+00, 7.014768364E+02,994,10,H100
Gauss1_05,12,H, 1.000E+02,scale, 1.000E-08, 1.000E-01, 1.000E-01,1,2,0,0,157, 1.83852E+00, 1.449818071E+01,1596,12,H100
Gauss1_05,12,H, 1.000E+02,scale, 1.000E-08, 1.000E-01, 1.000E-01,1,3,0,0,159, 1.99556E+00, 1.452225820E+01,1709,12,H100
Gauss1_05,12,H, 1.000E+02,scale, 1.000E-08, 1.000E-01, 1.000E-01,1,4,0,0,1201, 9.67921E+00, 8.708960723E+02,6930,9,H100
Gauss1_05,12,H, 1.000E+02,scale, 1.000E-08, 1.000E-01, 1.000E-01,1,5,0,0,173, 1.78834E+00, 1.452465867E+01,1656,12,H100
Gauss1_05,12,H, 1.000E+02,scale, 1.000E-08, 1.000E-01, 1.000E-01,1,6,0,0,166, 2.08488E+00, 1.453703796E+01,1721,12,H100
Gauss1_05,12,H, 1.000E+02,scale, 1.000E-08, 1.000E-01, 1.000E-01,1,7,0,0,274, 3.27157E+00, 1.452383280E+01,2748,12,H100
Gauss1_05,12,H, 1.000E+02,scale, 1.000E-08, 1.000E-01, 1.000E-01,1,8,0,0,179, 2.29067E+00, 1.453255437E+01,1738,12,H100
Gauss1_05,12,H, 1.000E+02,scale, 1.000E-08, 1.000E-01, 1.000E-01,1,9,0,0,1955, 3.61303E+01, 1.452779144E+01,25558,12,H100
Gauss1_05,12,H, 1.000E+02,scale, 1.000E-08, 1.000E-01, 1.000E-01,1,10,0,0,9083, 6.06053E+01, 7.609005467E+02,36289,9,H100
Gauss1_05,12,H, 1.000E+00,scale, 1.000E-08, 1.000E-01, 1.000E-01,1,1,0,0,69, 7.80636E-01, 7.014871428E+02,912,10,HA1
Gauss1_05,12,H, 1.000E+00,scale, 1.000E-08, 1.000E-01, 1.000E-01,1,2,0,0,100, 1.02649E+00, 1.452017764E+01,1056,12,HA1
Gauss1_05,12,H, 1.000E+00,scale, 1.000E-08, 1.000E-01, 1.000E-01,1,3,0,0,156, 1.50727E+00, 1.451586233E+01,1621,12,HA1
Gauss1_05,12,H, 1.000E+00,scale, 1.000E-08, 1.000E-01, 1.000E-01,1,4,0,0,393, 5.04631E+00, 1.451981251E+01,4791,12,HA1
Gauss1_05,12,H, 1.000E+00,scale, 1.000E-08, 1.000E-01, 1.000E-01,1,5,0,0,181, 1.66763E+00, 1.453272012E+01,1743,12,HA1
Gauss1_05,12,H, 1.000E+00,scale, 1.000E-08, 1.000E-01, 1.000E-01,1,6,0,0,159, 1.07069E+00, 1.454744603E+01,1470,12,HA1
Gauss1_05,12,H, 1.000E+00,scale, 1.000E-08, 1.000E-01, 1.000E-01,1,7,0,0,201, 2.01288E+00, 1.455326174E+01,2033,12,HA1
Gauss1_05,12,H, 1.000E+00,scale, 1.000E-08, 1.000E-01, 1.000E-01,1,8,0,0,236, 2.21936E+00, 1.452689198E+01,2401,12,HA1
Gauss1_05,12,H, 1.000E+00,scale, 1.000E-08, 1.000E-01, 1.000E-01,1,9,0,0,488, 5.29343E+00, 1.450059364E+01,5035,12,HA1
Gauss1_05,12,H, 1.000E+00,scale, 1.000E-08, 1.000E-01, 1.000E-01,1,10,0,0,749, 2.69555E+00, 7.326900430E+02,2313,10,HA1
Gauss1_05,12,H, 1.000E+00,scale, 1.000E-08, 1.000E-01, 1.000E-01,1,1,0,0,72, 1.07038E+00, 7.014789275E+02,951,10,HA10
Gauss1_05,12,H, 1.000E+00,scale, 1.000E-08, 1.000E-01, 1.000E-01,1,2,0,0,96, 8.77063E-01, 1.451206099E+01,921,12,HA10
Gauss1_05,12,H, 1.000E+00,scale, 1.000E-08, 1.000E-01, 1.000E-01,1,3,0,0,139, 1.31676E+00, 1.454209850E+01,1419,12,HA10
Gauss1_05,12,H, 1.000E+00,scale, 1.000E-08, 1.000E-01, 1.000E-01,1,4,0,0,702, 3.06983E+00, 8.708770211E+02,3387,9,HA10
Gauss1_05,12,H, 1.000E+00,scale, 1.000E-08, 1.000E-01, 1.000E-01,1,5,0,0,155, 1.27997E+00, 1.451101629E+01,1439,12,HA10
Gauss1_05,12,H, 1.000E+00,scale, 1.000E-08, 1.000E-01, 1.000E-01,1,6,0,0,173, 1.23115E+00, 1.451852789E+01,1691,12,HA10
Gauss1_05,12,H, 1.000E+00,scale, 1.000E-08, 1.000E-01, 1.000E-01,1,7,0,0,231, 2.32922E+00, 1.449482621E+01,2350,12,HA10
Gauss1_05,12,H, 1.000E+00,scale, 1.000E-08, 1.000E-01, 1.000E-01,1,8,0,0,202, 1.89151E+00, 1.450817848E+01,2055,12,HA10
Gauss1_05,12,H, 1.000E+00,scale, 1.000E-08, 1.000E-01, 1.000E-01,1,9,0,0,437, 6.50567E+00, 1.453872721E+01,5468,12,HA10
Gauss1_05,12,H, 1.000E+00,scale, 1.000E-08, 1.000E-01, 1.000E-01,1,10,0,0,1215, 5.86107E+00, 7.326964289E+02,4664,11,HA10
Gauss1_05,12,H, 1.000E+00,scale, 1.000E-08, 1.000E-01, 1.000E-01,1,1,0,0,69, 8.87995E-01, 7.014838193E+02,902,10,HA100
Gauss1_05,12,H, 1.000E+00,scale, 1.000E-08, 1.000E-01, 1.000E-01,1,2,0,0,115, 1.16744E+00, 1.454445142E+01,1150,12,HA100
Gauss1_05,12,H, 1.000E+00,scale, 1.000E-08, 1.000E-01, 1.000E-01,1,3,0,0,169, 1.81888E+00, 1.454014011E+01,1840,12,HA100
Gauss1_05,12,H, 1.000E+00,scale, 1.000E-08, 1.000E-01, 1.000E-01,1,4,0,0,332, 5.78377E+00, 8.783851205E+02,4564,6,HA100
Gauss1_05,12,H, 1.000E+00,scale, 1.000E-08, 1.000E-01, 1.000E-01,1,5,0,0,212, 1.86105E+00, 1.451312978E+01,2033,12,HA100
Gauss1_05,12,H, 1.000E+00,scale, 1.000E-08, 1.000E-01, 1.000E-01,1,6,0,0,204, 1.62285E+00, 1.451851762E+01,2111,12,HA100
Gauss1_05,12,H, 1.000E+00,scale, 1.000E-08, 1.000E-01, 1.000E-01,1,7,0,0,188, 1.62403E+00, 1.452397567E+01,1724,12,HA100
Gauss1_05,12,H, 1.000E+00,scale, 1.000E-08, 1.000E-01, 1.000E-01,1,8,0,0,227, 1.60046E+00, 1.452388544E+01,2304,12,HA100
Gauss1_05,12,H, 1.000E+00,scale, 1.000E-08, 1.000E-01, 1.000E-01,1,9,0,0,521, 7.69716E+00, 1.453522221E+01,6718,12,HA100
Gauss1_05,12,H, 1.000E+00,scale, 1.000E-08, 1.000E-01, 1.000E-01,1,10,0,0,1018, 9.64100E+00, 7.894520146E+02,6312,9,HA100
Gauss1_05,12,H, 1.000E+00,clip, 1.000E-08, 1.000E-01, 1.000E-01,1,1,0,0,38, 5.95431E-01, 7.326879364E+02,517,11,Hc1
Gauss1_05,12,H, 1.000E+00,clip, 1.000E-08, 1.000E-01, 1.000E-01,1,2,0,0,110, 1.30114E+00, 1.452118458E+01,1218,12,Hc1
Gauss1_05,12,H, 1.000E+00,clip, 1.000E-08, 1.000E-01, 1.000E-01,1,3,0,0,148, 1.97235E+00, 1.454448063E+01,1712,12,Hc1
Gauss1_05,12,H, 1.000E+00,clip, 1.000E-08, 1.000E-01, 1.000E-01,1,4,0,0,1835, 4.81467E+00, 8.708664364E+02,3352,9,Hc1
Gauss1_05,12,H, 1.000E+00,clip, 1.000E-08, 1.000E-01, 1.000E-01,1,5,0,0,1341, 3.11407E+00, 1.454772730E+01,3077,12,Hc1
Gauss1_05,12,H, 1.000E+00,clip, 1.000E-08, 1.000E-01, 1.000E-01,1,6,0,0,282, 1.91304E+00, 1.453628190E+01,1877,12,Hc1
Gauss1_05,12,H, 1.000E+00,clip, 1.000E-08, 1.000E-01, 1.000E-01,1,7,0,0,376, 2.79282E+00, 1.454327824E+01,2768,12,Hc1
Gauss1_05,12,H, 1.000E+00,clip, 1.000E-08, 1.000E-01, 1.000E-01,1,8,0,0,358, 2.81354E+00, 1.450101691E+01,2771,12,Hc1
Gauss1_05,12,H, 1.000E+00,clip, 1.000E-08, 1.000E-01, 1.000E-01,1,9,0,0,339, 4.58354E+00, 7.494171330E+02,3463,9,Hc1
Gauss1_05,12,H, 1.000E+00,clip, 1.000E-08, 1.000E-01, 1.000E-01,1,10,0,0,325, 2.81312E+00, 1.451056334E+01,2456,12,Hc1
Gauss1_05,12,H, 1.000E+01,clip, 1.000E-08, 1.000E-01, 1.000E-01,1,1,0,0,99, 1.73665E+00, 7.940523953E+02,1407,10,Hc10
Gauss1_05,12,H, 1.000E+01,clip, 1.000E-08, 1.000E-01, 1.000E-01,1,2,0,0,168, 1.74363E+00, 1.454124127E+01,1598,12,Hc10
Gauss1_05,12,H, 1.000E+01,clip, 1.000E-08, 1.000E-01, 1.000E-01,1,3,0,0,254, 3.23331E+00, 1.452069407E+01,2786,12,Hc10
Gauss1_05,12,H, 1.000E+01,clip, 1.000E-08, 1.000E-01, 1.000E-01,1,4,0,0,1897, 5.22588E+00, 8.709020240E+02,3479,9,Hc10
Gauss1_05,12,H, 1.000E+01,clip, 1.000E-08, 1.000E-01, 1.000E-01,1,5,0,0,2090, 7.23041E+00, 1.454842690E+01,4455,12,Hc10
Gauss1_05,12,H, 1.000E+01,clip, 1.000E-08, 1.000E-01, 1.000E-01,1,6,0,0,1453, 5.47858E+00, 1.456373005E+01,2921,12,Hc10
Gauss1_05,12,H, 1.000E+01,clip, 1.000E-08, 1.000E-01, 1.000E-01,1,7,0,0,612, 3.68726E+00, 1.452065492E+01,2977,12,Hc10
Gauss1_05,12,H, 1.000E+01,clip, 1.000E-08, 1.000E-01, 1.000E-01,1,8,0,0,708, 5.66246E+00, 1.452958691E+01,4854,12,Hc10
Gauss1_05,12,H, 1.000E+01,clip, 1.000E-08, 1.000E-01, 1.000E-01,1,9,1,0,10000, 1.39157E+01, 6.536605347E+02,10716,10,Hc10
Gauss1_05,12,H, 1.000E+01,clip, 1.000E-08, 1.000E-01, 1.000E-01,1,10,0,0,1431, 9.96357E+00, 7.946750957E+02,7623,9,Hc10
Gauss1_05,12,QN, 1.000E+04,scale, 1.000E-08, 1.000E-01, 1.000E-01,1,1,0,0,40, 4.57123E-01, 7.327013546E+02,520,11,QN
Gauss1_05,12,QN, 1.000E+04,scale, 1.000E-08, 1.000E-01, 1.000E-01,1,2,0,0,99, 8.01018E-01, 1.450391489E+01,976,12,QN
Gauss1_05,12,QN, 1.000E+04,scale, 1.000E-08, 1.000E-01, 1.000E-01,1,3,0,0,133, 1.19897E+00, 1.451860639E+01,1455,12,QN
Gauss1_05,12,QN, 1.000E+04,scale, 1.000E-08, 1.000E-01, 1.000E-01,1,4,0,0,541, 1.65836E+00, 7.327022192E+02,1732,11,QN
Gauss1_05,12,QN, 1.000E+04,scale, 1.000E-08, 1.000E-01, 1.000E-01,1,5,0,0,147, 1.13690E+00, 1.453003542E+01,1425,12,QN
Gauss1_05,12,QN, 1.000E+04,scale, 1.000E-08, 1.000E-01, 1.000E-01,1,6,0,0,328, 1.91598E+00, 1.451554542E+01,2095,12,QN
Gauss1_05,12,QN, 1.000E+04,scale, 1.000E-08, 1.000E-01, 1.000E-01,1,7,0,0,172, 1.23952E+00, 1.451368591E+01,1508,12,QN
Gauss1_05,12,QN, 1.000E+04,scale, 1.000E-08, 1.000E-01, 1.000E-01,1,8,0,0,188, 1.52112E+00, 1.450817456E+01,1903,12,QN
Gauss1_05,12,QN, 1.000E+04,scale, 1.000E-08, 1.000E-01, 1.000E-01,1,9,0,0,2639, 8.13873E+00, 8.026715136E+02,3858,9,QN
Gauss1_05,12,QN, 1.000E+04,scale, 1.000E-08, 1.000E-01, 1.000E-01,1,10,0,0,185, 1.89248E+00, 7.326846251E+02,2175,10,QN
Gauss1_05,12,0, 1.000E+00,scale, 1.000E-08, 1.000E-01, 1.000E-01,2,1,0,0,565, 9.71208E-01, 8.708621785E+02,1026,9,FO
Gauss1_05,12,0, 1.000E+00,scale, 1.000E-08, 1.000E-01, 1.000E-01,2,2,0,0,158, 1.10549E+00, 1.451226656E+01,1655,12,FO
Gauss1_05,12,0, 1.000E+00,scale, 1.000E-08, 1.000E-01, 1.000E-01,2,3,0,0,165, 1.17107E+00, 1.451305626E+01,1682,12,FO
Gauss1_05,12,0, 1.000E+00,scale, 1.000E-08, 1.000E-01, 1.000E-01,2,4,0,0,221, 1.59461E+00, 1.456703964E+01,2187,12,FO
Gauss1_05,12,0, 1.000E+00,scale, 1.000E-08, 1.000E-01, 1.000E-01,2,5,0,0,173, 1.08338E+00, 1.450382471E+01,1593,12,FO
Gauss1_05,12,0, 1.000E+00,scale, 1.000E-08, 1.000E-01, 1.000E-01,2,6,0,0,176, 1.33438E+00, 1.452592582E+01,1806,12,FO
Gauss1_05,12,0, 1.000E+00,scale, 1.000E-08, 1.000E-01, 1.000E-01,2,7,0,0,254, 1.77985E+00, 1.452417585E+01,2562,12,FO
Gauss1_05,12,0, 1.000E+00,scale, 1.000E-08, 1.000E-01, 1.000E-01,2,8,0,0,229, 2.00767E+00, 1.453544476E+01,2723,12,FO
Gauss1_05,12,0, 1.000E+00,scale, 1.000E-08, 1.000E-01, 1.000E-01,2,9,0,0,264, 1.83002E+00, 1.453688933E+01,2632,12,FO
Gauss1_05,12,0, 1.000E+00,scale, 1.000E-08, 1.000E-01, 1.000E-01,2,10,0,0,161, 1.02435E+00, 1.453197327E+01,1449,12,FO
Gauss1_05,12,GN, 1.000E+04,scale, 1.000E-08, 1.000E-01, 1.000E-01,2,1,0,0,571, 1.36310E+00, 8.709054718E+02,1061,9,GN
Gauss1_05,12,GN, 1.000E+04,scale, 1.000E-08, 1.000E-01, 1.000E-01,2,2,0,0,147, 1.64248E+00, 1.452184286E+01,1533,12,GN
Gauss1_05,12,GN, 1.000E+04,scale, 1.000E-08, 1.000E-01, 1.000E-01,2,3,0,0,220, 2.59240E+00, 1.450867641E+01,2415,12,GN
Gauss1_05,12,GN, 1.000E+04,scale, 1.000E-08, 1.000E-01, 1.000E-01,2,4,0,0,271, 2.33685E+00, 1.453090735E+01,2072,12,GN
Gauss1_05,12,GN, 1.000E+04,scale, 1.000E-08, 1.000E-01, 1.000E-01,2,5,0,0,233, 2.12111E+00, 1.451890393E+01,2010,12,GN
Gauss1_05,12,GN, 1.000E+04,scale, 1.000E-08, 1.000E-01, 1.000E-01,2,6,0,0,187, 2.16260E+00, 1.449293673E+01,1980,12,GN
Gauss1_05,12,GN, 1.000E+04,scale, 1.000E-08, 1.000E-01, 1.000E-01,2,7,0,0,234, 2.78154E+00, 1.450954978E+01,2296,12,GN
Gauss1_05,12,GN, 1.000E+04,scale, 1.000E-08, 1.000E-01, 1.000E-01,2,8,0,0,271, 2.99982E+00, 1.450296472E+01,2666,12,GN
Gauss1_05,12,GN, 1.000E+04,scale, 1.000E-08, 1.000E-01, 1.000E-01,2,9,0,0,336, 3.23294E+00, 1.455984779E+01,3036,12,GN
Gauss1_05,12,GN, 1.000E+04,scale, 1.000E-08, 1.000E-01, 1.000E-01,2,10,0,0,174, 1.50204E+00, 1.451753871E+01,1389,12,GN
Gauss1_05,12,GN, 1.000E+00,scale, 1.000E-08, 1.000E-01, 1.000E-01,2,1,0,0,565, 1.04106E+00, 8.708627444E+02,1026,9,GN1
Gauss1_05,12,GN, 1.000E+00,scale, 1.000E-08, 1.000E-01, 1.000E-01,2,2,0,0,158, 1.22764E+00, 1.451246810E+01,1655,12,GN1
Gauss1_05,12,GN, 1.000E+00,scale, 1.000E-08, 1.000E-01, 1.000E-01,2,3,0,0,164, 1.25463E+00, 1.453336267E+01,1677,12,GN1
Gauss1_05,12,GN, 1.000E+00,scale, 1.000E-08, 1.000E-01, 1.000E-01,2,4,0,0,221, 1.75944E+00, 1.456717021E+01,2187,12,GN1
Gauss1_05,12,GN, 1.000E+00,scale, 1.000E-08, 1.000E-01, 1.000E-01,2,5,0,0,173, 1.31519E+00, 1.450389479E+01,1593,12,GN1
Gauss1_05,12,GN, 1.000E+00,scale, 1.000E-08, 1.000E-01, 1.000E-01,2,6,0,0,176, 1.43418E+00, 1.452597082E+01,1806,12,GN1
Gauss1_05,12,GN, 1.000E+00,scale, 1.000E-08, 1.000E-01, 1.000E-01,2,7,0,0,242, 2.07814E+00, 1.452661516E+01,2459,12,GN1
Gauss1_05,12,GN, 1.000E+00,scale, 1.000E-08, 1.000E-01, 1.000E-01,2,8,0,0,228, 2.33073E+00, 1.453747573E+01,2706,12,GN1
Gauss1_05,12,GN, 1.000E+00,scale, 1.000E-08, 1.000E-01, 1.000E-01,2,9,0,0,265, 2.05759E+00, 1.453678123E+01,2637,12,GN1
Gauss1_05,12,GN, 1.000E+00,scale, 1.000E-08, 1.000E-01, 1.000E-01,2,10,0,0,161, 1.12595E+00, 1.453205629E+01,1449,12,GN1
Gauss1_05,12,H, 1.000E+04,scale, 1.000E-08, 1.000E-01, 1.000E-01,2,1,0,0,7353, 4.20255E+01, 7.941201945E+02,26095,9,H
Gauss1_05,12,H, 1.000E+04,scale, 1.000E-08, 1.000E-01, 1.000E-01,2,2,1,0,10000, 7.99824E+01, 4.882112157E+02,61250,11,H
Gauss1_05,12,H, 1.000E+04,scale, 1.000E-08, 1.000E-01, 1.000E-01,2,3,0,0,2936, 2.37721E+01, 1.450876477E+01,20220,12,H
Gauss1_05,12,H, 1.000E+04,scale, 1.000E-08, 1.000E-01, 1.000E-01,2,4,0,0,1429, 8.92307E+00, 7.478472151E+02,8893,9,H
Gauss1_05,12,H, 1.000E+04,scale, 1.000E-08, 1.000E-01, 1.000E-01,2,5,0,0,1033, 1.30510E+01, 1.451314023E+01,11532,12,H
Gauss1_05,12,H, 1.000E+04,scale, 1.000E-08, 1.000E-01, 1.000E-01,2,6,0,0,1834, 2.75091E+01, 1.454956206E+01,24004,12,H
Gauss1_05,12,H, 1.000E+04,scale, 1.000E-08, 1.000E-01, 1.000E-01,2,7,0,0,319, 3.35929E+00, 1.450328967E+01,3216,12,H
Gauss1_05,12,H, 1.000E+04,scale, 1.000E-08, 1.000E-01, 1.000E-01,2,8,1,0,10000, 1.23397E+02, 9.283265583E+02,101781,8,H
Gauss1_05,12,H, 1.000E+04,scale, 1.000E-08, 1.000E-01, 1.000E-01,2,9,0,0,4254, 4.16249E+01, 1.450821908E+01,34055,12,H
Gauss1_05,12,H, 1.000E+04,scale, 1.000E-08, 1.000E-01, 1.000E-01,2,10,0,0,5485, 2.85707E+01, 1.453342876E+01,24211,12,H
Gauss1_05,12,H, 1.000E-01,scale, 1.000E-08, 1.000E-01, 1.000E-01,2,1,0,0,572, 1.03090E+00, 8.708616250E+02,1010,9,H0.1
Gauss1_05,12,H, 1.000E-01,scale, 1.000E-08, 1.000E-01, 1.000E-01,2,2,0,0,437, 4.57334E+00, 1.452069972E+01,5488,12,H0.1
Gauss1_05,12,H, 1.000E-01,scale, 1.000E-08, 1.000E-01, 1.000E-01,2,3,0,0,115, 7.95051E-01, 1.450896864E+01,1065,12,H0.1
Gauss1_05,12,H, 1.000E-01,scale, 1.000E-08, 1.000E-01, 1.000E-01,2,4,0,0,218, 1.78616E+00, 1.455806770E+01,2217,12,H0.1
Gauss1_05,12,H, 1.000E-01,scale, 1.000E-08, 1.000E-01, 1.000E-01,2,5,0,0,187, 1.32736E+00, 1.454681396E+01,1796,12,H0.1
Gauss1_05,12,H, 1.000E-01,scale, 1.000E-08, 1.000E-01, 1.000E-01,2,6,0,0,176, 1.42197E+00, 1.453180221E+01,1847,12,H0.1
Gauss1_05,12,H, 1.000E-01,scale, 1.000E-08, 1.000E-01, 1.000E-01,2,7,0,0,252, 1.96595E+00, 1.455151040E+01,2602,12,H0.1
Gauss1_05,12,H, 1.000E-01,scale, 1.000E-08, 1.000E-01, 1.000E-01,2,8,0,0,560, 4.64758E+00, 1.455481062E+01,5775,12,H0.1
Gauss1_05,12,H, 1.000E-01,scale, 1.000E-08, 1.000E-01, 1.000E-01,2,9,0,0,272, 2.31698E+00, 1.451494130E+01,2802,12,H0.1
Gauss1_05,12,H, 1.000E-01,scale, 1.000E-08, 1.000E-01, 1.000E-01,2,10,0,0,173, 1.18620E+00, 1.452658927E+01,1473,12,H0.1
Gauss1_05,12,H, 1.000E+00,scale, 1.000E-08, 1.000E-01, 1.000E-01,2,1,0,0,561, 8.73592E-01, 8.708610987E+02,927,9,H1
Gauss1_05,12,H, 1.000E+00,scale, 1.000E-08, 1.000E-01, 1.000E-01,2,2,0,0,298, 3.03207E+00, 1.451697887E+01,3893,12,H1
Gauss1_05,12,H, 1.000E+00,scale, 1.000E-08, 1.000E-01, 1.000E-01,2,3,0,0,137, 9.37913E-01, 1.453014482E+01,1330,12,H1
Gauss1_05,12,H, 1.000E+00,scale, 1.000E-08, 1.000E-01, 1.000E-01,2,4,0,0,223, 1.84622E+00, 1.452561236E+01,2424,12,H1
Gauss1_05,12,H, 1.000E+00,scale, 1.000E-08, 1.000E-01, 1.000E-01,2,5,0,0,161, 1.04327E+00, 1.449734636E+01,1473,12,H1
Gauss1_05,12,H, 1.000E+00,scale, 1.000E-08, 1.000E-01, 1.000E-01,2,6,0,0,278, 2.75383E+00, 1.453548368E+01,3346,12,H1
Gauss1_05,12,H, 1.000E+00,scale, 1.000E-08, 1.000E-01, 1.000E-01,2,7,0,0,337, 2.58262E+00, 1.453626050E+01,3425,12,H1
Gauss1_05,12,H, 1.000E+00,scale, 1.000E-08, 1.000E-01, 1.000E-01,2,8,0,0,212, 1.75044E+00, 1.449349467E+01,2363,12,H1
Gauss1_05,12,H, 1.000E+00,scale, 1.000E-08, 1.000E-01, 1.000E-01,2,9,0,0,267, 1.92028E+00, 1.450521367E+01,2636,12,H1
Gauss1_05,12,H, 1.000E+00,scale, 1.000E-08, 1.000E-01, 1.000E-01,2,10,0,0,167, 9.66178E-01, 1.452387986E+01,1374,12,H1
Gauss1_05,12,H, 1.000E+01,scale, 1.000E-08, 1.000E-01, 1.000E-01,2,1,0,0,580, 9.61429E-01, 8.709054869E+02,923,9,H10
Gauss1_05,12,H, 1.000E+01,scale, 1.000E-08, 1.000E-01, 1.000E-01,2,2,0,0,202, 1.76722E+00, 1.454380291E+01,2218,12,H10
Gauss1_05,12,H, 1.000E+01,scale, 1.000E-08, 1.000E-01, 1.000E-01,2,3,0,0,165, 1.31167E+00, 1.451090982E+01,1636,12,H10
Gauss1_05,12,H, 1.000E+01,scale, 1.000E-08, 1.000E-01, 1.000E-01,2,4,0,0,298, 2.72344E+00, 1.452532841E+01,3340,12,H10
Gauss1_05,12,H, 1.000E+01,scale, 1.000E-08, 1.000E-01, 1.000E-01,2,5,0,0,172, 1.22912E+00, 1.449789620E+01,1623,12,H10
Gauss1_05,12,H, 1.000E+01,scale, 1.000E-08, 1.000E-01, 1.000E-01,2,6,0,0,256, 2.27264E+00, 1.451098039E+01,2863,12,H10
Gauss1_05,12,H, 1.000E+01,scale, 1.000E-08, 1.000E-01, 1.000E-01,2,7,0,0,432, 3.42119E+00, 1.451034330E+01,4631,12,H10
Gauss1_05,12,H, 1.000E+01,scale, 1.000E-08, 1.000E-01, 1.000E-01,2,8,0,0,275, 2.49034E+00, 1.451502325E+01,3111,12,H10
Gauss1_05,12,H, 1.000E+01,scale, 1.000E-08, 1.000E-01, 1.000E-01,2,9,0,0,356, 3.24849E+00, 1.451425889E+01,3792,12,H10
Gauss1_05,12,H, 1.000E+01,scale, 1.000E-08, 1.000E-01, 1.000E-01,2,10,0,0,154, 9.78646E-01, 1.451178588E+01,1307,12,H10
Gauss1_05,12,H, 1.000E+02,scale, 1.000E-08, 1.000E-01, 1.000E-01,2,1,0,0,132, 9.12050E-01, 8.413406018E+02,1071,6,H100
Gauss1_05,12,H, 1.000E+02,scale, 1.000E-08, 1.000E-01, 1.000E-01,2,2,0,0,287, 3.03603E+00, 1.455023074E+01,3539,12,H100
Gauss1_05,12,H, 1.000E+02,scale, 1.000E-08, 1.000E-01, 1.000E-01,2,3,0,0,311, 2.81624E+00, 1.453951432E+01,3550,12,H100
Gauss1_05,12,H, 1.000E+02,scale, 1.000E-08, 1.000E-01, 1.000E-01,2,4,0,0,341, 3.22042E+00, 1.451344640E+01,3974,12,H100
Gauss1_05,12,H, 1.000E+02,scale, 1.000E-08, 1.000E-01, 1.000E-01,2,5,0,0,202, 1.52700E+00, 1.453361004E+01,1992,12,H100
Gauss1_05,12,H, 1.000E+02,scale, 1.000E-08, 1.000E-01, 1.000E-01,2,6,0,0,294, 2.88046E+00, 1.455764633E+01,3443,12,H100
Gauss1_05,12,H, 1.000E+02,scale, 1.000E-08, 1.000E-01, 1.000E-01,2,7,0,0,222, 1.96260E+00, 1.453444366E+01,2209,12,H100
Gauss1_05,12,H, 1.000E+02,scale, 1.000E-08, 1.000E-01, 1.000E-01,2,8,0,0,280, 2.63210E+00, 1.450700570E+01,3240,12,H100
Gauss1_05,12,H, 1.000E+02,scale, 1.000E-08, 1.000E-01, 1.000E-01,2,9,0,0,458, 4.41328E+00, 1.455517191E+01,5522,12,H100
Gauss1_05,12,H, 1.000E+02,scale, 1.000E-08, 1.000E-01, 1.000E-01,2,10,0,0,322, 2.70374E+00, 1.449707878E+01,3321,12,H100
Gauss1_05,12,H, 1.000E+00,scale, 1.000E-08, 1.000E-01, 1.000E-01,2,1,0,0,604, 1.20079E+00, 8.708646050E+02,1260,9,HA1
Gauss1_05,12,H, 1.000E+00,scale, 1.000E-08, 1.000E-01, 1.000E-01,2,2,0,0,1041, 3.02940E+00, 4.981526102E+02,2082,11,HA1
Gauss1_05,12,H, 1.000E+00,scale, 1.000E-08, 1.000E-01, 1.000E-01,2,3,0,0,180, 1.99285E+00, 1.449868864E+01,1944,12,HA1
Gauss1_05,12,H, 1.000E+00,scale, 1.000E-08, 1.000E-01, 1.000E-01,2,4,0,0,259, 2.06083E+00, 1.449485965E+01,2670,12,HA1
Gauss1_05,12,H, 1.000E+00,scale, 1.000E-08, 1.000E-01, 1.000E-01,2,5,0,0,190, 1.68953E+00, 1.453517296E+01,1791,12,HA1
Gauss1_05,12,H, 1.000E+00,scale, 1.000E-08, 1.000E-01, 1.000E-01,2,6,0,0,200, 1.54355E+00, 1.455699324E+01,2157,12,HA1
Gauss1_05,12,H, 1.000E+00,scale, 1.000E-08, 1.000E-01, 1.000E-01,2,7,0,0,402, 3.22108E+00, 1.451751316E+01,4180,12,HA1
Gauss1_05,12,H, 1.000E+00,scale, 1.000E-08, 1.000E-01, 1.000E-01,2,8,0,0,300, 4.18984E+00, 1.449596005E+01,3576,12,HA1
Gauss1_05,12,H, 1.000E+00,scale, 1.000E-08, 1.000E-01, 1.000E-01,2,9,0,0,263, 1.94459E+00, 1.453769337E+01,2697,12,HA1
Gauss1_05,12,H, 1.000E+00,scale, 1.000E-08, 1.000E-01, 1.000E-01,2,10,0,0,166, 1.51296E+00, 1.452467639E+01,1595,12,HA1
Gauss1_05,12,H, 1.000E+00,scale, 1.000E-08, 1.000E-01, 1.000E-01,2,1,0,0,152, 7.91606E-01, 8.413258188E+02,999,6,HA10
Gauss1_05,12,H, 1.000E+00,scale, 1.000E-08, 1.000E-01, 1.000E-01,2,2,0,0,222, 3.23266E+00, 1.452692465E+01,2625,12,HA10
Gauss1_05,12,H, 1.000E+00,scale, 1.000E-08, 1.000E-01, 1.000E-01,2,3,0,0,177, 1.98401E+00, 1.449497517E+01,1824,12,HA10
Gauss1_05,12,H, 1.000E+00,scale, 1.000E-08, 1.000E-01, 1.000E-01,2,4,0,0,227, 1.69903E+00, 1.453372533E+01,2282,12,HA10
Gauss1_05,12,H, 1.000E+00,scale, 1.000E-08, 1.000E-01, 1.000E-01,2,5,0,0,218, 2.21046E+00, 1.451522064E+01,2309,12,HA10
Gauss1_05,12,H, 1.000E+00,scale, 1.000E-08, 1.000E-01, 1.000E-01,2,6,0,0,169, 1.32969E+00, 1.449854682E+01,1769,12,HA10
Gauss1_05,12,H, 1.000E+00,scale, 1.000E-08, 1.000E-01, 1.000E-01,2,7,0,0,279, 1.93261E+00, 1.453089480E+01,2777,12,HA10
Gauss1_05,12,H, 1.000E+00,scale, 1.000E-08, 1.000E-01, 1.000E-01,2,8,0,0,240, 2.08075E+00, 1.451623904E+01,2709,12,HA10
Gauss1_05,12,H, 1.000E+00,scale, 1.000E-08, 1.000E-01, 1.000E-01,2,9,0,0,260, 2.05985E+00, 1.453958135E+01,2754,12,HA10
Gauss1_05,12,H, 1.000E+00,scale, 1.000E-08, 1.000E-01, 1.000E-01,2,10,0,0,151, 1.42148E+00, 1.450871733E+01,1413,12,HA10
Gauss1_05,12,H, 1.000E+00,scale, 1.000E-08, 1.000E-01, 1.000E-01,2,1,0,0,260, 2.33758E+00, 8.128017947E+02,2852,9,HA100
Gauss1_05,0,H,0,scale,0,0,0,2,2,3,0,0,2.40000E+03,1.0E+99,0,0,HA100
Gauss1_05,12,H, 1.000E+00,scale, 1.000E-08, 1.000E-01, 1.000E-01,2,3,0,0,197, 2.41268E+00, 1.453716285E+01,2101,12,HA100
Gauss1_05,12,H, 1.000E+00,scale, 1.000E-08, 1.000E-01, 1.000E-01,2,4,0,0,197, 1.42737E+00, 1.452681834E+01,1873,12,HA100
Gauss1_05,12,H, 1.000E+00,scale, 1.000E-08, 1.000E-01, 1.000E-01,2,5,0,1,228, 2.42853E+00, 1.451137566E+01,2574,12,HA100
Gauss1_05,12,H, 1.000E+00,scale, 1.000E-08, 1.000E-01, 1.000E-01,2,6,0,0,184, 1.28104E+00, 1.451365557E+01,1754,12,HA100
Gauss1_05,12,H, 1.000E+00,scale, 1.000E-08, 1.000E-01, 1.000E-01,2,7,0,0,472, 3.92460E+00, 1.452081664E+01,5250,12,HA100
Gauss1_05,12,H, 1.000E+00,scale, 1.000E-08, 1.000E-01, 1.000E-01,2,8,0,0,504, 4.98003E+00, 1.450506107E+01,6140,12,HA100
Gauss1_05,12,H, 1.000E+00,scale, 1.000E-08, 1.000E-01, 1.000E-01,2,9,0,0,273, 2.13109E+00, 1.453314291E+01,2859,12,HA100
Gauss1_05,12,H, 1.000E+00,scale, 1.000E-08, 1.000E-01, 1.000E-01,2,10,0,0,167, 1.58608E+00, 1.450267393E+01,1492,12,HA100
Gauss1_05,12,H, 1.000E+00,clip, 1.000E-08, 1.000E-01, 1.000E-01,2,1,0,0,2380, 2.22862E+00, 7.327258272E+02,2708,11,Hc1
Gauss1_05,12,H, 1.000E+00,clip, 1.000E-08, 1.000E-01, 1.000E-01,2,2,0,0,164, 2.19597E+00, 1.451460093E+01,1866,12,Hc1
Gauss1_05,12,H, 1.000E+00,clip, 1.000E-08, 1.000E-01, 1.000E-01,2,3,0,0,217, 2.32061E+00, 1.451432865E+01,2055,12,Hc1
Gauss1_05,12,H, 1.000E+00,clip, 1.000E-08, 1.000E-01, 1.000E-01,2,4,0,0,229, 2.17127E+00, 1.452554747E+01,1927,12,Hc1
Gauss1_05,12,H, 1.000E+00,clip, 1.000E-08, 1.000E-01, 1.000E-01,2,5,0,0,2084, 4.66884E+00, 1.454698376E+01,4165,12,Hc1
Gauss1_05,12,H, 1.000E+00,clip, 1.000E-08, 1.000E-01, 1.000E-01,2,6,0,0,278, 3.39145E+00, 1.450745563E+01,2720,12,Hc1
Gauss1_05,12,H, 1.000E+00,clip, 1.000E-08, 1.000E-01, 1.000E-01,2,7,0,0,4581, 1.15087E+01, 1.456736625E+03,5188,6,Hc1
Gauss1_05,12,H, 1.000E+00,clip, 1.000E-08, 1.000E-01, 1.000E-01,2,8,0,0,268, 2.11037E+00, 1.451616226E+01,1868,12,Hc1
Gauss1_05,12,H, 1.000E+00,clip, 1.000E-08, 1.000E-01, 1.000E-01,2,9,0,0,350, 2.90081E+00, 1.453018377E+01,2640,12,Hc1
Gauss1_05,12,H, 1.000E+00,clip, 1.000E-08, 1.000E-01, 1.000E-01,2,10,0,0,2193, 4.70638E+00, 1.453415876E+01,4036,12,Hc1
Gauss1_05,12,H, 1.000E+01,clip, 1.000E-08, 1.000E-01, 1.000E-01,2,1,0,0,400, 2.81664E+00, 8.551418059E+02,3225,7,Hc10
Gauss1_05,12,H, 1.000E+01,clip, 1.000E-08, 1.000E-01, 1.000E-01,2,2,0,0,249, 2.27023E+00, 1.449546330E+01,2769,12,Hc10
Gauss1_05,12,H, 1.000E+01,clip, 1.000E-08, 1.000E-01, 1.000E-01,2,3,0,0,3725, 7.71516E+00, 1.455042644E+01,5340,12,Hc10
Gauss1_05,12,H, 1.000E+01,clip, 1.000E-08, 1.000E-01, 1.000E-01,2,4,0,0,119, 1.43058E+00, 1.456097800E+01,1252,12,Hc10
Gauss1_05,12,H, 1.000E+01,clip, 1.000E-08, 1.000E-01, 1.000E-01,2,5,1,0,10000, 1.95228E+01, 1.454388828E+01,13254,12,Hc10
Gauss1_05,12,H, 1.000E+01,clip, 1.000E-08, 1.000E-01, 1.000E-01,2,6,0,0,409, 2.56765E+00, 1.452215617E+01,3015,12,Hc10
Gauss1_05,12,H, 1.000E+01,clip, 1.000E-08, 1.000E-01, 1.000E-01,2,7,0,0,621, 2.97807E+00, 1.451394456E+01,3893,12,Hc10
Gauss1_05,12,H, 1.000E+01,clip, 1.000E-08, 1.000E-01, 1.000E-01,2,8,1,0,10000, 2.81591E+01, 1.452655119E+01,11818,12,Hc10
Gauss1_05,12,H, 1.000E+01,clip, 1.000E-08, 1.000E-01, 1.000E-01,2,9,0,0,7891, 1.54855E+01, 1.452430783E+01,10666,12,Hc10
Gauss1_05,12,H, 1.000E+01,clip, 1.000E-08, 1.000E-01, 1.000E-01,2,10,1,0,10000, 1.90806E+01, 1.455315251E+01,12797,12,Hc10
Gauss1_05,12,QN, 1.000E+04,scale, 1.000E-08, 1.000E-01, 1.000E-01,2,1,0,0,765, 2.07915E+00, 7.326833526E+02,1687,11,QN
Gauss1_05,12,QN, 1.000E+04,scale, 1.000E-08, 1.000E-01, 1.000E-01,2,2,0,0,190, 2.16925E+00, 1.454234489E+01,2056,12,QN
Gauss1_05,12,QN, 1.000E+04,scale, 1.000E-08, 1.000E-01, 1.000E-01,2,3,0,0,152, 1.56256E+00, 1.451175852E+01,1388,12,QN
Gauss1_05,12,QN, 1.000E+04,scale, 1.000E-08, 1.000E-01, 1.000E-01,2,4,0,0,1287, 6.01479E+00, 1.451383343E+01,3441,12,QN
Gauss1_05,12,QN, 1.000E+04,scale, 1.000E-08, 1.000E-01, 1.000E-01,2,5,0,0,148, 1.43764E+00, 1.453481554E+01,1273,12,QN
Gauss1_05,12,QN, 1.000E+04,scale, 1.000E-08, 1.000E-01, 1.000E-01,2,6,0,0,168, 1.90174E+00, 1.451123570E+01,1714,12,QN
Gauss1_05,12,QN, 1.000E+04,scale, 1.000E-08, 1.000E-01, 1.000E-01,2,7,0,0,326, 3.46133E+00, 1.450270014E+01,3218,12,QN
Gauss1_05,12,QN, 1.000E+04,scale, 1.000E-08, 1.000E-01, 1.000E-01,2,8,0,0,737, 4.21356E+00, 1.451989016E+01,3330,12,QN
Gauss1_05,12,QN, 1.000E+04,scale, 1.000E-08, 1.000E-01, 1.000E-01,2,9,0,0,240, 2.58974E+00, 1.451944173E+01,2432,12,QN
Gauss1_05,12,QN, 1.000E+04,scale, 1.000E-08, 1.000E-01, 1.000E-01,2,10,0,0,1835, 5.64318E+00, 1.452387485E+01,3166,12,QN
Gauss1_10,25,0, 1.000E+00,scale, 1.000E-08, 1.000E-01, 1.000E-01,1,1,0,0,65, 9.88305E-01, 7.969227763E+02,878,19,FO
Gauss1_10,25,0, 1.000E+00,scale, 1.000E-08, 1.000E-01, 1.000E-01,1,2,0,0,458, 2.07583E+00, 2.046324703E+01,1589,25,FO
Gauss1_10,25,0, 1.000E+00,scale, 1.000E-08, 1.000E-01, 1.000E-01,1,3,0,0,488, 1.78909E+00, 2.046606625E+01,1549,25,FO
Gauss1_10,25,0, 1.000E+00,scale, 1.000E-08, 1.000E-01, 1.000E-01,1,4,0,0,235, 2.90755E+00, 7.845430287E+02,2628,20,FO
Gauss1_10,25,0, 1.000E+00,scale, 1.000E-08, 1.000E-01, 1.000E-01,1,5,0,0,536, 2.02526E+00, 2.045937431E+01,1795,25,FO
Gauss1_10,25,0, 1.000E+00,scale, 1.000E-08, 1.000E-01, 1.000E-01,1,6,0,0,348, 2.77655E+00, 2.051294058E+01,2805,25,FO
Gauss1_10,25,0, 1.000E+00,scale, 1.000E-08, 1.000E-01, 1.000E-01,1,7,0,0,654, 3.35567E+00, 2.048603729E+01,3160,25,FO
Gauss1_10,25,0, 1.000E+00,scale, 1.000E-08, 1.000E-01, 1.000E-01,1,8,0,0,585, 2.72657E+00, 2.046147244E+01,2446,25,FO
Gauss1_10,25,0, 1.000E+00,scale, 1.000E-08, 1.000E-01, 1.000E-01,1,9,0,0,136, 2.02571E+00, 7.014811033E+02,1862,23,FO
Gauss1_10,25,0, 1.000E+00,scale, 1.000E-08, 1.000E-01, 1.000E-01,1,10,0,0,82, 1.15022E+00, 8.338047638E+02,1055,20,FO
Gauss1_10,25,GN, 1.000E+04,scale, 1.000E-08, 1.000E-01, 1.000E-01,1,1,0,0,63, 9.09668E-01, 7.969212901E+02,831,19,GN
Gauss1_10,25,GN, 1.000E+04,scale, 1.000E-08, 1.000E-01, 1.000E-01,1,2,0,0,520, 1.37669E+00, 2.048898113E+01,1303,25,GN
Gauss1_10,25,GN, 1.000E+04,scale, 1.000E-08, 1.000E-01, 1.000E-01,1,3,0,0,292, 1.46473E+00, 2.050947237E+01,1483,25,GN
Gauss1_10,25,GN, 1.000E+04,scale, 1.000E-08, 1.000E-01, 1.000E-01,1,4,0,0,223, 2.81989E+00, 7.845984342E+02,2539,20,GN
Gauss1_10,25,GN, 1.000E+04,scale, 1.000E-08, 1.000E-01, 1.000E-01,1,5,0,0,540, 1.91657E+00, 2.048221724E+01,1831,25,GN
Gauss1_10,25,GN, 1.000E+04,scale, 1.000E-08, 1.000E-01, 1.000E-01,1,6,0,0,465, 2.55572E+00, 2.052306416E+01,2585,25,GN
Gauss1_10,25,GN, 1.000E+04,scale, 1.000E-08, 1.000E-01, 1.000E-01,1,7,0,0,562, 2.36737E+00, 2.045969921E+01,2295,25,GN
Gauss1_10,25,GN, 1.000E+04,scale, 1.000E-08, 1.000E-01, 1.000E-01,1,8,0,0,613, 2.49569E+00, 2.049176996E+01,2489,25,GN
Gauss1_10,25,GN, 1.000E+04,scale, 1.000E-08, 1.000E-01, 1.000E-01,1,9,0,0,221, 2.93031E+00, 7.845490729E+02,2716,21,GN
Gauss1_10,25,GN, 1.000E+04,scale, 1.000E-08, 1.000E-01, 1.000E-01,1,10,0,0,78, 1.09160E+00, 8.338027710E+02,992,20,GN
Gauss1_10,25,GN, 1.000E+00,scale, 1.000E-08, 1.000E-01, 1.000E-01,1,1,0,0,65, 1.00848E+00, 7.969220022E+02,878,19,GN1
Gauss1_10,25,GN, 1.000E+00,scale, 1.000E-08, 1.000E-01, 1.000E-01,1,2,0,0,447, 1.98490E+00, 2.048794839E+01,1577,25,GN1
Gauss1_10,25,GN, 1.000E+00,scale, 1.000E-08, 1.000E-01, 1.000E-01,1,3,0,0,488, 1.97855E+00, 2.046570817E+01,1549,25,GN1
Gauss1_10,25,GN, 1.000E+00,scale, 1.000E-08, 1.000E-01, 1.000E-01,1,4,0,0,232, 3.41541E+00, 7.845628074E+02,2622,20,GN1
Gauss1_10,25,GN, 1.000E+00,scale, 1.000E-08, 1.000E-01, 1.000E-01,1,5,0,0,536, 2.20674E+00, 2.045942085E+01,1795,25,GN1
Gauss1_10,25,GN, 1.000E+00,scale, 1.000E-08, 1.000E-01, 1.000E-01,1,6,0,0,348, 2.96706E+00, 2.051287740E+01,2805,25,GN1
Gauss1_10,25,GN, 1.000E+00,scale, 1.000E-08, 1.000E-01, 1.000E-01,1,7,0,0,671, 3.73690E+00, 2.047252762E+01,3177,25,GN1
Gauss1_10,25,GN, 1.000E+00,scale, 1.000E-08, 1.000E-01, 1.000E-01,1,8,0,0,588, 3.13552E+00, 2.045881792E+01,2449,25,GN1
Gauss1_10,25,GN, 1.000E+00,scale, 1.000E-08, 1.000E-01, 1.000E-01,1,9,0,0,136, 2.17859E+00, 7.014785901E+02,1862,23,GN1
Gauss1_10,25,GN, 1.000E+00,scale, 1.000E-08, 1.000E-01, 1.000E-01,1,10,0,0,82, 1.26943E+00, 8.337712071E+02,1058,20,GN1
Gauss1_10,25,H, 1.000E+04,scale, 1.000E-08, 1.000E-01, 1.000E-01,1,1,1,0,10000, 1.64446E+02, 1.818571088E+03,104492,11,H
Gauss1_10,25,H, 1.000E+04,scale, 1.000E-08, 1.000E-01, 1.000E-01,1,2,1,0,10000, 1.23304E+01, 6.108766435E+02,10222,22,H
Gauss1_10,25,H, 1.000E+04,scale, 1.000E-08, 1.000E-01, 1.000E-01,1,3,1,0,10000, 5.11720E+01, 7.126723533E+02,28888,18,H
Gauss1_10,25,H, 1.000E+04,scale, 1.000E-08, 1.000E-01, 1.000E-01,1,4,1,0,10000, 1.57840E+02, 1.461244489E+03,98623,14,H
Gauss1_10,25,H, 1.000E+04,scale, 1.000E-08, 1.000E-01, 1.000E-01,1,5,0,0,969, 7.19876E+00, 2.047133877E+01,6262,25,H
Gauss1_10,25,H, 1.000E+04,scale, 1.000E-08, 1.000E-01, 1.000E-01,1,6,0,0,775, 1.00889E+01, 2.051541205E+01,8518,25,H
Gauss1_10,25,H, 1.000E+04,scale, 1.000E-08, 1.000E-01, 1.000E-01,1,7,0,0,2383, 2.42178E+01, 2.046608095E+01,20936,25,H
Gauss1_10,25,H, 1.000E+04,scale, 1.000E-08, 1.000E-01, 1.000E-01,1,8,1,0,10000, 3.83985E+01, 6.347899868E+02,12658,20,H
Gauss1_10,25,H, 1.000E+04,scale, 1.000E-08, 1.000E-01, 1.000E-01,1,9,1,0,10000, 5.68442E+01, 1.820551364E+03,41011,13,H
Gauss1_10,25,H, 1.000E+04,scale, 1.000E-08, 1.000E-01, 1.000E-01,1,10,1,0,10000, 4.40443E+01, 1.800402403E+03,21929,13,H
Gauss1_10,25,H, 1.000E-01,scale, 1.000E-08, 1.000E-01, 1.000E-01,1,1,0,0,62, 1.05701E+00, 7.968994293E+02,869,19,H0.1
Gauss1_10,25,H, 1.000E-01,scale, 1.000E-08, 1.000E-01, 1.000E-01,1,2,0,0,447, 1.92039E+00, 2.045557542E+01,1598,25,H0.1
Gauss1_10,25,H, 1.000E-01,scale, 1.000E-08, 1.000E-01, 1.000E-01,1,3,0,0,493, 2.05098E+00, 2.046415461E+01,1463,25,H0.1
Gauss1_10,25,H, 1.000E-01,scale, 1.000E-08, 1.000E-01, 1.000E-01,1,4,0,0,735, 2.89551E+00, 8.025295866E+02,1938,21,H0.1
Gauss1_10,25,H, 1.000E-01,scale, 1.000E-08, 1.000E-01, 1.000E-01,1,5,0,0,490, 2.30053E+00, 2.053310588E+01,1640,25,H0.1
Gauss1_10,25,H, 1.000E-01,scale, 1.000E-08, 1.000E-01, 1.000E-01,1,6,0,0,322, 2.94379E+00, 2.048490061E+01,2607,25,H0.1
Gauss1_10,25,H, 1.000E-01,scale, 1.000E-08, 1.000E-01, 1.000E-01,1,7,0,0,616, 3.33638E+00, 2.054072034E+01,2800,25,H0.1
Gauss1_10,25,H, 1.000E-01,scale, 1.000E-08, 1.000E-01, 1.000E-01,1,8,0,0,614, 3.59257E+00, 2.052038787E+01,2834,25,H0.1
Gauss1_10,25,H, 1.000E-01,scale, 1.000E-08, 1.000E-01, 1.000E-01,1,9,0,0,1224, 5.43970E+00, 8.050256861E+02,3165,20,H0.1
Gauss1_10,25,H, 1.000E-01,scale, 1.000E-08, 1.000E-01, 1.000E-01,1,10,0,0,983, 5.35115E+00, 9.344749443E+02,2092,18,H0.1
Gauss1_10,25,H, 1.000E+00,scale, 1.000E-08, 1.000E-01, 1.000E-01,1,1,0,0,452, 1.36016E+00, 8.260352097E+02,1037,17,H1
Gauss1_10,25,H, 1.000E+00,scale, 1.000E-08, 1.000E-01, 1.000E-01,1,2,0,0,590, 1.88033E+00, 2.045694947E+01,1511,25,H1
Gauss1_10,25,H, 1.000E+00,scale, 1.000E-08, 1.000E-01, 1.000E-01,1,3,0,0,514, 1.99304E+00, 2.045650300E+01,1573,25,H1
Gauss1_10,25,H, 1.000E+00,scale, 1.000E-08, 1.000E-01, 1.000E-01,1,4,0,0,249, 3.44132E+00, 7.845680243E+02,2854,20,H1
Gauss1_10,25,H, 1.000E+00,scale, 1.000E-08, 1.000E-01, 1.000E-01,1,5,0,0,525, 1.96095E+00, 2.048743014E+01,1529,25,H1
Gauss1_10,25,H, 1.000E+00,scale, 1.000E-08, 1.000E-01, 1.000E-01,1,6,0,0,683, 3.03532E+00, 2.053915066E+01,3886,25,H1
Gauss1_10,25,H, 1.000E+00,scale, 1.000E-08, 1.000E-01, 1.000E-01,1,7,0,0,522, 2.43005E+00, 2.050397820E+01,2109,25,H1
Gauss1_10,25,H, 1.000E+00,scale, 1.000E-08, 1.000E-01, 1.000E-01,1,8,0,0,583, 3.07091E+00, 2.049511484E+01,2409,25,H1
Gauss1_10,25,H, 1.000E+00,scale, 1.000E-08, 1.000E-01, 1.000E-01,1,9,2,0,38, 1.80000E+03, 1.000000000E+99,535,0,H1
Gauss1_10,25,H, 1.000E+00,scale, 1.000E-08, 1.000E-01, 1.000E-01,1,10,0,0,145, 1.25508E+00, 7.845695475E+02,1603,21,H1
Gauss1_10,25,H, 1.000E+01,scale, 1.000E-08, 1.000E-01, 1.000E-01,1,1,1,0,10000, 2.23031E+01, 1.118941068E+03,12243,14,H10
Gauss1_10,25,H, 1.000E+01,scale, 1.000E-08, 1.000E-01, 1.000E-01,1,2,0,0,779, 2.48649E+00, 2.047889816E+01,1879,25,H10
Gauss1_10,25,H, 1.000E+01,scale, 1.000E-08, 1.000E-01, 1.000E-01,1,3,0,0,337, 1.83603E+00, 2.046883022E+01,1616,25,H10
Gauss1_10,25,H, 1.000E+01,scale, 1.000E-08, 1.000E-01, 1.000E-01,1,4,0,0,122, 1.64477E+00, 8.050421976E+02,1419,18,H10
Gauss1_10,25,H, 1.000E+01,scale, 1.000E-08, 1.000E-01, 1.000E-01,1,5,0,0,470, 1.73306E+00, 2.049241846E+01,1328,25,H10
Gauss1_10,25,H, 1.000E+01,scale, 1.000E-08, 1.000E-01, 1.000E-01,1,6,0,0,265, 1.82135E+00, 2.047146821E+01,1716,25,H10
Gauss1_10,25,H, 1.000E+01,scale, 1.000E-08, 1.000E-01, 1.000E-01,1,7,0,0,599, 2.82090E+00, 2.051160252E+01,2356,25,H10
Gauss1_10,25,H, 1.000E+01,scale, 1.000E-08, 1.000E-01, 1.000E-01,1,8,0,0,557, 2.88215E+00, 2.049995425E+01,2222,25,H10
Gauss1_10,25,H, 1.000E+01,scale, 1.000E-08, 1.000E-01, 1.000E-01,1,9,0,0,2247, 9.32551E+00, 8.025042687E+02,3689,21,H10
Gauss1_10,25,H, 1.000E+01,scale, 1.000E-08, 1.000E-01, 1.000E-01,1,10,0,0,540, 7.38461E+00, 7.846029151E+02,6088,22,H10
Gauss1_10,25,H, 1.000E+02,scale, 1.000E-08, 1.000E-01, 1.000E-01,1,1,1,0,10000, 3.54100E+01, 1.660626672E+03,20899,11,H100
Gauss1_10,25,H, 1.000E+02,scale, 1.000E-08, 1.000E-01, 1.000E-01,1,2,0,0,5329, 6.12752E+00, 2.047531738E+01,6660,25,H100
Gauss1_10,25,H, 1.000E+02,scale, 1.000E-08, 1.000E-01, 1.000E-01,1,3,0,0,574, 2.64385E+00, 2.048130419E+01,2197,25,H100
Gauss1_10,25,H, 1.000E+02,scale, 1.000E-08, 1.000E-01, 1.000E-01,1,4,0,0,3121, 2.80087E+01, 1.296846124E+03,19058,16,H100
Gauss1_10,25,H, 1.000E+02,scale, 1.000E-08, 1.000E-01, 1.000E-01,1,5,0,0,580, 2.43789E+00, 2.048169462E+01,1971,25,H100
Gauss1_10,25,H, 1.000E+02,scale, 1.000E-08, 1.000E-01, 1.000E-01,1,6,0,0,324, 3.07590E+00, 2.049636508E+01,2589,25,H100
Gauss1_10,25,H, 1.000E+02,scale, 1.000E-08, 1.000E-01, 1.000E-01,1,7,0,0,648, 3.42214E+00, 2.046659925E+01,2847,25,H100
Gauss1_10,25,H, 1.000E+02,scale, 1.000E-08, 1.000E-01, 1.000E-01,1,8,0,0,516, 2.80987E+00, 2.046961980E+01,2369,25,H100
Gauss1_10,25,H, 1.000E+02,scale, 1.000E-08, 1.000E-01, 1.000E-01,1,9,1,0,10000, 3.62112E+01, 1.787813873E+03,20463,12,H100
Gauss1_10,25,H, 1.000E+02,scale, 1.000E-08, 1.000E-01, 1.000E-01,1,10,0,0,3801, 3.45604E+01, 8.400818779E+02,19732,19,H100
Gauss1_10,25,H, 1.000E+00,scale, 1.000E-08, 1.000E-01, 1.000E-01,1,1,0,0,672, 2.24472E+00, 1.086418663E+03,1746,16,HA1
Gauss1_10,25,H, 1.000E+00,scale, 1.000E-08, 1.000E-01, 1.000E-01,1,2,0,0,569, 1.87286E+00, 2.047638650E+01,1534,25,HA1
Gauss1_10,25,H, 1.000E+00,scale, 1.000E-08, 1.000E-01, 1.000E-01,1,3,0,0,802, 3.00086E+00, 7.014732537E+02,2432,20,HA1
Gauss1_10,25,H, 1.000E+00,scale, 1.000E-08, 1.000E-01, 1.000E-01,1,4,0,0,3086, 9.75359E+00, 8.017730416E+02,7179,21,HA1
Gauss1_10,25,H, 1.000E+00,scale, 1.000E-08, 1.000E-01, 1.000E-01,1,5,0,0,556, 2.51628E+00, 2.047408837E+01,1821,25,HA1
Gauss1_10,25,H, 1.000E+00,scale, 1.000E-08, 1.000E-01, 1.000E-01,1,6,0,0,725, 3.46033E+00, 2.050121438E+01,4313,25,HA1
Gauss1_10,25,H, 1.000E+00,scale, 1.000E-08, 1.000E-01, 1.000E-01,1,7,0,0,570, 3.20589E+00, 2.051749018E+01,2482,25,HA1
Gauss1_10,25,H, 1.000E+00,scale, 1.000E-08, 1.000E-01, 1.000E-01,1,8,0,0,1143, 2.78805E+00, 2.048729341E+01,3172,25,HA1
Gauss1_10,25,H, 1.000E+00,scale, 1.000E-08, 1.000E-01, 1.000E-01,1,9,0,0,125, 1.98643E+00, 7.845950467E+02,1614,21,HA1
Gauss1_10,25,H, 1.000E+00,scale, 1.000E-08, 1.000E-01, 1.000E-01,1,10,0,0,435, 3.62722E+00, 2.046012986E+01,4304,25,HA1
Gauss1_10,25,H, 1.000E+00,scale, 1.000E-08, 1.000E-01, 1.000E-01,1,1,0,1,276, 2.09747E+00, 7.845960455E+02,1636,20,HA10
Gauss1_10,25,H, 1.000E+00,scale, 1.000E-08, 1.000E-01, 1.000E-01,1,2,0,0,743, 2.52766E+00, 2.046307323E+01,2100,25,HA10
Gauss1_10,25,H, 1.000E+00,scale, 1.000E-08, 1.000E-01, 1.000E-01,1,3,0,0,663, 4.42119E+00, 2.046390685E+01,3658,25,HA10
Gauss1_10,25,H, 1.000E+00,scale, 1.000E-08, 1.000E-01, 1.000E-01,1,4,0,0,719, 2.64440E+00, 8.025005763E+02,1866,21,HA10
Gauss1_10,25,H, 1.000E+00,scale, 1.000E-08, 1.000E-01, 1.000E-01,1,5,0,0,555, 2.09287E+00, 2.046985217E+01,1778,25,HA10
Gauss1_10,25,H, 1.000E+00,scale, 1.000E-08, 1.000E-01, 1.000E-01,1,6,0,1,387, 2.49630E+00, 2.048388664E+01,3412,25,HA10
Gauss1_10,25,H, 1.000E+00,scale, 1.000E-08, 1.000E-01, 1.000E-01,1,7,0,0,513, 2.43042E+00, 2.045998334E+01,2136,25,HA10
Gauss1_10,25,H, 1.000E+00,scale, 1.000E-08, 1.000E-01, 1.000E-01,1,8,0,0,1395, 3.59708E+00, 2.046452819E+01,3945,25,HA10
Gauss1_10,25,H, 1.000E+00,scale, 1.000E-08, 1.000E-01, 1.000E-01,1,9,0,0,1019, 9.47691E+00, 8.259795578E+02,7119,18,HA10
Gauss1_10,25,H, 1.000E+00,scale, 1.000E-08, 1.000E-01, 1.000E-01,1,10,0,0,702, 3.58002E+00, 2.050926106E+01,4185,25,HA10
Gauss1_10,25,H, 1.000E+00,scale, 1.000E-08, 1.000E-01, 1.000E-01,1,1,1,0,10000, 2.09688E+01, 1.118914982E+03,12185,14,HA100
Gauss1_10,25,H, 1.000E+00,scale, 1.000E-08, 1.000E-01, 1.000E-01,1,2,0,0,1019, 2.83704E+00, 2.049234931E+01,2150,25,HA100
Gauss1_10,25,H, 1.000E+00,scale, 1.000E-08, 1.000E-01, 1.000E-01,1,3,0,0,878, 7.52654E+00, 2.046287835E+01,6315,25,HA100
Gauss1_10,25,H, 1.000E+00,scale, 1.000E-08, 1.000E-01, 1.000E-01,1,4,0,0,952, 9.89885E+00, 1.296378253E+03,9541,16,HA100
Gauss1_10,25,H, 1.000E+00,scale, 1.000E-08, 1.000E-01, 1.000E-01,1,5,0,0,568, 2.66030E+00, 2.050802296E+01,2230,25,HA100
Gauss1_10,25,H, 1.000E+00,scale, 1.000E-08, 1.000E-01, 1.000E-01,1,6,0,0,610, 2.26851E+00, 2.050359937E+01,3019,25,HA100
Gauss1_10,25,H, 1.000E+00,scale, 1.000E-08, 1.000E-01, 1.000E-01,1,7,0,0,614, 3.14420E+00, 2.047684429E+01,2631,25,HA100
Gauss1_10,25,H, 1.000E+00,scale, 1.000E-08, 1.000E-01, 1.000E-01,1,8,0,0,592, 2.18361E+00, 2.049053596E+01,2495,25,HA100
Gauss1_10,25,H, 1.000E+00,scale, 1.000E-08, 1.000E-01, 1.000E-01,1,9,0,0,642, 3.28001E+00, 2.053266687E+01,3220,25,HA100
Gauss1_10,25,H, 1.000E+00,scale, 1.000E-08, 1.000E-01, 1.000E-01,1,10,0,0,680, 8.85527E+00, 2.048207298E+01,6838,25,HA100
Gauss1_10,25,H, 1.000E+00,clip, 1.000E-08, 1.000E-01, 1.000E-01,1,1,0,0,92, 1.44854E+00, 7.230761571E+02,1127,20,Hc1
Gauss1_10,25,H, 1.000E+00,clip, 1.000E-08, 1.000E-01, 1.000E-01,1,2,0,0,163, 1.55035E+00, 2.048615012E+01,1093,25,Hc1
Gauss1_10,25,H, 1.000E+00,clip, 1.000E-08, 1.000E-01, 1.000E-01,1,3,0,0,294, 2.74095E+00, 2.047276687E+01,2282,25,Hc1
Gauss1_10,25,H, 1.000E+00,clip, 1.000E-08, 1.000E-01, 1.000E-01,1,4,0,0,356, 2.47810E+00, 7.922065335E+02,1982,18,Hc1
Gauss1_10,25,H, 1.000E+00,clip, 1.000E-08, 1.000E-01, 1.000E-01,1,5,0,0,881, 3.26042E+00, 2.046910752E+01,2373,25,Hc1
Gauss1_10,25,H, 1.000E+00,clip, 1.000E-08, 1.000E-01, 1.000E-01,1,6,0,0,414, 3.42172E+00, 2.047732287E+01,2813,25,Hc1
Gauss1_10,25,H, 1.000E+00,clip, 1.000E-08, 1.000E-01, 1.000E-01,1,7,0,0,1023, 4.51213E+00, 2.047087355E+01,3365,25,Hc1
Gauss1_10,25,H, 1.000E+00,clip, 1.000E-08, 1.000E-01, 1.000E-01,1,8,0,0,1011, 4.31490E+00, 2.047597791E+01,3069,25,Hc1
Gauss1_10,25,H, 1.000E+00,clip, 1.000E-08, 1.000E-01, 1.000E-01,1,9,0,0,136, 1.87423E+00, 7.845510255E+02,1468,21,Hc1
Gauss1_10,25,H, 1.000E+00,clip, 1.000E-08, 1.000E-01, 1.000E-01,1,10,1,0,10000, 2.49105E+01, 8.460346152E+02,11465,16,Hc1
Gauss1_10,25,H, 1.000E+01,clip, 1.000E-08, 1.000E-01, 1.000E-01,1,1,0,0,283, 2.07364E+00, 4.138606731E+02,1688,24,Hc10
Gauss1_10,25,H, 1.000E+01,clip, 1.000E-08, 1.000E-01, 1.000E-01,1,2,0,0,823, 2.79632E+00, 2.049471437E+01,2109,25,Hc10
Gauss1_10,25,H, 1.000E+01,clip, 1.000E-08, 1.000E-01, 1.000E-01,1,3,0,0,1070, 5.14534E+00, 2.047785369E+01,4047,25,Hc10
Gauss1_10,25,H, 1.000E+01,clip, 1.000E-08, 1.000E-01, 1.000E-01,1,4,0,0,213, 2.78086E+00, 7.845464392E+02,2287,20,Hc10
Gauss1_10,25,H, 1.000E+01,clip, 1.000E-08, 1.000E-01, 1.000E-01,1,5,0,0,1107, 5.33364E+00, 2.049226066E+01,3941,25,Hc10
Gauss1_10,25,H, 1.000E+01,clip, 1.000E-08, 1.000E-01, 1.000E-01,1,6,0,0,319, 2.05896E+00, 2.049059182E+01,1749,25,Hc10
Gauss1_10,25,H, 1.000E+01,clip, 1.000E-08, 1.000E-01, 1.000E-01,1,7,0,0,1129, 5.25493E+00, 2.048410235E+01,4219,25,Hc10
Gauss1_10,25,H, 1.000E+01,clip, 1.000E-08, 1.000E-01, 1.000E-01,1,8,0,0,1211, 6.07214E+00, 2.048969639E+01,5076,25,Hc10
Gauss1_10,25,H, 1.000E+01,clip, 1.000E-08, 1.000E-01, 1.000E-01,1,9,0,0,724, 3.45000E+00, 2.046114695E+01,2516,25,Hc10
Gauss1_10,25,H, 1.000E+01,clip, 1.000E-08, 1.000E-01, 1.000E-01,1,10,1,0,10000, 4.82114E+01, 7.835668023E+02,10880,21,Hc10
Gauss1_10,25,QN, 1.000E+04,scale, 1.000E-08, 1.000E-01, 1.000E-01,1,1,0,0,65, 1.09365E+00, 7.969329507E+02,880,19,QN
Gauss1_10,25,QN, 1.000E+04,scale, 1.000E-08, 1.000E-01, 1.000E-01,1,2,0,0,526, 1.84894E+00, 2.048085283E+01,1378,25,QN
Gauss1_10,25,QN, 1.000E+04,scale, 1.000E-08, 1.000E-01, 1.000E-01,1,3,0,0,490, 2.10451E+00, 2.048361466E+01,1520,25,QN
Gauss1_10,25,QN, 1.000E+04,scale, 1.000E-08, 1.000E-01, 1.000E-01,1,4,0,0,226, 3.32012E+00, 7.845395073E+02,2600,20,QN
Gauss1_10,25,QN, 1.000E+04,scale, 1.000E-08, 1.000E-01, 1.000E-01,1,5,0,0,538, 2.61598E+00, 2.045963363E+01,1990,25,QN
Gauss1_10,25,QN, 1.000E+04,scale, 1.000E-08, 1.000E-01, 1.000E-01,1,6,0,0,637, 4.32814E+00, 2.050579299E+01,3470,25,QN
Gauss1_10,25,QN, 1.000E+04,scale, 1.000E-08, 1.000E-01, 1.000E-01,1,7,0,0,641, 4.01469E+00, 2.047077215E+01,3198,25,QN
Gauss1_10,25,QN, 1.000E+04,scale, 1.000E-08, 1.000E-01, 1.000E-01,1,8,0,0,511, 2.22597E+00, 2.051045481E+01,1588,25,QN
Gauss1_10,25,QN, 1.000E+04,scale, 1.000E-08, 1.000E-01, 1.000E-01,1,9,0,0,397, 3.93192E+00, 2.052752044E+01,3327,25,QN
Gauss1_10,25,QN, 1.000E+04,scale, 1.000E-08, 1.000E-01, 1.000E-01,1,10,0,0,85, 1.26734E+00, 8.337726236E+02,1089,20,QN
Gauss1_10,25,0, 1.000E+00,scale, 1.000E-08, 1.000E-01, 1.000E-01,2,1,0,0,332, 2.53237E+00, 2.047320850E+01,3395,25,FO
Gauss1_10,25,0, 1.000E+00,scale, 1.000E-08, 1.000E-01, 1.000E-01,2,2,0,0,257, 1.31976E+00, 2.046386798E+01,1798,25,FO
Gauss1_10,25,0, 1.000E+00,scale, 1.000E-08, 1.000E-01, 1.000E-01,2,3,0,0,447, 1.10268E+00, 2.045672341E+01,1175,25,FO
Gauss1_10,25,0, 1.000E+00,scale, 1.000E-08, 1.000E-01, 1.000E-01,2,4,0,0,253, 8.22518E-01, 2.046571592E+01,1149,25,FO
Gauss1_10,25,0, 1.000E+00,scale, 1.000E-08, 1.000E-01, 1.000E-01,2,5,0,0,236, 1.07687E+00, 2.049945077E+01,1513,25,FO
Gauss1_10,25,0, 1.000E+00,scale, 1.000E-08, 1.000E-01, 1.000E-01,2,6,0,0,688, 3.10785E+00, 2.051381528E+01,4034,25,FO
Gauss1_10,25,0, 1.000E+00,scale, 1.000E-08, 1.000E-01, 1.000E-01,2,7,0,0,311, 1.62546E+00, 2.046678635E+01,2344,25,FO
Gauss1_10,25,0, 1.000E+00,scale, 1.000E-08, 1.000E-01, 1.000E-01,2,8,0,0,508, 3.65514E+00, 2.051108971E+01,5020,25,FO
Gauss1_10,25,0, 1.000E+00,scale, 1.000E-08, 1.000E-01, 1.000E-01,2,9,0,0,366, 2.05464E+00, 2.049326351E+01,2829,25,FO
Gauss1_10,25,0, 1.000E+00,scale, 1.000E-08, 1.000E-01, 1.000E-01,2,10,0,0,208, 8.84614E-01, 2.047701513E+01,1115,25,FO
Gauss1_10,25,GN, 1.000E+04,scale, 1.000E-08, 1.000E-01, 1.000E-01,2,1,0,0,259, 1.63181E+00, 2.048494953E+01,2026,25,GN
Gauss1_10,25,GN, 1.000E+04,scale, 1.000E-08, 1.000E-01, 1.000E-01,2,2,0,0,235, 1.60588E+00, 2.048123059E+01,1585,25,GN
Gauss1_10,25,GN, 1.000E+04,scale, 1.000E-08, 1.000E-01, 1.000E-01,2,3,0,0,452, 1.09298E+00, 2.046875176E+01,1367,25,GN
Gauss1_10,25,GN, 1.000E+04,scale, 1.000E-08, 1.000E-01, 1.000E-01,2,4,0,0,140, 5.54449E-01, 2.046058189E+01,732,25,GN
Gauss1_10,25,GN, 1.000E+04,scale, 1.000E-08, 1.000E-01, 1.000E-01,2,5,0,0,315, 1.80580E+00, 2.050138979E+01,2419,25,GN
Gauss1_10,25,GN, 1.000E+04,scale, 1.000E-08, 1.000E-01, 1.000E-01,2,6,0,0,408, 2.87347E+00, 2.049740083E+01,3659,25,GN
Gauss1_10,25,GN, 1.000E+04,scale, 1.000E-08, 1.000E-01, 1.000E-01,2,7,0,0,472, 2.93635E+00, 2.047695916E+01,3972,25,GN
Gauss1_10,25,GN, 1.000E+04,scale, 1.000E-08, 1.000E-01, 1.000E-01,2,8,0,0,540, 4.14774E+00, 2.047969180E+01,5372,25,GN
Gauss1_10,25,GN, 1.000E+04,scale, 1.000E-08, 1.000E-01, 1.000E-01,2,9,0,0,583, 1.88285E+00, 2.049762532E+01,2413,25,GN
Gauss1_10,25,GN, 1.000E+04,scale, 1.000E-08, 1.000E-01, 1.000E-01,2,10,0,0,235, 1.10831E+00, 2.047182850E+01,1387,25,GN
Gauss1_10,25,GN, 1.000E+00,scale, 1.000E-08, 1.000E-01, 1.000E-01,2,1,0,0,343, 2.52440E+00, 2.051438103E+01,3106,25,GN1
Gauss1_10,25,GN, 1.000E+00,scale, 1.000E-08, 1.000E-01, 1.000E-01,2,2,0,0,257, 1.49216E+00, 2.046365750E+01,1798,25,GN1
Gauss1_10,25,GN, 1.000E+00,scale, 1.000E-08, 1.000E-01, 1.000E-01,2,3,0,0,447, 1.23963E+00, 2.045679841E+01,1175,25,GN1
Gauss1_10,25,GN, 1.000E+00,scale, 1.000E-08, 1.000E-01, 1.000E-01,2,4,0,0,257, 8.86100E-01, 2.046568532E+01,1158,25,GN1
Gauss1_10,25,GN, 1.000E+00,scale, 1.000E-08, 1.000E-01, 1.000E-01,2,5,0,0,236, 1.22032E+00, 2.049936853E+01,1513,25,GN1
Gauss1_10,25,GN, 1.000E+00,scale, 1.000E-08, 1.000E-01, 1.000E-01,2,6,0,0,371, 2.86381E+00, 2.049945248E+01,3396,25,GN1
Gauss1_10,25,GN, 1.000E+00,scale, 1.000E-08, 1.000E-01, 1.000E-01,2,7,0,0,322, 1.96634E+00, 2.049104675E+01,2454,25,GN1
Gauss1_10,25,GN, 1.000E+00,scale, 1.000E-08, 1.000E-01, 1.000E-01,2,8,0,0,535, 4.21696E+00, 2.046182472E+01,5365,25,GN1
Gauss1_10,25,GN, 1.000E+00,scale, 1.000E-08, 1.000E-01, 1.000E-01,2,9,0,0,366, 2.30376E+00, 2.049312306E+01,2829,25,GN1
Gauss1_10,25,GN, 1.000E+00,scale, 1.000E-08, 1.000E-01, 1.000E-01,2,10,0,0,208, 9.75786E-01, 2.047659369E+01,1115,25,GN1
Gauss1_10,25,H, 1.000E+04,scale, 1.000E-08, 1.000E-01, 1.000E-01,2,1,1,0,10000, 6.70287E+01, 5.346167400E+02,68248,24,H
Gauss1_10,25,H, 1.000E+04,scale, 1.000E-08, 1.000E-01, 1.000E-01,2,2,0,0,3791, 3.50788E+01, 2.050036287E+01,41004,25,H
Gauss1_10,25,H, 1.000E+04,scale, 1.000E-08, 1.000E-01, 1.000E-01,2,3,0,0,868, 4.33467E+00, 2.046710494E+01,5528,25,H
Gauss1_10,25,H, 1.000E+04,scale, 1.000E-08, 1.000E-01, 1.000E-01,2,4,1,0,10000, 7.02814E+01, 2.217152636E+02,78388,25,H
Gauss1_10,25,H, 1.000E+04,scale, 1.000E-08, 1.000E-01, 1.000E-01,2,5,0,0,4041, 2.95162E+01, 2.049425262E+01,33024,25,H
Gauss1_10,25,H, 1.000E+04,scale, 1.000E-08, 1.000E-01, 1.000E-01,2,6,1,0,10000, 4.98712E+01, 5.354304344E+02,51990,24,H
Gauss1_10,25,H, 1.000E+04,scale, 1.000E-08, 1.000E-01, 1.000E-01,2,7,0,0,2233, 9.92594E+00, 2.046728484E+01,12834,25,H
Gauss1_10,25,H, 1.000E+04,scale, 1.000E-08, 1.000E-01, 1.000E-01,2,8,0,0,4290, 5.09961E+01, 2.050239674E+01,49079,25,H
Gauss1_10,25,H, 1.000E+04,scale, 1.000E-08, 1.000E-01, 1.000E-01,2,9,0,0,7067, 5.53605E+01, 2.048516669E+01,61835,25,H
Gauss1_10,25,H, 1.000E+04,scale, 1.000E-08, 1.000E-01, 1.000E-01,2,10,0,0,2571, 1.44628E+01, 2.052109566E+01,16838,25,H
Gauss1_10,25,H, 1.000E-01,scale, 1.000E-08, 1.000E-01, 1.000E-01,2,1,0,0,254, 2.07554E+00, 2.046670189E+01,2521,25,H0.1
Gauss1_10,25,H, 1.000E-01,scale, 1.000E-08, 1.000E-01, 1.000E-01,2,2,0,0,243, 1.40568E+00, 2.048947970E+01,1697,25,H0.1
Gauss1_10,25,H, 1.000E-01,scale, 1.000E-08, 1.000E-01, 1.000E-01,2,3,0,0,473, 1.70903E+00, 2.045903562E+01,1422,25,H0.1
Gauss1_10,25,H, 1.000E-01,scale, 1.000E-08, 1.000E-01, 1.000E-01,2,4,0,0,134, 7.62628E-01, 2.047400390E+01,943,25,H0.1
Gauss1_10,25,H, 1.000E-01,scale, 1.000E-08, 1.000E-01, 1.000E-01,2,5,0,0,429, 3.30988E+00, 2.047468594E+01,3968,25,H0.1
Gauss1_10,25,H, 1.000E-01,scale, 1.000E-08, 1.000E-01, 1.000E-01,2,6,0,0,257, 1.68707E+00, 2.050235943E+01,2040,25,H0.1
Gauss1_10,25,H, 1.000E-01,scale, 1.000E-08, 1.000E-01, 1.000E-01,2,7,0,0,319, 1.88627E+00, 2.054014042E+01,2316,25,H0.1
Gauss1_10,25,H, 1.000E-01,scale, 1.000E-08, 1.000E-01, 1.000E-01,2,8,0,0,389, 2.84328E+00, 2.049990044E+01,3361,25,H0.1
Gauss1_10,25,H, 1.000E-01,scale, 1.000E-08, 1.000E-01, 1.000E-01,2,9,0,0,301, 1.74015E+00, 2.048051132E+01,2199,25,H0.1
Gauss1_10,25,H, 1.000E-01,scale, 1.000E-08, 1.000E-01, 1.000E-01,2,10,0,0,236, 1.14901E+00, 2.052245079E+01,1395,25,H0.1
Gauss1_10,25,H, 1.000E+00,scale, 1.000E-08, 1.000E-01, 1.000E-01,2,1,0,0,252, 1.48287E+00, 2.046149225E+01,1950,25,H1
Gauss1_10,25,H, 1.000E+00,scale, 1.000E-08, 1.000E-01, 1.000E-01,2,2,0,0,376, 1.42518E+00, 2.047891053E+01,1923,25,H1
Gauss1_10,25,H, 1.000E+00,scale, 1.000E-08, 1.000E-01, 1.000E-01,2,3,0,0,437, 1.29858E+00, 2.052797041E+01,1405,25,H1
Gauss1_10,25,H, 1.000E+00,scale, 1.000E-08, 1.000E-01, 1.000E-01,2,4,0,0,224, 1.46251E+00, 2.047003911E+01,1826,25,H1
Gauss1_10,25,H, 1.000E+00,scale, 1.000E-08, 1.000E-01, 1.000E-01,2,5,0,0,240, 1.43713E+00, 2.048596996E+01,1606,25,H1
Gauss1_10,25,H, 1.000E+00,scale, 1.000E-08, 1.000E-01, 1.000E-01,2,6,0,0,586, 2.19987E+00, 2.046778154E+01,2663,25,H1
Gauss1_10,25,H, 1.000E+00,scale, 1.000E-08, 1.000E-01, 1.000E-01,2,7,0,0,613, 2.19186E+00, 2.050230639E+01,2905,25,H1
Gauss1_10,25,H, 1.000E+00,scale, 1.000E-08, 1.000E-01, 1.000E-01,2,8,0,0,388, 2.03040E+00, 2.051764910E+01,2672,25,H1
Gauss1_10,25,H, 1.000E+00,scale, 1.000E-08, 1.000E-01, 1.000E-01,2,9,0,0,431, 2.74133E+00, 2.051159566E+01,3777,25,H1
Gauss1_10,25,H, 1.000E+00,scale, 1.000E-08, 1.000E-01, 1.000E-01,2,10,0,0,254, 1.07172E+00, 2.050390029E+01,1406,25,H1
Gauss1_10,25,H, 1.000E+01,scale, 1.000E-08, 1.000E-01, 1.000E-01,2,1,0,0,226, 1.80000E+00, 2.047872878E+01,1964,25,H10
Gauss1_10,25,H, 1.000E+01,scale, 1.000E-08, 1.000E-01, 1.000E-01,2,2,0,0,364, 2.72487E+00, 2.049153144E+01,3406,25,H10
Gauss1_10,25,H, 1.000E+01,scale, 1.000E-08, 1.000E-01, 1.000E-01,2,3,0,0,507, 1.52311E+00, 2.048704198E+01,1640,25,H10
Gauss1_10,25,H, 1.000E+01,scale, 1.000E-08, 1.000E-01, 1.000E-01,2,4,0,0,629, 2.22343E+00, 2.047273815E+01,3043,25,H10
Gauss1_10,25,H, 1.000E+01,scale, 1.000E-08, 1.000E-01, 1.000E-01,2,5,0,0,269, 1.58734E+00, 2.047434092E+01,2047,25,H10
Gauss1_10,25,H, 1.000E+01,scale, 1.000E-08, 1.000E-01, 1.000E-01,2,6,0,0,466, 2.15747E+00, 2.046382270E+01,2850,25,H10
Gauss1_10,25,H, 1.000E+01,scale, 1.000E-08, 1.000E-01, 1.000E-01,2,7,0,0,387, 2.15573E+00, 2.049464501E+01,2938,25,H10
Gauss1_10,25,H, 1.000E+01,scale, 1.000E-08, 1.000E-01, 1.000E-01,2,8,0,0,812, 4.20921E+00, 2.051808652E+01,5210,25,H10
Gauss1_10,25,H, 1.000E+01,scale, 1.000E-08, 1.000E-01, 1.000E-01,2,9,0,0,537, 2.00426E+00, 2.049524026E+01,2662,25,H10
Gauss1_10,25,H, 1.000E+01,scale, 1.000E-08, 1.000E-01, 1.000E-01,2,10,0,0,238, 1.50115E+00, 2.050304003E+01,1496,25,H10
Gauss1_10,25,H, 1.000E+02,scale, 1.000E-08, 1.000E-01, 1.000E-01,2,1,0,0,317, 3.41442E+00, 2.049288155E+01,2812,25,H100
Gauss1_10,25,H, 1.000E+02,scale, 1.000E-08, 1.000E-01, 1.000E-01,2,2,0,0,313, 2.92507E+00, 2.045614832E+01,2530,25,H100
Gauss1_10,25,H, 1.000E+02,scale, 1.000E-08, 1.000E-01, 1.000E-01,2,3,0,0,526, 2.40352E+00, 2.048584973E+01,1809,25,H100
Gauss1_10,25,H, 1.000E+02,scale, 1.000E-08, 1.000E-01, 1.000E-01,2,4,0,0,308, 2.88972E+00, 2.051550296E+01,2441,25,H100
Gauss1_10,25,H, 1.000E+02,scale, 1.000E-08, 1.000E-01, 1.000E-01,2,5,0,0,358, 3.55181E+00, 2.051827727E+01,2938,25,H100
Gauss1_10,25,H, 1.000E+02,scale, 1.000E-08, 1.000E-01, 1.000E-01,2,6,0,0,284, 3.09397E+00, 2.049989008E+01,2537,25,H100
Gauss1_10,25,H, 1.000E+02,scale, 1.000E-08, 1.000E-01, 1.000E-01,2,7,0,0,443, 1.14757E+00, 4.637616288E+02,774,24,H100
Gauss1_10,25,H, 1.000E+02,scale, 1.000E-08, 1.000E-01, 1.000E-01,2,8,0,0,593, 6.61369E+00, 2.050242025E+01,5070,25,H100
Gauss1_10,25,H, 1.000E+02,scale, 1.000E-08, 1.000E-01, 1.000E-01,2,9,0,0,872, 7.16337E+00, 2.049261822E+01,5840,25,H100
Gauss1_10,25,H, 1.000E+02,scale, 1.000E-08, 1.000E-01, 1.000E-01,2,10,0,0,303, 2.69213E+00, 2.050483927E+01,2343,25,H100
Gauss1_10,25,H, 1.000E+00,scale, 1.000E-08, 1.000E-01, 1.000E-01,2,1,0,0,275, 1.96333E+00, 2.049050138E+01,2640,25,HA1
Gauss1_10,25,H, 1.000E+00,scale, 1.000E-08, 1.000E-01, 1.000E-01,2,2,0,0,238, 1.11324E+00, 2.051830443E+01,1555,25,HA1
Gauss1_10,25,H, 1.000E+00,scale, 1.000E-08, 1.000E-01, 1.000E-01,2,3,0,0,509, 1.25320E+00, 2.047990109E+01,1304,25,HA1
Gauss1_10,25,H, 1.000E+00,scale, 1.000E-08, 1.000E-01, 1.000E-01,2,4,0,0,381, 1.28950E+00, 2.046459218E+01,1754,25,HA1
Gauss1_10,25,H, 1.000E+00,scale, 1.000E-08, 1.000E-01, 1.000E-01,2,5,0,0,276, 2.03627E+00, 2.047697777E+01,1983,25,HA1
Gauss1_10,25,H, 1.000E+00,scale, 1.000E-08, 1.000E-01, 1.000E-01,2,6,0,0,522, 1.80485E+00, 2.053389989E+01,2362,25,HA1
Gauss1_10,25,H, 1.000E+00,scale, 1.000E-08, 1.000E-01, 1.000E-01,2,7,0,0,38, 4.30805E-01, 4.637457132E+02,413,24,HA1
Gauss1_10,25,H, 1.000E+00,scale, 1.000E-08, 1.000E-01, 1.000E-01,2,8,0,0,377, 4.00549E+00, 2.046623732E+01,3463,25,HA1
Gauss1_10,25,H, 1.000E+00,scale, 1.000E-08, 1.000E-01, 1.000E-01,2,9,0,0,691, 2.71063E+00, 2.050755079E+01,3637,25,HA1
Gauss1_10,25,H, 1.000E+00,scale, 1.000E-08, 1.000E-01, 1.000E-01,2,10,0,0,228, 1.32415E+00, 2.049371660E+01,1416,25,HA1
Gauss1_10,25,H, 1.000E+00,scale, 1.000E-08, 1.000E-01, 1.000E-01,2,1,0,0,435, 3.27203E+00, 2.045834033E+01,4187,25,HA10
Gauss1_10,25,H, 1.000E+00,scale, 1.000E-08, 1.000E-01, 1.000E-01,2,2,0,0,277, 1.96383E+00, 2.051464376E+01,1896,25,HA10
Gauss1_10,25,H, 1.000E+00,scale, 1.000E-08, 1.000E-01, 1.000E-01,2,3,0,1,522, 1.89125E+00, 2.048477914E+01,1564,25,HA10
Gauss1_10,25,H, 1.000E+00,scale, 1.000E-08, 1.000E-01, 1.000E-01,2,4,0,0,291, 1.58672E+00, 2.051848708E+01,2020,25,HA10
Gauss1_10,25,H, 1.000E+00,scale, 1.000E-08, 1.000E-01, 1.000E-01,2,5,0,0,257, 2.27593E+00, 2.052963891E+01,2240,25,HA10
Gauss1_10,25,H, 1.000E+00,scale, 1.000E-08, 1.000E-01, 1.000E-01,2,6,0,0,244, 2.18231E+00, 2.046497643E+01,1973,25,HA10
Gauss1_10,25,H, 1.000E+00,scale, 1.000E-08, 1.000E-01, 1.000E-01,2,7,0,0,535, 4.61596E+00, 2.045967755E+01,4777,25,HA10
Gauss1_10,25,H, 1.000E+00,scale, 1.000E-08, 1.000E-01, 1.000E-01,2,8,0,0,555, 3.98222E+00, 2.049470781E+01,5180,25,HA10
Gauss1_10,25,H, 1.000E+00,scale, 1.000E-08, 1.000E-01, 1.000E-01,2,9,0,0,572, 2.91083E+00, 2.053667746E+01,2918,25,HA10
Gauss1_10,25,H, 1.000E+00,scale, 1.000E-08, 1.000E-01, 1.000E-01,2,10,0,0,240, 2.03126E+00, 2.050241699E+01,1644,25,HA10
Gauss1_10,25,H, 1.000E+00,scale, 1.000E-08, 1.000E-01, 1.000E-01,2,1,0,0,822, 6.05895E+00, 2.050382658E+01,7629,25,HA100
Gauss1_10,25,H, 1.000E+00,scale, 1.000E-08, 1.000E-01, 1.000E-01,2,2,0,0,288, 1.86346E+00, 2.049552122E+01,2238,25,HA100
Gauss1_10,25,H, 1.000E+00,scale, 1.000E-08, 1.000E-01, 1.000E-01,2,3,0,0,514, 1.74409E+00, 2.047238896E+01,1361,25,HA100
Gauss1_10,25,H, 1.000E+00,scale, 1.000E-08, 1.000E-01, 1.000E-01,2,4,0,0,236, 1.21574E+00, 2.046571554E+01,1544,25,HA100
Gauss1_10,25,H, 1.000E+00,scale, 1.000E-08, 1.000E-01, 1.000E-01,2,5,0,0,292, 2.35738E+00, 2.050633966E+01,1957,25,HA100
Gauss1_10,25,H, 1.000E+00,scale, 1.000E-08, 1.000E-01, 1.000E-01,2,6,0,0,263, 1.73888E+00, 2.049414734E+01,2079,25,HA100
Gauss1_10,25,H, 1.000E+00,scale, 1.000E-08, 1.000E-01, 1.000E-01,2,7,0,0,337, 2.76571E+00, 2.050308569E+01,2570,25,HA100
Gauss1_10,25,H, 1.000E+00,scale, 1.000E-08, 1.000E-01, 1.000E-01,2,8,0,1,1914, 1.61100E+01, 2.051181147E+01,17000,25,HA100
Gauss1_10,25,H, 1.000E+00,scale, 1.000E-08, 1.000E-01, 1.000E-01,2,9,0,0,575, 3.46850E+00, 2.049978260E+01,3234,25,HA100
Gauss1_10,25,H, 1.000E+00,scale, 1.000E-08, 1.000E-01, 1.000E-01,2,10,0,0,291, 2.29563E+00, 2.049602101E+01,2079,25,HA100
Gauss1_10,25,H, 1.000E+00,clip, 1.000E-08, 1.000E-01, 1.000E-01,2,1,0,0,391, 3.70314E+00, 2.046838388E+01,3232,25,Hc1
Gauss1_10,25,H, 1.000E+00,clip, 1.000E-08, 1.000E-01, 1.000E-01,2,2,0,0,315, 2.01416E+00, 2.047673314E+01,1623,25,Hc1
Gauss1_10,25,H, 1.000E+00,clip, 1.000E-08, 1.000E-01, 1.000E-01,2,3,0,0,880, 2.51882E+00, 2.048224730E+01,1965,25,Hc1
Gauss1_10,25,H, 1.000E+00,clip, 1.000E-08, 1.000E-01, 1.000E-01,2,4,0,0,184, 1.18852E+00, 2.047550283E+01,1050,25,Hc1
Gauss1_10,25,H, 1.000E+00,clip, 1.000E-08, 1.000E-01, 1.000E-01,2,5,0,0,495, 4.00258E+00, 2.049258408E+01,3689,25,Hc1
Gauss1_10,25,H, 1.000E+00,clip, 1.000E-08, 1.000E-01, 1.000E-01,2,6,0,0,890, 3.11254E+00, 2.048470292E+01,2449,25,Hc1
Gauss1_10,25,H, 1.000E+00,clip, 1.000E-08, 1.000E-01, 1.000E-01,2,7,0,0,135, 2.14993E+00, 8.337809680E+02,1785,22,Hc1
Gauss1_10,25,H, 1.000E+00,clip, 1.000E-08, 1.000E-01, 1.000E-01,2,8,0,0,349, 2.31030E+00, 2.049250808E+01,2063,25,Hc1
Gauss1_10,25,H, 1.000E+00,clip, 1.000E-08, 1.000E-01, 1.000E-01,2,9,0,0,352, 2.66943E+00, 2.045812809E+01,2489,25,Hc1
Gauss1_10,25,H, 1.000E+00,clip, 1.000E-08, 1.000E-01, 1.000E-01,2,10,0,0,343, 2.26087E+00, 2.049239295E+01,1986,25,Hc1
Gauss1_10,25,H, 1.000E+01,clip, 1.000E-08, 1.000E-01, 1.000E-01,2,1,0,0,455, 4.03062E+00, 2.048066172E+01,4614,25,Hc10
Gauss1_10,25,H, 1.000E+01,clip, 1.000E-08, 1.000E-01, 1.000E-01,2,2,0,0,296, 1.37246E+00, 2.048780827E+01,1714,25,Hc10
Gauss1_10,25,H, 1.000E+01,clip, 1.000E-08, 1.000E-01, 1.000E-01,2,3,0,0,1008, 2.64312E+00, 2.046718407E+01,2845,25,Hc10
Gauss1_10,25,H, 1.000E+01,clip, 1.000E-08, 1.000E-01, 1.000E-01,2,4,0,0,628, 1.64242E+00, 2.046045544E+01,1629,25,Hc10
Gauss1_10,25,H, 1.000E+01,clip, 1.000E-08, 1.000E-01, 1.000E-01,2,5,0,0,512, 3.15195E+00, 2.047916664E+01,3765,25,Hc10
Gauss1_10,25,H, 1.000E+01,clip, 1.000E-08, 1.000E-01, 1.000E-01,2,6,0,0,958, 3.00867E+00, 2.048233518E+01,3181,25,Hc10
Gauss1_10,25,H, 1.000E+01,clip, 1.000E-08, 1.000E-01, 1.000E-01,2,7,0,0,1042, 3.15524E+00, 2.045863434E+01,3507,25,Hc10
Gauss1_10,25,H, 1.000E+01,clip, 1.000E-08, 1.000E-01, 1.000E-01,2,8,0,0,331, 1.47903E+00, 2.048185804E+01,1804,25,Hc10
Gauss1_10,25,H, 1.000E+01,clip, 1.000E-08, 1.000E-01, 1.000E-01,2,9,0,0,441, 2.70932E+00, 2.047706075E+01,2913,25,Hc10
Gauss1_10,25,H, 1.000E+01,clip, 1.000E-08, 1.000E-01, 1.000E-01,2,10,0,0,497, 2.93583E+00, 2.047960473E+01,3580,25,Hc10
Gauss1_10,25,QN, 1.000E+04,scale, 1.000E-08, 1.000E-01, 1.000E-01,2,1,0,0,242, 2.44939E+00, 2.047549785E+01,2120,25,QN
Gauss1_10,25,QN, 1.000E+04,scale, 1.000E-08, 1.000E-01, 1.000E-01,2,2,0,0,511, 5.42528E+00, 2.049351239E+01,4532,25,QN
Gauss1_10,25,QN, 1.000E+04,scale, 1.000E-08, 1.000E-01, 1.000E-01,2,3,0,0,502, 1.81849E+00, 2.048773379E+01,1287,25,QN
Gauss1_10,25,QN, 1.000E+04,scale, 1.000E-08, 1.000E-01, 1.000E-01,2,4,0,0,183, 1.23319E+00, 2.049281088E+01,1124,25,QN
Gauss1_10,25,QN, 1.000E+04,scale, 1.000E-08, 1.000E-01, 1.000E-01,2,5,0,0,336, 3.07243E+00, 2.048976562E+01,2693,25,QN
Gauss1_10,25,QN, 1.000E+04,scale, 1.000E-08, 1.000E-01, 1.000E-01,2,6,0,0,378, 3.77231E+00, 2.053055990E+01,3257,25,QN
Gauss1_10,25,QN, 1.000E+04,scale, 1.000E-08, 1.000E-01, 1.000E-01,2,7,0,0,289, 2.76964E+00, 2.047259038E+01,2347,25,QN
Gauss1_10,25,QN, 1.000E+04,scale, 1.000E-08, 1.000E-01, 1.000E-01,2,8,0,0,357, 3.91561E+00, 2.046494888E+01,3168,25,QN
Gauss1_10,25,QN, 1.000E+04,scale, 1.000E-08, 1.000E-01, 1.000E-01,2,9,0,0,280, 2.22614E+00, 2.050705858E+01,2084,25,QN
Gauss1_10,25,QN, 1.000E+04,scale, 1.000E-08, 1.000E-01, 1.000E-01,2,10,0,0,243, 1.84639E+00, 2.053195398E+01,1567,25,QN
Kirby2_05,8,0, 1.000E+00,scale, 1.000E-08, 1.000E-01, 1.000E-01,1,1,0,1,108, 1.33213E+00, 9.835651288E-02,1975,8,FO
Kirby2_05,8,0, 1.000E+00,scale, 1.000E-08, 1.000E-01, 1.000E-01,1,2,0,1,108, 1.38286E+00, 9.835651288E-02,1975,8,FO
Kirby2_05,8,0, 1.000E+00,scale, 1.000E-08, 1.000E-01, 1.000E-01,1,3,0,1,108, 1.33839E+00, 9.835651288E-02,1975,8,FO
Kirby2_05,8,0, 1.000E+00,scale, 1.000E-08, 1.000E-01, 1.000E-01,1,4,0,0,40, 8.68136E-01, 1.032690422E-01,555,8,FO
Kirby2_05,8,0, 1.000E+00,scale, 1.000E-08, 1.000E-01, 1.000E-01,1,5,0,1,108, 1.35648E+00, 9.835651288E-02,1975,8,FO
Kirby2_05,8,0, 1.000E+00,scale, 1.000E-08, 1.000E-01, 1.000E-01,1,6,0,0,44, 5.93518E-01, 1.077487514E-01,639,8,FO
Kirby2_05,8,0, 1.000E+00,scale, 1.000E-08, 1.000E-01, 1.000E-01,1,7,0,1,108, 1.35688E+00, 9.835651288E-02,1975,8,FO
Kirby2_05,8,0, 1.000E+00,scale, 1.000E-08, 1.000E-01, 1.000E-01,1,8,0,1,108, 1.36746E+00, 9.835651288E-02,1975,8,FO
Kirby2_05,8,0, 1.000E+00,scale, 1.000E-08, 1.000E-01, 1.000E-01,1,9,0,1,108, 1.37655E+00, 9.835651288E-02,1975,8,FO
Kirby2_05,8,0, 1.000E+00,scale, 1.000E-08, 1.000E-01, 1.000E-01,1,10,0,1,108, 1.40606E+00, 9.835651288E-02,1975,8,FO
Kirby2_05,8,GN, 1.000E+04,scale, 1.000E-08, 1.000E-01, 1.000E-01,1,1,0,0,95, 1.17846E+00, 1.056968715E-01,1579,8,GN
Kirby2_05,8,GN, 1.000E+04,scale, 1.000E-08, 1.000E-01, 1.000E-01,1,2,0,0,95, 1.51243E+00, 1.056968715E-01,1579,8,GN
Kirby2_05,8,GN, 1.000E+04,scale, 1.000E-08, 1.000E-01, 1.000E-01,1,3,0,0,95, 1.17263E+00, 1.056968715E-01,1579,8,GN
Kirby2_05,8,GN, 1.000E+04,scale, 1.000E-08, 1.000E-01, 1.000E-01,1,4,0,0,43, 6.99676E-01, 1.126962331E-01,619,8,GN
Kirby2_05,8,GN, 1.000E+04,scale, 1.000E-08, 1.000E-01, 1.000E-01,1,5,0,0,95, 1.14009E+00, 1.056968715E-01,1579,8,GN
Kirby2_05,8,GN, 1.000E+04,scale, 1.000E-08, 1.000E-01, 1.000E-01,1,6,0,0,48, 7.79480E-01, 1.134110880E-01,658,8,GN
Kirby2_05,8,GN, 1.000E+04,scale, 1.000E-08, 1.000E-01, 1.000E-01,1,7,0,0,95, 1.34967E+00, 1.056968715E-01,1579,8,GN
Kirby2_05,8,GN, 1.000E+04,scale, 1.000E-08, 1.000E-01, 1.000E-01,1,8,0,0,95, 1.34031E+00, 1.056968715E-01,1579,8,GN
Kirby2_05,8,GN, 1.000E+04,scale, 1.000E-08, 1.000E-01, 1.000E-01,1,9,0,0,95, 1.40016E+00, 1.056968715E-01,1579,8,GN
Kirby2_05,8,GN, 1.000E+04,scale, 1.000E-08, 1.000E-01, 1.000E-01,1,10,0,0,95, 1.33606E+00, 1.056968715E-01,1579,8,GN
Kirby2_05,8,GN, 1.000E+00,scale, 1.000E-08, 1.000E-01, 1.000E-01,1,1,0,0,106, 1.29195E+00, 1.161695918E-01,1842,8,GN1
Kirby2_05,8,GN, 1.000E+00,scale, 1.000E-08, 1.000E-01, 1.000E-01,1,2,0,0,106, 1.32563E+00, 1.161695918E-01,1842,8,GN1
Kirby2_05,8,GN, 1.000E+00,scale, 1.000E-08, 1.000E-01, 1.000E-01,1,3,0,0,106, 1.36085E+00, 1.161695918E-01,1842,8,GN1
Kirby2_05,8,GN, 1.000E+00,scale, 1.000E-08, 1.000E-01, 1.000E-01,1,4,0,0,41, 8.87614E-01, 1.103768370E-01,546,8,GN1
Kirby2_05,8,GN, 1.000E+00,scale, 1.000E-08, 1.000E-01, 1.000E-01,1,5,0,0,106, 1.35155E+00, 1.161695918E-01,1842,8,GN1
Kirby2_05,8,GN, 1.000E+00,scale, 1.000E-08, 1.000E-01, 1.000E-01,1,6,0,0,47, 7.08835E-01, 1.091940335E-01,654,8,GN1
Kirby2_05,8,GN, 1.000E+00,scale, 1.000E-08, 1.000E-01, 1.000E-01,1,7,0,0,106, 1.30276E+00, 1.161695918E-01,1842,8,GN1
Kirby2_05,8,GN, 1.000E+00,scale, 1.000E-08, 1.000E-01, 1.000E-01,1,8,0,0,106, 1.31184E+00, 1.161695918E-01,1842,8,GN1
Kirby2_05,8,GN, 1.000E+00,scale, 1.000E-08, 1.000E-01, 1.000E-01,1,9,0,0,106, 1.38234E+00, 1.161695918E-01,1842,8,GN1
Kirby2_05,8,GN, 1.000E+00,scale, 1.000E-08, 1.000E-01, 1.000E-01,1,10,0,0,106, 1.35026E+00, 1.161695918E-01,1842,8,GN1
Kirby2_05,8,H, 1.000E+04,scale, 1.000E-08, 1.000E-01, 1.000E-01,1,1,0,0,2329, 1.26656E+02, 1.078379814E-01,3525,8,H
Kirby2_05,8,H, 1.000E+04,scale, 1.000E-08, 1.000E-01, 1.000E-01,1,2,0,0,2329, 1.24563E+02, 1.078379814E-01,3525,8,H
Kirby2_05,8,H, 1.000E+04,scale, 1.000E-08, 1.000E-01, 1.000E-01,1,3,0,0,2329, 1.24944E+02, 1.078379814E-01,3525,8,H
Kirby2_05,8,H, 1.000E+04,scale, 1.000E-08, 1.000E-01, 1.000E-01,1,4,0,0,3075, 7.54280E+01, 1.156378051E-01,3555,8,H
Kirby2_05,8,H, 1.000E+04,scale, 1.000E-08, 1.000E-01, 1.000E-01,1,5,0,0,2329, 1.25302E+02, 1.078379814E-01,3525,8,H
Kirby2_05,8,H, 1.000E+04,scale, 1.000E-08, 1.000E-01, 1.000E-01,1,6,0,0,3586, 7.91541E+01, 1.131385335E-01,4187,8,H
Kirby2_05,8,H, 1.000E+04,scale, 1.000E-08, 1.000E-01, 1.000E-01,1,7,0,0,2329, 1.23661E+02, 1.078379814E-01,3525,8,H
Kirby2_05,8,H, 1.000E+04,scale, 1.000E-08, 1.000E-01, 1.000E-01,1,8,0,0,2329, 1.24077E+02, 1.078379814E-01,3525,8,H
Kirby2_05,8,H, 1.000E+04,scale, 1.000E-08, 1.000E-01, 1.000E-01,1,9,0,0,2329, 1.23632E+02, 1.078379814E-01,3525,8,H
Kirby2_05,8,H, 1.000E+04,scale, 1.000E-08, 1.000E-01, 1.000E-01,1,10,0,0,2329, 1.22940E+02, 1.078379814E-01,3525,8,H
Kirby2_05,8,H, 1.000E-01,scale, 1.000E-08, 1.000E-01, 1.000E-01,1,1,1,1020,10000, 1.95423E+02, 4.802789213E+02,293823,3,H0.1
Kirby2_05,8,H, 1.000E-01,scale, 1.000E-08, 1.000E-01, 1.000E-01,1,2,1,1020,10000, 1.96559E+02, 4.802789213E+02,293823,3,H0.1
Kirby2_05,8,H, 1.000E-01,scale, 1.000E-08, 1.000E-01, 1.000E-01,1,3,1,1020,10000, 1.94997E+02, 4.802789213E+02,293823,3,H0.1
Kirby2_05,8,H, 1.000E-01,scale, 1.000E-08, 1.000E-01, 1.000E-01,1,4,0,0,41, 6.40930E-01, 1.110836108E-01,545,8,H0.1
Kirby2_05,8,H, 1.000E-01,scale, 1.000E-08, 1.000E-01, 1.000E-01,1,5,1,1020,10000, 2.00364E+02, 4.802789213E+02,293823,3,H0.1
Kirby2_05,8,H, 1.000E-01,scale, 1.000E-08, 1.000E-01, 1.000E-01,1,6,0,0,47, 7.97353E-01, 1.099289486E-01,658,8,H0.1
Kirby2_05,8,H, 1.000E-01,scale, 1.000E-08, 1.000E-01, 1.000E-01,1,7,1,1020,10000, 1.99615E+02, 4.802789213E+02,293823,3,H0.1
Kirby2_05,8,H, 1.000E-01,scale, 1.000E-08, 1.000E-01, 1.000E-01,1,8,1,1020,10000, 2.03919E+02, 4.802789213E+02,293823,3,H0.1
Kirby2_05,8,H, 1.000E-01,scale, 1.000E-08, 1.000E-01, 1.000E-01,1,9,1,1020,10000, 1.86026E+02, 4.802789213E+02,293823,3,H0.1
Kirby2_05,8,H, 1.000E-01,scale, 1.000E-08, 1.000E-01, 1.000E-01,1,10,1,1020,10000, 1.85444E+02, 4.802789213E+02,293823,3,H0.1
Kirby2_05,8,H, 1.000E+00,scale, 1.000E-08, 1.000E-01, 1.000E-01,1,1,0,0,130, 1.37826E+00, 1.155458934E-01,2089,8,H1
Kirby2_05,8,H, 1.000E+00,scale, 1.000E-08, 1.000E-01, 1.000E-01,1,2,0,0,130, 1.23647E+00, 1.155458934E-01,2089,8,H1
Kirby2_05,8,H, 1.000E+00,scale, 1.000E-08, 1.000E-01, 1.000E-01,1,3,0,0,130, 1.23544E+00, 1.155458934E-01,2089,8,H1
Kirby2_05,8,H, 1.000E+00,scale, 1.000E-08, 1.000E-01, 1.000E-01,1,4,0,0,39, 5.63729E-01, 1.099900408E-01,542,8,H1
Kirby2_05,8,H, 1.000E+00,scale, 1.000E-08, 1.000E-01, 1.000E-01,1,5,0,0,130, 1.32003E+00, 1.155458934E-01,2089,8,H1
Kirby2_05,8,H, 1.000E+00,scale, 1.000E-08, 1.000E-01, 1.000E-01,1,6,0,0,47, 8.85179E-01, 6.614660834E-02,685,8,H1
Kirby2_05,8,H, 1.000E+00,scale, 1.000E-08, 1.000E-01, 1.000E-01,1,7,0,0,130, 1.25563E+00, 1.155458934E-01,2089,8,H1
Kirby2_05,8,H, 1.000E+00,scale, 1.000E-08, 1.000E-01, 1.000E-01,1,8,0,0,130, 1.26070E+00, 1.155458934E-01,2089,8,H1
Kirby2_05,8,H, 1.000E+00,scale, 1.000E-08, 1.000E-01, 1.000E-01,1,9,0,0,130, 1.25484E+00, 1.155458934E-01,2089,8,H1
Kirby2_05,8,H, 1.000E+00,scale, 1.000E-08, 1.000E-01, 1.000E-01,1,10,0,0,130, 1.25660E+00, 1.155458934E-01,2089,8,H1
Kirby2_05,8,H, 1.000E+01,scale, 1.000E-08, 1.000E-01, 1.000E-01,1,1,0,0,121, 1.81192E+00, 9.299538448E-02,2001,8,H10
Kirby2_05,8,H, 1.000E+01,scale, 1.000E-08, 1.000E-01, 1.000E-01,1,2,0,0,121, 1.39146E+00, 9.299538448E-02,2001,8,H10
Kirby2_05,8,H, 1.000E+01,scale, 1.000E-08, 1.000E-01, 1.000E-01,1,3,0,0,121, 1.39127E+00, 9.299538448E-02,2001,8,H10
Kirby2_05,8,H, 1.000E+01,scale, 1.000E-08, 1.000E-01, 1.000E-01,1,4,0,0,41, 5.70002E-01, 1.104619667E-01,536,8,H10
Kirby2_05,8,H, 1.000E+01,scale, 1.000E-08, 1.000E-01, 1.000E-01,1,5,0,0,121, 1.37506E+00, 9.299538448E-02,2001,8,H10
Kirby2_05,8,H, 1.000E+01,scale, 1.000E-08, 1.000E-01, 1.000E-01,1,6,0,0,48, 6.42361E-01, 1.047528348E-01,662,8,H10
Kirby2_05,8,H, 1.000E+01,scale, 1.000E-08, 1.000E-01, 1.000E-01,1,7,0,0,121, 1.75715E+00, 9.299538448E-02,2001,8,H10
Kirby2_05,8,H, 1.000E+01,scale, 1.000E-08, 1.000E-01, 1.000E-01,1,8,0,0,121, 1.86337E+00, 9.299538448E-02,2001,8,H10
Kirby2_05,8,H, 1.000E+01,scale, 1.000E-08, 1.000E-01, 1.000E-01,1,9,0,0,121, 1.80475E+00, 9.299538448E-02,2001,8,H10
Kirby2_05,8,H, 1.000E+01,scale, 1.000E-08, 1.000E-01, 1.000E-01,1,10,0,0,121, 1.66455E+00, 9.299538448E-02,2001,8,H10
Kirby2_05,8,H, 1.000E+02,scale, 1.000E-08, 1.000E-01, 1.000E-01,1,1,0,0,89, 2.04744E+00, 1.118013927E-01,1512,8,H100
Kirby2_05,8,H, 1.000E+02,scale, 1.000E-08, 1.000E-01, 1.000E-01,1,2,0,0,89, 1.66405E+00, 1.118013927E-01,1512,8,H100
Kirby2_05,8,H, 1.000E+02,scale, 1.000E-08, 1.000E-01, 1.000E-01,1,3,0,0,89, 1.65271E+00, 1.118013927E-01,1512,8,H100
Kirby2_05,8,H, 1.000E+02,scale, 1.000E-08, 1.000E-01, 1.000E-01,1,4,0,0,65, 8.54103E-01, 1.132451575E-01,544,8,H100
Kirby2_05,8,H, 1.000E+02,scale, 1.000E-08, 1.000E-01, 1.000E-01,1,5,0,0,89, 1.91797E+00, 1.118013927E-01,1512,8,H100
Kirby2_05,8,H, 1.000E+02,scale, 1.000E-08, 1.000E-01, 1.000E-01,1,6,0,0,81, 1.08172E+00, 1.111468986E-01,683,8,H100
Kirby2_05,8,H, 1.000E+02,scale, 1.000E-08, 1.000E-01, 1.000E-01,1,7,0,0,89, 1.70714E+00, 1.118013927E-01,1512,8,H100
Kirby2_05,8,H, 1.000E+02,scale, 1.000E-08, 1.000E-01, 1.000E-01,1,8,0,0,89, 1.67035E+00, 1.118013927E-01,1512,8,H100
Kirby2_05,8,H, 1.000E+02,scale, 1.000E-08, 1.000E-01, 1.000E-01,1,9,0,0,89, 1.68163E+00, 1.118013927E-01,1512,8,H100
Kirby2_05,8,H, 1.000E+02,scale, 1.000E-08, 1.000E-01, 1.000E-01,1,10,0,0,89, 1.71626E+00, 1.118013927E-01,1512,8,H100
Kirby2_05,8,H, 1.000E+00,scale, 1.000E-08, 1.000E-01, 1.000E-01,1,1,0,0,111, 1.32474E+00, 9.656349990E-02,2015,8,HA1
Kirby2_05,8,H, 1.000E+00,scale, 1.000E-08, 1.000E-01, 1.000E-01,1,2,0,0,111, 1.33184E+00, 9.656349990E-02,2015,8,HA1
Kirby2_05,8,H, 1.000E+00,scale, 1.000E-08, 1.000E-01, 1.000E-01,1,3,0,0,111, 1.34050E+00, 9.656349990E-02,2015,8,HA1
Kirby2_05,8,H, 1.000E+00,scale, 1.000E-08, 1.000E-01, 1.000E-01,1,4,0,0,38, 5.30030E-01, 1.122117062E-01,519,8,HA1
Kirby2_05,8,H, 1.000E+00,scale, 1.000E-08, 1.000E-01, 1.000E-01,1,5,0,0,111, 1.66763E+00, 9.656349990E-02,2015,8,HA1
Kirby2_05,8,H, 1.000E+00,scale, 1.000E-08, 1.000E-01, 1.000E-01,1,6,0,0,52, 6.79054E-01, 1.069387756E-01,759,8,HA1
Kirby2_05,8,H, 1.000E+00,scale, 1.000E-08, 1.000E-01, 1.000E-01,1,7,0,0,111, 1.50591E+00, 9.656349990E-02,2015,8,HA1
Kirby2_05,8,H, 1.000E+00,scale, 1.000E-08, 1.000E-01, 1.000E-01,1,8,0,0,111, 1.44800E+00, 9.656349990E-02,2015,8,HA1
Kirby2_05,8,H, 1.000E+00,scale, 1.000E-08, 1.000E-01, 1.000E-01,1,9,0,0,111, 1.43731E+00, 9.656349990E-02,2015,8,HA1
Kirby2_05,8,H, 1.000E+00,scale, 1.000E-08, 1.000E-01, 1.000E-01,1,10,0,0,111, 1.32931E+00, 9.656349990E-02,2015,8,HA1
Kirby2_05,8,H, 1.000E+00,scale, 1.000E-08, 1.000E-01, 1.000E-01,1,1,0,0,106, 1.63919E+00, 8.227844416E-02,1779,8,HA10
Kirby2_05,8,H, 1.000E+00,scale, 1.000E-08, 1.000E-01, 1.000E-01,1,2,0,0,106, 1.85692E+00, 8.227844416E-02,1779,8,HA10
Kirby2_05,8,H, 1.000E+00,scale, 1.000E-08, 1.000E-01, 1.000E-01,1,3,0,0,106, 1.50619E+00, 8.227844416E-02,1779,8,HA10
Kirby2_05,8,H, 1.000E+00,scale, 1.000E-08, 1.000E-01, 1.000E-01,1,4,0,0,43, 5.62785E-01, 1.141957881E-01,547,8,HA10
Kirby2_05,8,H, 1.000E+00,scale, 1.000E-08, 1.000E-01, 1.000E-01,1,5,0,0,106, 1.47913E+00, 8.227844416E-02,1779,8,HA10
Kirby2_05,8,H, 1.000E+00,scale, 1.000E-08, 1.000E-01, 1.000E-01,1,6,0,0,58, 9.67453E-01, 1.071983074E-01,806,8,HA10
Kirby2_05,8,H, 1.000E+00,scale, 1.000E-08, 1.000E-01, 1.000E-01,1,7,0,0,106, 1.63133E+00, 8.227844416E-02,1779,8,HA10
Kirby2_05,8,H, 1.000E+00,scale, 1.000E-08, 1.000E-01, 1.000E-01,1,8,0,0,106, 1.47956E+00, 8.227844416E-02,1779,8,HA10
Kirby2_05,8,H, 1.000E+00,scale, 1.000E-08, 1.000E-01, 1.000E-01,1,9,0,0,106, 2.07460E+00, 8.227844416E-02,1779,8,HA10
Kirby2_05,8,H, 1.000E+00,scale, 1.000E-08, 1.000E-01, 1.000E-01,1,10,0,0,106, 1.41456E+00, 8.227844416E-02,1779,8,HA10
Kirby2_05,8,H, 1.000E+00,scale, 1.000E-08, 1.000E-01, 1.000E-01,1,1,0,0,103, 1.41680E+00, 1.150498971E-01,1674,8,HA100
Kirby2_05,8,H, 1.000E+00,scale, 1.000E-08, 1.000E-01, 1.000E-01,1,2,0,0,103, 1.34631E+00, 1.150498971E-01,1674,8,HA100
Kirby2_05,8,H, 1.000E+00,scale, 1.000E-08, 1.000E-01, 1.000E-01,1,3,0,0,103, 1.38186E+00, 1.150498971E-01,1674,8,HA100
Kirby2_05,8,H, 1.000E+00,scale, 1.000E-08, 1.000E-01, 1.000E-01,1,4,0,0,42, 6.67231E-01, 1.067646076E-01,505,8,HA100
Kirby2_05,8,H, 1.000E+00,scale, 1.000E-08, 1.000E-01, 1.000E-01,1,5,0,0,103, 1.35609E+00, 1.150498971E-01,1674,8,HA100
Kirby2_05,8,H, 1.000E+00,scale, 1.000E-08, 1.000E-01, 1.000E-01,1,6,0,0,56, 6.37317E-01, 1.116675228E-01,776,8,HA100
Kirby2_05,8,H, 1.000E+00,scale, 1.000E-08, 1.000E-01, 1.000E-01,1,7,0,0,103, 1.34970E+00, 1.150498971E-01,1674,8,HA100
Kirby2_05,8,H, 1.000E+00,scale, 1.000E-08, 1.000E-01, 1.000E-01,1,8,0,0,103, 1.25834E+00, 1.150498971E-01,1674,8,HA100
Kirby2_05,8,H, 1.000E+00,scale, 1.000E-08, 1.000E-01, 1.000E-01,1,9,0,0,103, 1.33709E+00, 1.150498971E-01,1674,8,HA100
Kirby2_05,8,H, 1.000E+00,scale, 1.000E-08, 1.000E-01, 1.000E-01,1,10,0,0,103, 1.38428E+00, 1.150498971E-01,1674,8,HA100
Kirby2_05,8,H, 1.000E+00,clip, 1.000E-08, 1.000E-01, 1.000E-01,1,1,0,1,119, 1.68073E+00, 1.204273068E-01,2017,8,Hc1
Kirby2_05,8,H, 1.000E+00,clip, 1.000E-08, 1.000E-01, 1.000E-01,1,2,0,1,119, 1.71408E+00, 1.204273068E-01,2017,8,Hc1
Kirby2_05,8,H, 1.000E+00,clip, 1.000E-08, 1.000E-01, 1.000E-01,1,3,0,1,119, 1.75025E+00, 1.204273068E-01,2017,8,Hc1
Kirby2_05,8,H, 1.000E+00,clip, 1.000E-08, 1.000E-01, 1.000E-01,1,4,0,0,40, 6.27479E-01, 1.113357964E-01,505,8,Hc1
Kirby2_05,8,H, 1.000E+00,clip, 1.000E-08, 1.000E-01, 1.000E-01,1,5,0,1,119, 1.74338E+00, 1.204273068E-01,2017,8,Hc1
Kirby2_05,8,H, 1.000E+00,clip, 1.000E-08, 1.000E-01, 1.000E-01,1,6,0,0,51, 7.29273E-01, 1.085319757E-01,668,8,Hc1
Kirby2_05,8,H, 1.000E+00,clip, 1.000E-08, 1.000E-01, 1.000E-01,1,7,0,1,119, 1.99880E+00, 1.204273068E-01,2017,8,Hc1
Kirby2_05,8,H, 1.000E+00,clip, 1.000E-08, 1.000E-01, 1.000E-01,1,8,0,1,119, 2.08516E+00, 1.204273068E-01,2017,8,Hc1
Kirby2_05,8,H, 1.000E+00,clip, 1.000E-08, 1.000E-01, 1.000E-01,1,9,0,1,119, 2.04132E+00, 1.204273068E-01,2017,8,Hc1
Kirby2_05,8,H, 1.000E+00,clip, 1.000E-08, 1.000E-01, 1.000E-01,1,10,0,1,119, 2.29468E+00, 1.204273068E-01,2017,8,Hc1
Kirby2_05,8,H, 1.000E+01,clip, 1.000E-08, 1.000E-01, 1.000E-01,1,1,0,0,169, 1.88930E+00, 1.186486724E-01,2008,8,Hc10
Kirby2_05,8,H, 1.000E+01,clip, 1.000E-08, 1.000E-01, 1.000E-01,1,2,0,0,169, 1.87542E+00, 1.186486724E-01,2008,8,Hc10
Kirby2_05,8,H, 1.000E+01,clip, 1.000E-08, 1.000E-01, 1.000E-01,1,3,0,0,169, 2.20702E+00, 1.186486724E-01,2008,8,Hc10
Kirby2_05,8,H, 1.000E+01,clip, 1.000E-08, 1.000E-01, 1.000E-01,1,4,0,0,87, 1.01108E+00, 1.178015713E-01,568,8,Hc10
Kirby2_05,8,H, 1.000E+01,clip, 1.000E-08, 1.000E-01, 1.000E-01,1,5,0,0,169, 1.90073E+00, 1.186486724E-01,2008,8,Hc10
Kirby2_05,8,H, 1.000E+01,clip, 1.000E-08, 1.000E-01, 1.000E-01,1,6,0,0,107, 1.06082E+00, 1.146174548E-01,709,8,Hc10
Kirby2_05,8,H, 1.000E+01,clip, 1.000E-08, 1.000E-01, 1.000E-01,1,7,0,0,169, 2.24604E+00, 1.186486724E-01,2008,8,Hc10
Kirby2_05,8,H, 1.000E+01,clip, 1.000E-08, 1.000E-01, 1.000E-01,1,8,0,0,169, 2.19767E+00, 1.186486724E-01,2008,8,Hc10
Kirby2_05,8,H, 1.000E+01,clip, 1.000E-08, 1.000E-01, 1.000E-01,1,9,0,0,169, 2.49323E+00, 1.186486724E-01,2008,8,Hc10
Kirby2_05,8,H, 1.000E+01,clip, 1.000E-08, 1.000E-01, 1.000E-01,1,10,0,0,169, 2.26572E+00, 1.186486724E-01,2008,8,Hc10
Kirby2_05,8,QN, 1.000E+04,scale, 1.000E-08, 1.000E-01, 1.000E-01,1,1,0,1,113, 1.55854E+00, 9.745925923E-02,2109,8,QN
Kirby2_05,8,QN, 1.000E+04,scale, 1.000E-08, 1.000E-01, 1.000E-01,1,2,0,0,105, 1.31715E+00, 1.158030548E-01,1830,8,QN
Kirby2_05,8,QN, 1.000E+04,scale, 1.000E-08, 1.000E-01, 1.000E-01,1,3,0,0,108, 1.23476E+00, 1.047330233E-01,1888,8,QN
Kirby2_05,8,QN, 1.000E+04,scale, 1.000E-08, 1.000E-01, 1.000E-01,1,4,0,0,39, 6.48791E-01, 1.121886963E-01,527,8,QN
Kirby2_05,8,QN, 1.000E+04,scale, 1.000E-08, 1.000E-01, 1.000E-01,1,5,0,0,106, 1.51079E+00, 9.355769029E-02,1862,8,QN
Kirby2_05,8,QN, 1.000E+04,scale, 1.000E-08, 1.000E-01, 1.000E-01,1,6,0,0,46, 6.53153E-01, 1.095533623E-01,650,8,QN
Kirby2_05,8,QN, 1.000E+04,scale, 1.000E-08, 1.000E-01, 1.000E-01,1,7,0,0,106, 1.55686E+00, 9.357658684E-02,1862,8,QN
Kirby2_05,8,QN, 1.000E+04,scale, 1.000E-08, 1.000E-01, 1.000E-01,1,8,0,1,111, 1.80857E+00, 1.058773609E-01,2031,8,QN
Kirby2_05,8,QN, 1.000E+04,scale, 1.000E-08, 1.000E-01, 1.000E-01,1,9,0,0,106, 1.54762E+00, 1.002946138E-01,1857,8,QN
Kirby2_05,8,QN, 1.000E+04,scale, 1.000E-08, 1.000E-01, 1.000E-01,1,10,0,1,112, 1.60797E+00, 1.055980808E-01,2062,8,QN
Kirby2_05,8,0, 1.000E+00,scale, 1.000E-08, 1.000E-01, 1.000E-01,2,1,0,1,49, 1.76483E+00, 9.970283103E-02,872,8,FO
Kirby2_05,8,0, 1.000E+00,scale, 1.000E-08, 1.000E-01, 1.000E-01,2,2,0,0,47, 8.32771E-01, 1.110326677E-01,612,8,FO
Kirby2_05,8,0, 1.000E+00,scale, 1.000E-08, 1.000E-01, 1.000E-01,2,3,0,0,29, 8.99670E-01, 1.123966025E-01,369,8,FO
Kirby2_05,8,0, 1.000E+00,scale, 1.000E-08, 1.000E-01, 1.000E-01,2,4,0,0,16, 4.51509E-01, 9.177085865E-02,206,8,FO
Kirby2_05,8,0, 1.000E+00,scale, 1.000E-08, 1.000E-01, 1.000E-01,2,5,0,0,26, 1.32978E+00, 9.484499170E-02,214,8,FO
Kirby2_05,8,0, 1.000E+00,scale, 1.000E-08, 1.000E-01, 1.000E-01,2,6,0,0,60, 1.38366E+00, 1.020120525E-01,1010,8,FO
Kirby2_05,8,0, 1.000E+00,scale, 1.000E-08, 1.000E-01, 1.000E-01,2,7,0,0,43, 9.57571E-01, 1.042789331E-01,657,8,FO
Kirby2_05,8,0, 1.000E+00,scale, 1.000E-08, 1.000E-01, 1.000E-01,2,8,0,0,49, 1.04644E+00, 9.969622250E-02,798,8,FO
Kirby2_05,8,0, 1.000E+00,scale, 1.000E-08, 1.000E-01, 1.000E-01,2,9,0,0,30, 8.39164E-01, 1.127640197E-01,544,8,FO
Kirby2_05,8,0, 1.000E+00,scale, 1.000E-08, 1.000E-01, 1.000E-01,2,10,0,0,28, 6.27489E-01, 9.806957926E-02,355,8,FO
Kirby2_05,8,GN, 1.000E+04,scale, 1.000E-08, 1.000E-01, 1.000E-01,2,1,0,7,74, 2.69324E+00, 1.026626857E-01,1890,8,GN
Kirby2_05,8,GN, 1.000E+04,scale, 1.000E-08, 1.000E-01, 1.000E-01,2,2,0,0,47, 1.01427E+00, 1.129593789E-01,648,8,GN
Kirby2_05,8,GN, 1.000E+04,scale, 1.000E-08, 1.000E-01, 1.000E-01,2,3,0,0,31, 1.14038E+00, 1.031917396E-01,384,8,GN
Kirby2_05,8,GN, 1.000E+04,scale, 1.000E-08, 1.000E-01, 1.000E-01,2,4,0,0,17, 7.06930E-01, 9.010606119E-02,214,8,GN
Kirby2_05,8,GN, 1.000E+04,scale, 1.000E-08, 1.000E-01, 1.000E-01,2,5,0,0,26, 1.45225E+00, 9.487928527E-02,207,8,GN
Kirby2_05,8,GN, 1.000E+04,scale, 1.000E-08, 1.000E-01, 1.000E-01,2,6,0,0,67, 2.58814E+00, 9.188420887E-02,1014,8,GN
Kirby2_05,8,GN, 1.000E+04,scale, 1.000E-08, 1.000E-01, 1.000E-01,2,7,0,0,45, 8.71195E-01, 1.054384471E-01,686,8,GN
Kirby2_05,8,GN, 1.000E+04,scale, 1.000E-08, 1.000E-01, 1.000E-01,2,8,0,0,49, 1.07306E+00, 1.009310800E-01,789,8,GN
Kirby2_05,8,GN, 1.000E+04,scale, 1.000E-08, 1.000E-01, 1.000E-01,2,9,0,0,30, 7.56213E-01, 1.130645295E-01,557,8,GN
Kirby2_05,8,GN, 1.000E+04,scale, 1.000E-08, 1.000E-01, 1.000E-01,2,10,0,0,28, 6.57717E-01, 9.937835903E-02,365,8,GN
Kirby2_05,8,GN, 1.000E+00,scale, 1.000E-08, 1.000E-01, 1.000E-01,2,1,0,1,56, 1.64672E+00, 9.696157718E-02,960,8,GN1
Kirby2_05,8,GN, 1.000E+00,scale, 1.000E-08, 1.000E-01, 1.000E-01,2,2,0,0,46, 1.06158E+00, 1.115592515E-01,598,8,GN1
Kirby2_05,8,GN, 1.000E+00,scale, 1.000E-08, 1.000E-01, 1.000E-01,2,3,0,0,29, 1.25300E+00, 1.123965153E-01,369,8,GN1
Kirby2_05,8,GN, 1.000E+00,scale, 1.000E-08, 1.000E-01, 1.000E-01,2,4,0,0,16, 6.15808E-01, 9.180744896E-02,216,8,GN1
Kirby2_05,8,GN, 1.000E+00,scale, 1.000E-08, 1.000E-01, 1.000E-01,2,5,0,0,26, 1.52773E+00, 9.486052095E-02,214,8,GN1
Kirby2_05,8,GN, 1.000E+00,scale, 1.000E-08, 1.000E-01, 1.000E-01,2,6,0,0,60, 1.53823E+00, 1.022317748E-01,1010,8,GN1
Kirby2_05,8,GN, 1.000E+00,scale, 1.000E-08, 1.000E-01, 1.000E-01,2,7,0,1,51, 1.13099E+00, 1.003529788E-01,887,8,GN1
Kirby2_05,8,GN, 1.000E+00,scale, 1.000E-08, 1.000E-01, 1.000E-01,2,8,0,0,50, 1.05861E+00, 1.010633776E-01,817,8,GN1
Kirby2_05,8,GN, 1.000E+00,scale, 1.000E-08, 1.000E-01, 1.000E-01,2,9,0,0,30, 8.34182E-01, 1.127640501E-01,557,8,GN1
Kirby2_05,8,GN, 1.000E+00,scale, 1.000E-08, 1.000E-01, 1.000E-01,2,10,0,0,28, 8.07660E-01, 9.807054317E-02,355,8,GN1
Kirby2_05,8,H, 1.000E+04,scale, 1.000E-08, 1.000E-01, 1.000E-01,2,1,0,0,3264, 1.39840E+02, 1.018022933E-01,4021,8,H
Kirby2_05,8,H, 1.000E+04,scale, 1.000E-08, 1.000E-01, 1.000E-01,2,2,0,0,2300, 1.07626E+02, 1.012158075E-01,2692,8,H
Kirby2_05,8,H, 1.000E+04,scale, 1.000E-08, 1.000E-01, 1.000E-01,2,3,0,0,1286, 3.79549E+01, 1.154175552E-01,1592,8,H
Kirby2_05,8,H, 1.000E+04,scale, 1.000E-08, 1.000E-01, 1.000E-01,2,4,0,0,490, 2.98071E+01, 1.075157107E-01,673,8,H
Kirby2_05,8,H, 1.000E+04,scale, 1.000E-08, 1.000E-01, 1.000E-01,2,5,0,0,636, 3.28972E+01, 1.043025758E-01,802,8,H
Kirby2_05,8,H, 1.000E+04,scale, 1.000E-08, 1.000E-01, 1.000E-01,2,6,0,0,1278, 5.84507E+01, 1.060816258E-01,2229,8,H
Kirby2_05,8,H, 1.000E+04,scale, 1.000E-08, 1.000E-01, 1.000E-01,2,7,0,0,893, 3.25349E+01, 1.114461181E-01,1431,8,H
Kirby2_05,8,H, 1.000E+04,scale, 1.000E-08, 1.000E-01, 1.000E-01,2,8,0,0,3066, 1.44400E+02, 1.024281648E-01,3790,8,H
Kirby2_05,8,H, 1.000E+04,scale, 1.000E-08, 1.000E-01, 1.000E-01,2,9,0,0,924, 2.39218E+01, 1.123103884E-01,1436,8,H
Kirby2_05,8,H, 1.000E+04,scale, 1.000E-08, 1.000E-01, 1.000E-01,2,10,0,0,3030, 9.82608E+01, 1.029275540E-01,3346,8,H
Kirby2_05,8,H, 1.000E-01,scale, 1.000E-08, 1.000E-01, 1.000E-01,2,1,0,0,49, 1.62108E+00, 1.194192027E-01,797,8,H0.1
Kirby2_05,8,H, 1.000E-01,scale, 1.000E-08, 1.000E-01, 1.000E-01,2,2,0,0,47, 8.82573E-01, 1.122122777E-01,616,8,H0.1
Kirby2_05,8,H, 1.000E-01,scale, 1.000E-08, 1.000E-01, 1.000E-01,2,3,0,0,33, 1.06040E+00, 1.008050683E-01,416,8,H0.1
Kirby2_05,8,H, 1.000E-01,scale, 1.000E-08, 1.000E-01, 1.000E-01,2,4,0,0,16, 4.41293E-01, 9.178135780E-02,220,8,H0.1
Kirby2_05,8,H, 1.000E-01,scale, 1.000E-08, 1.000E-01, 1.000E-01,2,5,0,0,26, 1.41741E+00, 9.484398077E-02,214,8,H0.1
Kirby2_05,8,H, 1.000E-01,scale, 1.000E-08, 1.000E-01, 1.000E-01,2,6,0,0,61, 1.59799E+00, 8.992065280E-02,997,8,H0.1
Kirby2_05,8,H, 1.000E-01,scale, 1.000E-08, 1.000E-01, 1.000E-01,2,7,0,0,39, 9.49567E-01, 1.072047093E-01,634,8,H0.1
Kirby2_05,8,H, 1.000E-01,scale, 1.000E-08, 1.000E-01, 1.000E-01,2,8,0,0,49, 1.05699E+00, 9.998358160E-02,789,8,H0.1
Kirby2_05,8,H, 1.000E-01,scale, 1.000E-08, 1.000E-01, 1.000E-01,2,9,0,0,30, 7.08148E-01, 1.129452709E-01,548,8,H0.1
Kirby2_05,8,H, 1.000E-01,scale, 1.000E-08, 1.000E-01, 1.000E-01,2,10,0,0,28, 7.09224E-01, 9.882380470E-02,355,8,H0.1
Kirby2_05,8,H, 1.000E+00,scale, 1.000E-08, 1.000E-01, 1.000E-01,2,1,0,0,45, 1.62132E+00, 8.170264768E-02,720,8,H1
Kirby2_05,8,H, 1.000E+00,scale, 1.000E-08, 1.000E-01, 1.000E-01,2,2,0,0,51, 1.03300E+00, 1.008859162E-01,660,8,H1
Kirby2_05,8,H, 1.000E+00,scale, 1.000E-08, 1.000E-01, 1.000E-01,2,3,0,0,30, 9.51648E-01, 1.131049673E-01,366,8,H1
Kirby2_05,8,H, 1.000E+00,scale, 1.000E-08, 1.000E-01, 1.000E-01,2,4,0,0,16, 4.92027E-01, 9.188025895E-02,216,8,H1
Kirby2_05,8,H, 1.000E+00,scale, 1.000E-08, 1.000E-01, 1.000E-01,2,5,0,0,26, 1.70967E+00, 9.480869922E-02,213,8,H1
Kirby2_05,8,H, 1.000E+00,scale, 1.000E-08, 1.000E-01, 1.000E-01,2,6,0,0,58, 1.32188E+00, 9.060793835E-02,963,8,H1
Kirby2_05,8,H, 1.000E+00,scale, 1.000E-08, 1.000E-01, 1.000E-01,2,7,0,0,45, 9.73273E-01, 1.064776736E-01,718,8,H1
Kirby2_05,8,H, 1.000E+00,scale, 1.000E-08, 1.000E-01, 1.000E-01,2,8,0,0,48, 9.21965E-01, 1.310925999E-01,805,8,H1
Kirby2_05,8,H, 1.000E+00,scale, 1.000E-08, 1.000E-01, 1.000E-01,2,9,0,0,31, 7.90123E-01, 1.118122163E-01,552,8,H1
Kirby2_05,8,H, 1.000E+00,scale, 1.000E-08, 1.000E-01, 1.000E-01,2,10,0,0,29, 7.11771E-01, 9.819034349E-02,361,8,H1
Kirby2_05,8,H, 1.000E+01,scale, 1.000E-08, 1.000E-01, 1.000E-01,2,1,0,1,50, 1.82929E+00, 9.082983409E-02,851,8,H10
Kirby2_05,8,H, 1.000E+01,scale, 1.000E-08, 1.000E-01, 1.000E-01,2,2,0,0,45, 1.10654E+00, 1.067053530E-01,598,8,H10
Kirby2_05,8,H, 1.000E+01,scale, 1.000E-08, 1.000E-01, 1.000E-01,2,3,0,0,28, 9.33335E-01, 1.088415978E-01,366,8,H10
Kirby2_05,8,H, 1.000E+01,scale, 1.000E-08, 1.000E-01, 1.000E-01,2,4,0,0,17, 9.08714E-01, 9.086463458E-02,205,8,H10
Kirby2_05,8,H, 1.000E+01,scale, 1.000E-08, 1.000E-01, 1.000E-01,2,5,0,0,24, 1.23631E+00, 9.515308167E-02,205,8,H10
Kirby2_05,8,H, 1.000E+01,scale, 1.000E-08, 1.000E-01, 1.000E-01,2,6,0,0,72, 2.50123E+00, 9.573766028E-02,1050,8,H10
Kirby2_05,8,H, 1.000E+01,scale, 1.000E-08, 1.000E-01, 1.000E-01,2,7,0,1,46, 1.05709E+00, 1.041951092E-01,870,8,H10
Kirby2_05,8,H, 1.000E+01,scale, 1.000E-08, 1.000E-01, 1.000E-01,2,8,0,0,50, 1.10643E+00, 9.753846811E-02,796,8,H10
Kirby2_05,8,H, 1.000E+01,scale, 1.000E-08, 1.000E-01, 1.000E-01,2,9,0,0,31, 8.84177E-01, 1.124440798E-01,552,8,H10
Kirby2_05,8,H, 1.000E+01,scale, 1.000E-08, 1.000E-01, 1.000E-01,2,10,0,0,29, 6.45514E-01, 9.489884829E-02,353,8,H10
Kirby2_05,8,H, 1.000E+02,scale, 1.000E-08, 1.000E-01, 1.000E-01,2,1,0,1,80, 2.73480E+00, 1.005720572E-01,901,8,H100
Kirby2_05,8,H, 1.000E+02,scale, 1.000E-08, 1.000E-01, 1.000E-01,2,2,0,0,49, 9.69982E-01, 1.049438239E-01,482,8,H100
Kirby2_05,8,H, 1.000E+02,scale, 1.000E-08, 1.000E-01, 1.000E-01,2,3,0,0,41, 8.31748E-01, 1.161746168E-01,364,8,H100
Kirby2_05,8,H, 1.000E+02,scale, 1.000E-08, 1.000E-01, 1.000E-01,2,4,0,0,15, 4.25953E-01, 9.770562494E-02,213,8,H100
Kirby2_05,8,H, 1.000E+02,scale, 1.000E-08, 1.000E-01, 1.000E-01,2,5,0,0,27, 1.55063E+00, 9.646237044E-02,214,8,H100
Kirby2_05,8,H, 1.000E+02,scale, 1.000E-08, 1.000E-01, 1.000E-01,2,6,0,0,61, 1.52896E+00, 9.869070314E-02,997,8,H100
Kirby2_05,8,H, 1.000E+02,scale, 1.000E-08, 1.000E-01, 1.000E-01,2,7,0,0,37, 1.04200E+00, 8.171707554E-02,649,8,H100
Kirby2_05,8,H, 1.000E+02,scale, 1.000E-08, 1.000E-01, 1.000E-01,2,8,0,0,75, 1.71682E+00, 1.046382523E-01,816,8,H100
Kirby2_05,8,H, 1.000E+02,scale, 1.000E-08, 1.000E-01, 1.000E-01,2,9,0,0,37, 9.93545E-01, 1.169105736E-01,550,8,H100
Kirby2_05,8,H, 1.000E+02,scale, 1.000E-08, 1.000E-01, 1.000E-01,2,10,0,0,56, 1.26052E+00, 1.032964395E-01,391,8,H100
Kirby2_05,8,H, 1.000E+00,scale, 1.000E-08, 1.000E-01, 1.000E-01,2,1,0,1,58, 1.58279E+00, 1.072910011E-01,1022,8,HA1
Kirby2_05,8,H, 1.000E+00,scale, 1.000E-08, 1.000E-01, 1.000E-01,2,2,0,0,43, 7.47985E-01, 9.890360908E-02,677,8,HA1
Kirby2_05,8,H, 1.000E+00,scale, 1.000E-08, 1.000E-01, 1.000E-01,2,3,0,0,29, 5.86611E-01, 1.024310836E-01,321,8,HA1
Kirby2_05,8,H, 1.000E+00,scale, 1.000E-08, 1.000E-01, 1.000E-01,2,4,0,0,15, 4.66248E-01, 9.764160232E-02,215,8,HA1
Kirby2_05,8,H, 1.000E+00,scale, 1.000E-08, 1.000E-01, 1.000E-01,2,5,0,0,8, 4.10574E-01, 9.721987126E-02,95,8,HA1
Kirby2_05,8,H, 1.000E+00,scale, 1.000E-08, 1.000E-01, 1.000E-01,2,6,0,0,58, 1.07041E+00, 9.679763593E-02,903,8,HA1
Kirby2_05,8,H, 1.000E+00,scale, 1.000E-08, 1.000E-01, 1.000E-01,2,7,0,2,47, 1.45061E+00, 1.116129713E-01,942,8,HA1
Kirby2_05,8,H, 1.000E+00,scale, 1.000E-08, 1.000E-01, 1.000E-01,2,8,0,0,53, 9.24362E-01, 1.017663969E-01,882,8,HA1
Kirby2_05,8,H, 1.000E+00,scale, 1.000E-08, 1.000E-01, 1.000E-01,2,9,0,0,27, 1.05981E+00, 1.131689313E-01,442,8,HA1
Kirby2_05,8,H, 1.000E+00,scale, 1.000E-08, 1.000E-01, 1.000E-01,2,10,0,0,26, 9.28412E-01, 1.015314371E-01,335,8,HA1
Kirby2_05,8,H, 1.000E+00,scale, 1.000E-08, 1.000E-01, 1.000E-01,2,1,0,5,66, 2.09587E+00, 1.314157560E-01,1545,8,HA10
Kirby2_05,8,H, 1.000E+00,scale, 1.000E-08, 1.000E-01, 1.000E-01,2,2,0,0,47, 7.15052E-01, 1.087796522E-01,613,8,HA10
Kirby2_05,8,H, 1.000E+00,scale, 1.000E-08, 1.000E-01, 1.000E-01,2,3,0,0,30, 9.39053E-01, 1.103593986E-01,383,8,HA10
Kirby2_05,8,H, 1.000E+00,scale, 1.000E-08, 1.000E-01, 1.000E-01,2,4,0,0,14, 4.61456E-01, 1.035055141E-01,163,8,HA10
Kirby2_05,8,H, 1.000E+00,scale, 1.000E-08, 1.000E-01, 1.000E-01,2,5,0,0,12, 4.75594E-01, 9.537052951E-02,140,8,HA10
Kirby2_05,8,H, 1.000E+00,scale, 1.000E-08, 1.000E-01, 1.000E-01,2,6,0,0,51, 1.05275E+00, 9.998772116E-02,774,8,HA10
Kirby2_05,8,H, 1.000E+00,scale, 1.000E-08, 1.000E-01, 1.000E-01,2,7,0,0,42, 1.24039E+00, 1.078506644E-01,700,8,HA10
Kirby2_05,8,H, 1.000E+00,scale, 1.000E-08, 1.000E-01, 1.000E-01,2,8,0,0,44, 7.71124E-01, 1.099411590E-01,668,8,HA10
Kirby2_05,8,H, 1.000E+00,scale, 1.000E-08, 1.000E-01, 1.000E-01,2,9,0,0,27, 8.70696E-01, 1.183911770E-01,443,8,HA10
Kirby2_05,8,H, 1.000E+00,scale, 1.000E-08, 1.000E-01, 1.000E-01,2,10,0,0,21, 6.03020E-01, 1.007125734E-01,224,8,HA10
Kirby2_05,8,H, 1.000E+00,scale, 1.000E-08, 1.000E-01, 1.000E-01,2,1,0,0,38, 9.93733E-01, 1.007951206E-01,592,8,HA100
Kirby2_05,8,H, 1.000E+00,scale, 1.000E-08, 1.000E-01, 1.000E-01,2,2,0,0,45, 6.66264E-01, 1.156008969E-01,536,8,HA100
Kirby2_05,8,H, 1.000E+00,scale, 1.000E-08, 1.000E-01, 1.000E-01,2,3,0,0,27, 6.08536E-01, 1.095953944E-01,329,8,HA100
Kirby2_05,8,H, 1.000E+00,scale, 1.000E-08, 1.000E-01, 1.000E-01,2,4,0,0,14, 7.50361E-01, 9.039732292E-02,174,8,HA100
Kirby2_05,8,H, 1.000E+00,scale, 1.000E-08, 1.000E-01, 1.000E-01,2,5,0,0,14, 4.33758E-01, 1.050700639E-01,175,8,HA100
Kirby2_05,8,H, 1.000E+00,scale, 1.000E-08, 1.000E-01, 1.000E-01,2,6,0,0,53, 1.19037E+00, 1.022795627E-01,802,8,HA100
Kirby2_05,8,H, 1.000E+00,scale, 1.000E-08, 1.000E-01, 1.000E-01,2,7,0,0,44, 1.24808E+00, 1.183295544E-01,711,8,HA100
Kirby2_05,8,H, 1.000E+00,scale, 1.000E-08, 1.000E-01, 1.000E-01,2,8,0,1,56, 1.01874E+00, 1.020632522E-01,973,8,HA100
Kirby2_05,8,H, 1.000E+00,scale, 1.000E-08, 1.000E-01, 1.000E-01,2,9,0,0,23, 5.68402E-01, 1.123962618E-01,389,8,HA100
Kirby2_05,8,H, 1.000E+00,scale, 1.000E-08, 1.000E-01, 1.000E-01,2,10,0,0,28, 7.83777E-01, 9.951432834E-02,359,8,HA100
Kirby2_05,8,H, 1.000E+00,clip, 1.000E-08, 1.000E-01, 1.000E-01,2,1,0,0,51, 2.53847E+00, 1.011920448E-01,726,8,Hc1
Kirby2_05,8,H, 1.000E+00,clip, 1.000E-08, 1.000E-01, 1.000E-01,2,2,0,0,49, 1.07927E+00, 1.121383097E-01,628,8,Hc1
Kirby2_05,8,H, 1.000E+00,clip, 1.000E-08, 1.000E-01, 1.000E-01,2,3,0,0,30, 1.14939E+00, 1.113244890E-01,353,8,Hc1
Kirby2_05,8,H, 1.000E+00,clip, 1.000E-08, 1.000E-01, 1.000E-01,2,4,0,0,27, 1.76062E+00, 9.209117033E-02,219,8,Hc1
Kirby2_05,8,H, 1.000E+00,clip, 1.000E-08, 1.000E-01, 1.000E-01,2,5,0,0,123, 9.14733E+00, 9.515268277E-02,304,8,Hc1
Kirby2_05,8,H, 1.000E+00,clip, 1.000E-08, 1.000E-01, 1.000E-01,2,6,0,0,60, 1.50033E+00, 1.114233079E-01,996,8,Hc1
Kirby2_05,8,H, 1.000E+00,clip, 1.000E-08, 1.000E-01, 1.000E-01,2,7,0,0,36, 9.74674E-01, 1.012330337E-01,624,8,Hc1
Kirby2_05,8,H, 1.000E+00,clip, 1.000E-08, 1.000E-01, 1.000E-01,2,8,0,0,53, 1.02792E+00, 1.039114784E-01,790,8,Hc1
Kirby2_05,8,H, 1.000E+00,clip, 1.000E-08, 1.000E-01, 1.000E-01,2,9,0,0,31, 8.30997E-01, 1.172977943E-01,544,8,Hc1
Kirby2_05,8,H, 1.000E+00,clip, 1.000E-08, 1.000E-01, 1.000E-01,2,10,0,0,31, 7.02631E-01, 1.054597329E-01,367,8,Hc1
Kirby2_05,8,H, 1.000E+01,clip, 1.000E-08, 1.000E-01, 1.000E-01,2,1,0,0,132, 2.92899E+00, 1.024928675E-01,842,8,Hc10
Kirby2_05,8,H, 1.000E+01,clip, 1.000E-08, 1.000E-01, 1.000E-01,2,2,0,0,105, 1.98520E+00, 1.041451976E-01,732,8,Hc10
Kirby2_05,8,H, 1.000E+01,clip, 1.000E-08, 1.000E-01, 1.000E-01,2,3,0,0,56, 1.04113E+00, 1.182783246E-01,390,8,Hc10
Kirby2_05,8,H, 1.000E+01,clip, 1.000E-08, 1.000E-01, 1.000E-01,2,4,0,0,24, 1.65408E+00, 9.705860430E-02,227,8,Hc10
Kirby2_05,8,H, 1.000E+01,clip, 1.000E-08, 1.000E-01, 1.000E-01,2,5,0,0,664, 7.55658E+01, 9.681225251E-02,852,8,Hc10
Kirby2_05,8,H, 1.000E+01,clip, 1.000E-08, 1.000E-01, 1.000E-01,2,6,0,0,60, 1.33982E+00, 1.011047539E-01,1007,8,Hc10
Kirby2_05,8,H, 1.000E+01,clip, 1.000E-08, 1.000E-01, 1.000E-01,2,7,0,0,35, 9.91857E-01, 9.927104444E-02,614,8,Hc10
Kirby2_05,8,H, 1.000E+01,clip, 1.000E-08, 1.000E-01, 1.000E-01,2,8,0,0,108, 2.26420E+00, 1.075756623E-01,845,8,Hc10
Kirby2_05,8,H, 1.000E+01,clip, 1.000E-08, 1.000E-01, 1.000E-01,2,9,0,0,45, 1.04978E+00, 1.196643529E-01,558,8,Hc10
Kirby2_05,8,H, 1.000E+01,clip, 1.000E-08, 1.000E-01, 1.000E-01,2,10,0,0,81, 1.31930E+00, 1.093413394E-01,416,8,Hc10
Kirby2_05,8,QN, 1.000E+04,scale, 1.000E-08, 1.000E-01, 1.000E-01,2,1,0,0,49, 1.65309E+00, 9.991566244E-02,765,8,QN
Kirby2_05,8,QN, 1.000E+04,scale, 1.000E-08, 1.000E-01, 1.000E-01,2,2,0,0,50, 8.27956E-01, 1.107129783E-01,684,8,QN
Kirby2_05,8,QN, 1.000E+04,scale, 1.000E-08, 1.000E-01, 1.000E-01,2,3,0,0,37, 9.36448E-01, 1.089733979E-01,480,8,QN
Kirby2_05,8,QN, 1.000E+04,scale, 1.000E-08, 1.000E-01, 1.000E-01,2,4,0,0,17, 5.26457E-01, 9.063334306E-02,215,8,QN
Kirby2_05,8,QN, 1.000E+04,scale, 1.000E-08, 1.000E-01, 1.000E-01,2,5,0,0,26, 1.29659E+00, 9.494619684E-02,216,8,QN
Kirby2_05,8,QN, 1.000E+04,scale, 1.000E-08, 1.000E-01, 1.000E-01,2,6,0,0,59, 1.55895E+00, 9.640791933E-02,970,8,QN
Kirby2_05,8,QN, 1.000E+04,scale, 1.000E-08, 1.000E-01, 1.000E-01,2,7,0,1,50, 1.14771E+00, 1.003103357E-01,875,8,QN
Kirby2_05,8,QN, 1.000E+04,scale, 1.000E-08, 1.000E-01, 1.000E-01,2,8,0,0,49, 1.01086E+00, 1.011754213E-01,799,8,QN
Kirby2_05,8,QN, 1.000E+04,scale, 1.000E-08, 1.000E-01, 1.000E-01,2,9,0,0,30, 8.07027E-01, 1.128666141E-01,559,8,QN
Kirby2_05,8,QN, 1.000E+04,scale, 1.000E-08, 1.000E-01, 1.000E-01,2,10,0,0,28, 6.56961E-01, 9.839345538E-02,363,8,QN
Kirby2_10,15,0, 1.000E+00,scale, 1.000E-08, 1.000E-01, 1.000E-01,1,1,0,0,116, 1.15533E+00, 1.053808801E-01,1967,15,FO
Kirby2_10,15,0, 1.000E+00,scale, 1.000E-08, 1.000E-01, 1.000E-01,1,2,0,0,116, 1.19761E+00, 1.053808801E-01,1967,15,FO
Kirby2_10,15,0, 1.000E+00,scale, 1.000E-08, 1.000E-01, 1.000E-01,1,3,0,0,116, 1.17390E+00, 1.053808801E-01,1967,15,FO
Kirby2_10,15,0, 1.000E+00,scale, 1.000E-08, 1.000E-01, 1.000E-01,1,4,0,0,41, 5.76730E-01, 1.108767324E-01,587,15,FO
Kirby2_10,15,0, 1.000E+00,scale, 1.000E-08, 1.000E-01, 1.000E-01,1,5,0,0,116, 1.23070E+00, 1.053808801E-01,1967,15,FO
Kirby2_10,15,0, 1.000E+00,scale, 1.000E-08, 1.000E-01, 1.000E-01,1,6,0,0,58, 9.84547E-01, 1.034607161E-01,943,15,FO
Kirby2_10,15,0, 1.000E+00,scale, 1.000E-08, 1.000E-01, 1.000E-01,1,7,0,0,116, 1.19078E+00, 1.053808801E-01,1967,15,FO
Kirby2_10,15,0, 1.000E+00,scale, 1.000E-08, 1.000E-01, 1.000E-01,1,8,0,0,116, 1.17358E+00, 1.053808801E-01,1967,15,FO
Kirby2_10,15,0, 1.000E+00,scale, 1.000E-08, 1.000E-01, 1.000E-01,1,9,0,76,3444, 2.82279E+02, 9.618765868E-02,98097,15,FO
Kirby2_10,15,0, 1.000E+00,scale, 1.000E-08, 1.000E-01, 1.000E-01,1,10,0,5,176, 5.59919E+00, 1.015020320E-01,3806,15,FO
Kirby2_10,15,GN, 1.000E+04,scale, 1.000E-08, 1.000E-01, 1.000E-01,1,1,0,0,118, 1.18648E+00, 1.059363389E-01,2001,15,GN
Kirby2_10,15,GN, 1.000E+04,scale, 1.000E-08, 1.000E-01, 1.000E-01,1,2,0,0,118, 1.18703E+00, 1.059363389E-01,2001,15,GN
Kirby2_10,15,GN, 1.000E+04,scale, 1.000E-08, 1.000E-01, 1.000E-01,1,3,0,0,118, 1.18707E+00, 1.059363389E-01,2001,15,GN
Kirby2_10,15,GN, 1.000E+04,scale, 1.000E-08, 1.000E-01, 1.000E-01,1,4,0,0,41, 7.46821E-01, 9.803974987E-02,590,15,GN
Kirby2_10,15,GN, 1.000E+04,scale, 1.000E-08, 1.000E-01, 1.000E-01,1,5,0,0,118, 1.24212E+00, 1.059363389E-01,2001,15,GN
Kirby2_10,15,GN, 1.000E+04,scale, 1.000E-08, 1.000E-01, 1.000E-01,1,6,0,0,60, 1.25110E+00, 1.008113863E-01,994,15,GN
Kirby2_10,15,GN, 1.000E+04,scale, 1.000E-08, 1.000E-01, 1.000E-01,1,7,0,0,118, 1.19839E+00, 1.059363389E-01,2001,15,GN
Kirby2_10,15,GN, 1.000E+04,scale, 1.000E-08, 1.000E-01, 1.000E-01,1,8,0,0,118, 1.19643E+00, 1.059363389E-01,2001,15,GN
Kirby2_10,15,GN, 1.000E+04,scale, 1.000E-08, 1.000E-01, 1.000E-01,1,9,0,142,9642, 8.33023E+02, 9.496378206E-02,271750,15,GN
Kirby2_10,15,GN, 1.000E+04,scale, 1.000E-08, 1.000E-01, 1.000E-01,1,10,0,10,351, 2.46741E+01, 1.082364306E-01,8574,15,GN
Kirby2_10,15,GN, 1.000E+00,scale, 1.000E-08, 1.000E-01, 1.000E-01,1,1,0,0,116, 1.26674E+00, 1.049530815E-01,2003,15,GN1
Kirby2_10,15,GN, 1.000E+00,scale, 1.000E-08, 1.000E-01, 1.000E-01,1,2,0,0,116, 1.26503E+00, 1.049530815E-01,2003,15,GN1
Kirby2_10,15,GN, 1.000E+00,scale, 1.000E-08, 1.000E-01, 1.000E-01,1,3,0,0,116, 1.27162E+00, 1.049530815E-01,2003,15,GN1
Kirby2_10,15,GN, 1.000E+00,scale, 1.000E-08, 1.000E-01, 1.000E-01,1,4,0,0,41, 6.25137E-01, 1.108785834E-01,587,15,GN1
Kirby2_10,15,GN, 1.000E+00,scale, 1.000E-08, 1.000E-01, 1.000E-01,1,5,0,0,116, 1.29947E+00, 1.049530815E-01,2003,15,GN1
Kirby2_10,15,GN, 1.000E+00,scale, 1.000E-08, 1.000E-01, 1.000E-01,1,6,0,0,54, 9.38934E-01, 1.036631112E-01,842,15,GN1
Kirby2_10,15,GN, 1.000E+00,scale, 1.000E-08, 1.000E-01, 1.000E-01,1,7,0,0,116, 1.27503E+00, 1.049530815E-01,2003,15,GN1
Kirby2_10,15,GN, 1.000E+00,scale, 1.000E-08, 1.000E-01, 1.000E-01,1,8,0,0,116, 1.45289E+00, 1.049530815E-01,2003,15,GN1
Kirby2_10,15,GN, 1.000E+00,scale, 1.000E-08, 1.000E-01, 1.000E-01,1,9,0,150,9522, 9.16705E+02, 1.019043345E-01,270844,15,GN1
Kirby2_10,15,GN, 1.000E+00,scale, 1.000E-08, 1.000E-01, 1.000E-01,1,10,0,7,510, 6.91324E+01, 1.057388225E-01,13002,15,GN1
Kirby2_10,15,H, 1.000E+04,scale, 1.000E-08, 1.000E-01, 1.000E-01,1,1,0,0,2510, 1.32029E+02, 1.159772321E-01,3544,15,H
Kirby2_10,15,H, 1.000E+04,scale, 1.000E-08, 1.000E-01, 1.000E-01,1,2,0,0,2510, 1.30139E+02, 1.159772321E-01,3544,15,H
Kirby2_10,15,H, 1.000E+04,scale, 1.000E-08, 1.000E-01, 1.000E-01,1,3,0,0,2510, 1.30416E+02, 1.159772321E-01,3544,15,H
Kirby2_10,15,H, 1.000E+04,scale, 1.000E-08, 1.000E-01, 1.000E-01,1,4,0,0,3120, 7.11607E+01, 1.126951815E-01,3628,15,H
Kirby2_10,15,H, 1.000E+04,scale, 1.000E-08, 1.000E-01, 1.000E-01,1,5,0,0,2510, 1.34281E+02, 1.159772321E-01,3544,15,H
Kirby2_10,15,H, 1.000E+04,scale, 1.000E-08, 1.000E-01, 1.000E-01,1,6,0,0,3352, 6.18050E+01, 1.185208952E-01,4213,15,H
Kirby2_10,15,H, 1.000E+04,scale, 1.000E-08, 1.000E-01, 1.000E-01,1,7,0,0,2510, 1.33093E+02, 1.159772321E-01,3544,15,H
Kirby2_10,15,H, 1.000E+04,scale, 1.000E-08, 1.000E-01, 1.000E-01,1,8,0,0,2510, 1.32831E+02, 1.159772321E-01,3544,15,H
Kirby2_10,15,H, 1.000E+04,scale, 1.000E-08, 1.000E-01, 1.000E-01,1,9,0,61,3955, 3.02742E+02, 1.126594032E-01,89058,15,H
Kirby2_10,15,H, 1.000E+04,scale, 1.000E-08, 1.000E-01, 1.000E-01,1,10,0,0,1174, 5.28270E+01, 1.067890693E-01,2537,15,H
Kirby2_10,15,H, 1.000E-01,scale, 1.000E-08, 1.000E-01, 1.000E-01,1,1,0,0,112, 1.65441E+00, 1.031065025E-01,1923,15,H0.1
Kirby2_10,15,H, 1.000E-01,scale, 1.000E-08, 1.000E-01, 1.000E-01,1,2,0,0,112, 1.28962E+00, 1.031065025E-01,1923,15,H0.1
Kirby2_10,15,H, 1.000E-01,scale, 1.000E-08, 1.000E-01, 1.000E-01,1,3,0,0,112, 1.29488E+00, 1.031065025E-01,1923,15,H0.1
Kirby2_10,15,H, 1.000E-01,scale, 1.000E-08, 1.000E-01, 1.000E-01,1,4,0,0,41, 5.90144E-01, 1.091079275E-01,574,15,H0.1
Kirby2_10,15,H, 1.000E-01,scale, 1.000E-08, 1.000E-01, 1.000E-01,1,5,0,0,112, 1.34820E+00, 1.031065025E-01,1923,15,H0.1
Kirby2_10,15,H, 1.000E-01,scale, 1.000E-08, 1.000E-01, 1.000E-01,1,6,0,0,60, 1.20554E+00, 1.119741014E-01,943,15,H0.1
Kirby2_10,15,H, 1.000E-01,scale, 1.000E-08, 1.000E-01, 1.000E-01,1,7,0,0,112, 1.39878E+00, 1.031065025E-01,1923,15,H0.1
Kirby2_10,15,H, 1.000E-01,scale, 1.000E-08, 1.000E-01, 1.000E-01,1,8,0,0,112, 1.91155E+00, 1.031065025E-01,1923,15,H0.1
Kirby2_10,15,H, 1.000E-01,scale, 1.000E-08, 1.000E-01, 1.000E-01,1,9,0,91,2630, 2.35983E+02, 3.014859295E+02,78576,7,H0.1
Kirby2_10,15,H, 1.000E-01,scale, 1.000E-08, 1.000E-01, 1.000E-01,1,10,0,2,173, 6.96814E+00, 1.060415008E-01,3547,15,H0.1
Kirby2_10,15,H, 1.000E+00,scale, 1.000E-08, 1.000E-01, 1.000E-01,1,1,0,1,145, 1.79272E+00, 1.066518081E-01,2504,15,H1
Kirby2_10,15,H, 1.000E+00,scale, 1.000E-08, 1.000E-01, 1.000E-01,1,2,0,1,145, 1.89892E+00, 1.066518081E-01,2504,15,H1
Kirby2_10,15,H, 1.000E+00,scale, 1.000E-08, 1.000E-01, 1.000E-01,1,3,0,1,145, 1.54824E+00, 1.066518081E-01,2504,15,H1
Kirby2_10,15,H, 1.000E+00,scale, 1.000E-08, 1.000E-01, 1.000E-01,1,4,0,0,41, 5.89078E-01, 1.085345415E-01,579,15,H1
Kirby2_10,15,H, 1.000E+00,scale, 1.000E-08, 1.000E-01, 1.000E-01,1,5,0,1,145, 1.59162E+00, 1.066518081E-01,2504,15,H1
Kirby2_10,15,H, 1.000E+00,scale, 1.000E-08, 1.000E-01, 1.000E-01,1,6,0,0,54, 8.63391E-01, 1.080780615E-01,842,15,H1
Kirby2_10,15,H, 1.000E+00,scale, 1.000E-08, 1.000E-01, 1.000E-01,1,7,0,1,145, 1.58772E+00, 1.066518081E-01,2504,15,H1
Kirby2_10,15,H, 1.000E+00,scale, 1.000E-08, 1.000E-01, 1.000E-01,1,8,0,1,145, 1.64282E+00, 1.066518081E-01,2504,15,H1
Kirby2_10,15,H, 1.000E+00,scale, 1.000E-08, 1.000E-01, 1.000E-01,1,9,1,154,10000, 8.72720E+02, 3.070947090E+02,280230,7,H1
Kirby2_10,15,H, 1.000E+00,scale, 1.000E-08, 1.000E-01, 1.000E-01,1,10,0,6,249, 1.09029E+01, 1.132551805E-01,5386,15,H1
Kirby2_10,15,H, 1.000E+01,scale, 1.000E-08, 1.000E-01, 1.000E-01,1,1,0,0,114, 1.50031E+00, 9.540308175E-02,1812,15,H10
Kirby2_10,15,H, 1.000E+01,scale, 1.000E-08, 1.000E-01, 1.000E-01,1,2,0,0,114, 1.28468E+00, 9.540308175E-02,1812,15,H10
Kirby2_10,15,H, 1.000E+01,scale, 1.000E-08, 1.000E-01, 1.000E-01,1,3,0,0,114, 1.26348E+00, 9.540308175E-02,1812,15,H10
Kirby2_10,15,H, 1.000E+01,scale, 1.000E-08, 1.000E-01, 1.000E-01,1,4,0,0,41, 5.71018E-01, 1.070715006E-01,566,15,H10
Kirby2_10,15,H, 1.000E+01,scale, 1.000E-08, 1.000E-01, 1.000E-01,1,5,0,0,114, 1.30248E+00, 9.540308175E-02,1812,15,H10
Kirby2_10,15,H, 1.000E+01,scale, 1.000E-08, 1.000E-01, 1.000E-01,1,6,0,0,60, 9.88152E-01, 1.049694795E-01,945,15,H10
Kirby2_10,15,H, 1.000E+01,scale, 1.000E-08, 1.000E-01, 1.000E-01,1,7,0,0,114, 1.34521E+00, 9.540308175E-02,1812,15,H10
Kirby2_10,15,H, 1.000E+01,scale, 1.000E-08, 1.000E-01, 1.000E-01,1,8,0,0,114, 1.36594E+00, 9.540308175E-02,1812,15,H10
Kirby2_10,15,H, 1.000E+01,scale, 1.000E-08, 1.000E-01, 1.000E-01,1,9,0,89,2021, 1.73461E+02, 1.038770568E-01,60433,15,H10
Kirby2_10,15,H, 1.000E+01,scale, 1.000E-08, 1.000E-01, 1.000E-01,1,10,0,3,178, 8.36616E+00, 9.167644060E-02,3749,15,H10
Kirby2_10,15,H, 1.000E+02,scale, 1.000E-08, 1.000E-01, 1.000E-01,1,1,0,3,115, 2.22910E+00, 1.075715075E-01,2316,15,H100
Kirby2_10,15,H, 1.000E+02,scale, 1.000E-08, 1.000E-01, 1.000E-01,1,2,0,3,115, 1.93027E+00, 1.075715075E-01,2316,15,H100
Kirby2_10,15,H, 1.000E+02,scale, 1.000E-08, 1.000E-01, 1.000E-01,1,3,0,3,115, 2.23322E+00, 1.075715075E-01,2316,15,H100
Kirby2_10,15,H, 1.000E+02,scale, 1.000E-08, 1.000E-01, 1.000E-01,1,4,0,0,66, 8.46288E-01, 1.129150893E-01,585,15,H100
Kirby2_10,15,H, 1.000E+02,scale, 1.000E-08, 1.000E-01, 1.000E-01,1,5,0,3,115, 1.97787E+00, 1.075715075E-01,2316,15,H100
Kirby2_10,15,H, 1.000E+02,scale, 1.000E-08, 1.000E-01, 1.000E-01,1,6,0,0,85, 1.45845E+00, 1.094814263E-01,857,15,H100
Kirby2_10,15,H, 1.000E+02,scale, 1.000E-08, 1.000E-01, 1.000E-01,1,7,0,3,115, 2.07103E+00, 1.075715075E-01,2316,15,H100
Kirby2_10,15,H, 1.000E+02,scale, 1.000E-08, 1.000E-01, 1.000E-01,1,8,0,3,115, 2.08060E+00, 1.075715075E-01,2316,15,H100
Kirby2_10,15,H, 1.000E+02,scale, 1.000E-08, 1.000E-01, 1.000E-01,1,9,0,86,6143, 5.66009E+02, 7.229757731E-02,172811,15,H100
Kirby2_10,15,H, 1.000E+02,scale, 1.000E-08, 1.000E-01, 1.000E-01,1,10,0,0,111, 1.62720E+00, 1.145250133E-01,1464,15,H100
Kirby2_10,15,H, 1.000E+00,scale, 1.000E-08, 1.000E-01, 1.000E-01,1,1,0,0,241, 3.06589E+00, 9.834564356E-02,5232,15,HA1
Kirby2_10,15,H, 1.000E+00,scale, 1.000E-08, 1.000E-01, 1.000E-01,1,2,0,0,241, 5.04833E+00, 9.834564356E-02,5232,15,HA1
Kirby2_10,15,H, 1.000E+00,scale, 1.000E-08, 1.000E-01, 1.000E-01,1,3,0,0,241, 2.98016E+00, 9.834564356E-02,5232,15,HA1
Kirby2_10,15,H, 1.000E+00,scale, 1.000E-08, 1.000E-01, 1.000E-01,1,4,0,0,33, 4.61888E-01, 1.057080534E-01,415,15,HA1
Kirby2_10,15,H, 1.000E+00,scale, 1.000E-08, 1.000E-01, 1.000E-01,1,5,0,0,241, 3.00152E+00, 9.834564356E-02,5232,15,HA1
Kirby2_10,15,H, 1.000E+00,scale, 1.000E-08, 1.000E-01, 1.000E-01,1,6,0,0,55, 1.00317E+00, 1.141825536E-01,833,15,HA1
Kirby2_10,15,H, 1.000E+00,scale, 1.000E-08, 1.000E-01, 1.000E-01,1,7,0,0,241, 2.94745E+00, 9.834564356E-02,5232,15,HA1
Kirby2_10,15,H, 1.000E+00,scale, 1.000E-08, 1.000E-01, 1.000E-01,1,8,0,0,241, 2.75786E+00, 9.834564356E-02,5232,15,HA1
Kirby2_10,15,H, 1.000E+00,scale, 1.000E-08, 1.000E-01, 1.000E-01,1,9,0,84,509, 1.19136E+01, 1.010754877E-01,18054,15,HA1
Kirby2_10,15,H, 1.000E+00,scale, 1.000E-08, 1.000E-01, 1.000E-01,1,10,0,0,99, 1.20032E+00, 1.135366559E-01,1678,15,HA1
Kirby2_10,15,H, 1.000E+00,scale, 1.000E-08, 1.000E-01, 1.000E-01,1,1,0,0,108, 1.43854E+00, 1.066574948E-01,1857,15,HA10
Kirby2_10,15,H, 1.000E+00,scale, 1.000E-08, 1.000E-01, 1.000E-01,1,2,0,0,108, 1.87989E+00, 1.066574948E-01,1857,15,HA10
Kirby2_10,15,H, 1.000E+00,scale, 1.000E-08, 1.000E-01, 1.000E-01,1,3,0,0,108, 1.43461E+00, 1.066574948E-01,1857,15,HA10
Kirby2_10,15,H, 1.000E+00,scale, 1.000E-08, 1.000E-01, 1.000E-01,1,4,0,0,45, 7.65623E-01, 1.120221730E-01,577,15,HA10
Kirby2_10,15,H, 1.000E+00,scale, 1.000E-08, 1.000E-01, 1.000E-01,1,5,0,0,108, 1.83325E+00, 1.066574948E-01,1857,15,HA10
Kirby2_10,15,H, 1.000E+00,scale, 1.000E-08, 1.000E-01, 1.000E-01,1,6,0,0,67, 8.75644E-01, 1.068462239E-01,1020,15,HA10
Kirby2_10,15,H, 1.000E+00,scale, 1.000E-08, 1.000E-01, 1.000E-01,1,7,0,0,108, 1.79837E+00, 1.066574948E-01,1857,15,HA10
Kirby2_10,15,H, 1.000E+00,scale, 1.000E-08, 1.000E-01, 1.000E-01,1,8,0,0,108, 1.81423E+00, 1.066574948E-01,1857,15,HA10
Kirby2_10,15,H, 1.000E+00,scale, 1.000E-08, 1.000E-01, 1.000E-01,1,9,0,27,251, 5.05731E+00, 8.997054718E-02,7213,15,HA10
Kirby2_10,15,H, 1.000E+00,scale, 1.000E-08, 1.000E-01, 1.000E-01,1,10,0,116,612, 1.30271E+01, 1.092897854E-01,22691,15,HA10
Kirby2_10,15,H, 1.000E+00,scale, 1.000E-08, 1.000E-01, 1.000E-01,1,1,0,107,441, 9.03554E+00, 1.044565305E-01,17755,15,HA100
Kirby2_10,15,H, 1.000E+00,scale, 1.000E-08, 1.000E-01, 1.000E-01,1,2,0,107,441, 8.01424E+00, 1.044565305E-01,17755,15,HA100
Kirby2_10,15,H, 1.000E+00,scale, 1.000E-08, 1.000E-01, 1.000E-01,1,3,0,107,441, 9.01281E+00, 1.044565305E-01,17755,15,HA100
Kirby2_10,15,H, 1.000E+00,scale, 1.000E-08, 1.000E-01, 1.000E-01,1,4,0,0,42, 5.36419E-01, 1.092453707E-01,492,15,HA100
Kirby2_10,15,H, 1.000E+00,scale, 1.000E-08, 1.000E-01, 1.000E-01,1,5,0,107,441, 1.43170E+01, 1.044565305E-01,17755,15,HA100
Kirby2_10,15,H, 1.000E+00,scale, 1.000E-08, 1.000E-01, 1.000E-01,1,6,0,0,71, 8.69991E-01, 1.094920970E-01,1043,15,HA100
Kirby2_10,15,H, 1.000E+00,scale, 1.000E-08, 1.000E-01, 1.000E-01,1,7,0,107,441, 1.44770E+01, 1.044565305E-01,17755,15,HA100
Kirby2_10,15,H, 1.000E+00,scale, 1.000E-08, 1.000E-01, 1.000E-01,1,8,0,107,441, 1.48553E+01, 1.044565305E-01,17755,15,HA100
Kirby2_10,15,H, 1.000E+00,scale, 1.000E-08, 1.000E-01, 1.000E-01,1,9,0,0,33, 2.03710E+00, 9.813796975E-02,526,15,HA100
Kirby2_10,15,H, 1.000E+00,scale, 1.000E-08, 1.000E-01, 1.000E-01,1,10,0,0,37, 6.64454E-01, 1.139394513E-01,415,15,HA100
Kirby2_10,15,H, 1.000E+00,clip, 1.000E-08, 1.000E-01, 1.000E-01,1,1,0,1,128, 1.98957E+00, 1.176294134E-01,2171,15,Hc1
Kirby2_10,15,H, 1.000E+00,clip, 1.000E-08, 1.000E-01, 1.000E-01,1,2,0,1,128, 2.01112E+00, 1.176294134E-01,2171,15,Hc1
Kirby2_10,15,H, 1.000E+00,clip, 1.000E-08, 1.000E-01, 1.000E-01,1,3,0,1,128, 1.97954E+00, 1.176294134E-01,2171,15,Hc1
Kirby2_10,15,H, 1.000E+00,clip, 1.000E-08, 1.000E-01, 1.000E-01,1,4,0,0,43, 6.83289E-01, 1.095494250E-01,574,15,Hc1
Kirby2_10,15,H, 1.000E+00,clip, 1.000E-08, 1.000E-01, 1.000E-01,1,5,0,1,128, 2.05174E+00, 1.176294134E-01,2171,15,Hc1
Kirby2_10,15,H, 1.000E+00,clip, 1.000E-08, 1.000E-01, 1.000E-01,1,6,0,0,58, 1.11990E+00, 1.075737622E-01,840,15,Hc1
Kirby2_10,15,H, 1.000E+00,clip, 1.000E-08, 1.000E-01, 1.000E-01,1,7,0,1,128, 2.00742E+00, 1.176294134E-01,2171,15,Hc1
Kirby2_10,15,H, 1.000E+00,clip, 1.000E-08, 1.000E-01, 1.000E-01,1,8,0,1,128, 2.00581E+00, 1.176294134E-01,2171,15,Hc1
Kirby2_10,15,H, 1.000E+00,clip, 1.000E-08, 1.000E-01, 1.000E-01,1,9,0,160,8422, 8.53445E+02, 1.168634513E-01,234772,15,Hc1
Kirby2_10,15,H, 1.000E+00,clip, 1.000E-08, 1.000E-01, 1.000E-01,1,10,0,3,744, 9.71465E+01, 1.246637962E-01,19709,15,Hc1
Kirby2_10,15,H, 1.000E+01,clip, 1.000E-08, 1.000E-01, 1.000E-01,1,1,0,2,144, 1.53706E+00, 1.115754266E-01,2155,15,Hc10
Kirby2_10,15,H, 1.000E+01,clip, 1.000E-08, 1.000E-01, 1.000E-01,1,2,0,2,144, 1.52571E+00, 1.115754266E-01,2155,15,Hc10
Kirby2_10,15,H, 1.000E+01,clip, 1.000E-08, 1.000E-01, 1.000E-01,1,3,0,2,144, 1.61786E+00, 1.115754266E-01,2155,15,Hc10
Kirby2_10,15,H, 1.000E+01,clip, 1.000E-08, 1.000E-01, 1.000E-01,1,4,0,0,88, 1.01867E+00, 1.161642185E-01,617,15,Hc10
Kirby2_10,15,H, 1.000E+01,clip, 1.000E-08, 1.000E-01, 1.000E-01,1,5,0,2,144, 1.51820E+00, 1.115754266E-01,2155,15,Hc10
Kirby2_10,15,H, 1.000E+01,clip, 1.000E-08, 1.000E-01, 1.000E-01,1,6,0,0,113, 1.48890E+00, 1.158461165E-01,1003,15,Hc10
Kirby2_10,15,H, 1.000E+01,clip, 1.000E-08, 1.000E-01, 1.000E-01,1,7,0,2,144, 1.51475E+00, 1.115754266E-01,2155,15,Hc10
Kirby2_10,15,H, 1.000E+01,clip, 1.000E-08, 1.000E-01, 1.000E-01,1,8,0,2,144, 1.56966E+00, 1.115754266E-01,2155,15,Hc10
Kirby2_10,15,H, 1.000E+01,clip, 1.000E-08, 1.000E-01, 1.000E-01,1,9,1,126,10000, 9.41457E+02, 3.059495205E+02,283015,7,Hc10
Kirby2_10,15,H, 1.000E+01,clip, 1.000E-08, 1.000E-01, 1.000E-01,1,10,0,3,259, 8.10624E+00, 1.175713205E-01,3884,15,Hc10
Kirby2_10,15,QN, 1.000E+04,scale, 1.000E-08, 1.000E-01, 1.000E-01,1,1,0,0,118, 1.28925E+00, 1.099382055E-01,2055,15,QN
Kirby2_10,15,QN, 1.000E+04,scale, 1.000E-08, 1.000E-01, 1.000E-01,1,2,0,0,123, 1.37633E+00, 1.002141808E-01,2141,15,QN
Kirby2_10,15,QN, 1.000E+04,scale, 1.000E-08, 1.000E-01, 1.000E-01,1,3,0,0,119, 1.35072E+00, 9.470506639E-02,2042,15,QN
Kirby2_10,15,QN, 1.000E+04,scale, 1.000E-08, 1.000E-01, 1.000E-01,1,4,0,0,39, 5.57192E-01, 1.120525818E-01,569,15,QN
Kirby2_10,15,QN, 1.000E+04,scale, 1.000E-08, 1.000E-01, 1.000E-01,1,5,0,0,123, 1.31154E+00, 1.031258420E-01,2144,15,QN
Kirby2_10,15,QN, 1.000E+04,scale, 1.000E-08, 1.000E-01, 1.000E-01,1,6,0,0,58, 9.67769E-01, 1.069562146E-01,949,15,QN
Kirby2_10,15,QN, 1.000E+04,scale, 1.000E-08, 1.000E-01, 1.000E-01,1,7,0,0,120, 1.64446E+00, 9.625547609E-02,2063,15,QN
Kirby2_10,15,QN, 1.000E+04,scale, 1.000E-08, 1.000E-01, 1.000E-01,1,8,0,0,116, 1.65687E+00, 9.689616143E-02,2048,15,QN
Kirby2_10,15,QN, 1.000E+04,scale, 1.000E-08, 1.000E-01, 1.000E-01,1,9,0,90,8374, 7.63511E+02, 1.037677896E-01,236280,15,QN
Kirby2_10,15,QN, 1.000E+04,scale, 1.000E-08, 1.000E-01, 1.000E-01,1,10,0,5,470, 4.63541E+01, 9.567413713E-02,11715,15,QN
Kirby2_10,15,0, 1.000E+00,scale, 1.000E-08, 1.000E-01, 1.000E-01,2,1,0,0,49, 2.18584E+00, 1.001902966E-01,770,15,FO
Kirby2_10,15,0, 1.000E+00,scale, 1.000E-08, 1.000E-01, 1.000E-01,2,2,0,0,45, 1.08980E+00, 1.083689220E-01,584,15,FO
Kirby2_10,15,0, 1.000E+00,scale, 1.000E-08, 1.000E-01, 1.000E-01,2,3,0,0,29, 1.34318E+00, 1.126424615E-01,386,15,FO
Kirby2_10,15,0, 1.000E+00,scale, 1.000E-08, 1.000E-01, 1.000E-01,2,4,0,0,19, 5.69556E-01, 9.274702489E-02,216,15,FO
Kirby2_10,15,0, 1.000E+00,scale, 1.000E-08, 1.000E-01, 1.000E-01,2,5,0,0,13, 2.92275E-01, 9.769050715E-02,184,15,FO
Kirby2_10,15,0, 1.000E+00,scale, 1.000E-08, 1.000E-01, 1.000E-01,2,6,0,0,62, 1.66167E+00, 9.408862811E-02,960,15,FO
Kirby2_10,15,0, 1.000E+00,scale, 1.000E-08, 1.000E-01, 1.000E-01,2,7,0,0,51, 8.88956E-01, 1.003393476E-01,826,15,FO
Kirby2_10,15,0, 1.000E+00,scale, 1.000E-08, 1.000E-01, 1.000E-01,2,8,0,0,50, 9.89305E-01, 1.025350978E-01,790,15,FO
Kirby2_10,15,0, 1.000E+00,scale, 1.000E-08, 1.000E-01, 1.000E-01,2,9,0,0,29, 7.30926E-01, 1.130252244E-01,513,15,FO
Kirby2_10,15,0, 1.000E+00,scale, 1.000E-08, 1.000E-01, 1.000E-01,2,10,0,0,25, 7.07111E-01, 1.003346531E-01,332,15,FO
Kirby2_10,15,GN, 1.000E+04,scale, 1.000E-08, 1.000E-01, 1.000E-01,2,1,0,0,52, 1.99846E+00, 1.002018147E-01,806,15,GN
Kirby2_10,15,GN, 1.000E+04,scale, 1.000E-08, 1.000E-01, 1.000E-01,2,2,0,0,47, 9.87922E-01, 1.077424782E-01,613,15,GN
Kirby2_10,15,GN, 1.000E+04,scale, 1.000E-08, 1.000E-01, 1.000E-01,2,3,0,0,30, 1.40683E+00, 1.109396383E-01,400,15,GN
Kirby2_10,15,GN, 1.000E+04,scale, 1.000E-08, 1.000E-01, 1.000E-01,2,4,0,0,19, 7.00353E-01, 9.278311872E-02,207,15,GN
Kirby2_10,15,GN, 1.000E+04,scale, 1.000E-08, 1.000E-01, 1.000E-01,2,5,0,0,67, 6.85617E+00, 9.672873390E-02,238,15,GN
Kirby2_10,15,GN, 1.000E+04,scale, 1.000E-08, 1.000E-01, 1.000E-01,2,6,0,0,57, 1.36383E+00, 9.398571122E-02,956,15,GN
Kirby2_10,15,GN, 1.000E+04,scale, 1.000E-08, 1.000E-01, 1.000E-01,2,7,0,0,47, 9.71244E-01, 1.103033706E-01,775,15,GN
Kirby2_10,15,GN, 1.000E+04,scale, 1.000E-08, 1.000E-01, 1.000E-01,2,8,0,0,50, 1.07326E+00, 1.011240053E-01,778,15,GN
Kirby2_10,15,GN, 1.000E+04,scale, 1.000E-08, 1.000E-01, 1.000E-01,2,9,0,0,29, 8.21261E-01, 1.133101555E-01,502,15,GN
Kirby2_10,15,GN, 1.000E+04,scale, 1.000E-08, 1.000E-01, 1.000E-01,2,10,0,0,25, 7.71293E-01, 1.028782622E-01,321,15,GN
Kirby2_10,15,GN, 1.000E+00,scale, 1.000E-08, 1.000E-01, 1.000E-01,2,1,0,0,49, 3.09603E+00, 1.002515419E-01,770,15,GN1
Kirby2_10,15,GN, 1.000E+00,scale, 1.000E-08, 1.000E-01, 1.000E-01,2,2,0,0,45, 1.72221E+00, 1.085074885E-01,585,15,GN1
Kirby2_10,15,GN, 1.000E+00,scale, 1.000E-08, 1.000E-01, 1.000E-01,2,3,0,0,29, 1.65489E+00, 1.126305750E-01,397,15,GN1
Kirby2_10,15,GN, 1.000E+00,scale, 1.000E-08, 1.000E-01, 1.000E-01,2,4,0,0,19, 7.15558E-01, 9.274697431E-02,207,15,GN1
Kirby2_10,15,GN, 1.000E+00,scale, 1.000E-08, 1.000E-01, 1.000E-01,2,5,0,0,13, 3.48697E-01, 9.769050933E-02,184,15,GN1
Kirby2_10,15,GN, 1.000E+00,scale, 1.000E-08, 1.000E-01, 1.000E-01,2,6,0,0,58, 1.58580E+00, 9.729642546E-02,936,15,GN1
Kirby2_10,15,GN, 1.000E+00,scale, 1.000E-08, 1.000E-01, 1.000E-01,2,7,0,3,59, 1.37961E+00, 1.002151030E-01,1232,15,GN1
Kirby2_10,15,GN, 1.000E+00,scale, 1.000E-08, 1.000E-01, 1.000E-01,2,8,0,0,50, 1.11794E+00, 1.020227765E-01,778,15,GN1
Kirby2_10,15,GN, 1.000E+00,scale, 1.000E-08, 1.000E-01, 1.000E-01,2,9,0,0,29, 9.22102E-01, 1.130252645E-01,514,15,GN1
Kirby2_10,15,GN, 1.000E+00,scale, 1.000E-08, 1.000E-01, 1.000E-01,2,10,0,0,25, 8.07204E-01, 1.003359478E-01,334,15,GN1
Kirby2_10,15,H, 1.000E+04,scale, 1.000E-08, 1.000E-01, 1.000E-01,2,1,0,0,3440, 1.45315E+02, 1.007189027E-01,4173,15,H
Kirby2_10,15,H, 1.000E+04,scale, 1.000E-08, 1.000E-01, 1.000E-01,2,2,0,0,2248, 9.05329E+01, 1.022660458E-01,2618,15,H
Kirby2_10,15,H, 1.000E+04,scale, 1.000E-08, 1.000E-01, 1.000E-01,2,3,0,0,1347, 3.05386E+01, 1.156140995E-01,1692,15,H
Kirby2_10,15,H, 1.000E+04,scale, 1.000E-08, 1.000E-01, 1.000E-01,2,4,0,0,510, 2.69773E+01, 1.067571273E-01,693,15,H
Kirby2_10,15,H, 1.000E+04,scale, 1.000E-08, 1.000E-01, 1.000E-01,2,5,0,0,655, 3.07039E+01, 1.041601580E-01,821,15,H
Kirby2_10,15,H, 1.000E+04,scale, 1.000E-08, 1.000E-01, 1.000E-01,2,6,0,0,1327, 5.94899E+01, 1.054706476E-01,2210,15,H
Kirby2_10,15,H, 1.000E+04,scale, 1.000E-08, 1.000E-01, 1.000E-01,2,7,0,6,2548, 1.24775E+02, 1.159772321E-01,4829,15,H
Kirby2_10,15,H, 1.000E+04,scale, 1.000E-08, 1.000E-01, 1.000E-01,2,8,0,0,3201, 1.35346E+02, 1.023771798E-01,3913,15,H
Kirby2_10,15,H, 1.000E+04,scale, 1.000E-08, 1.000E-01, 1.000E-01,2,9,0,0,978, 3.54671E+01, 1.110025544E-01,1449,15,H
Kirby2_10,15,H, 1.000E+04,scale, 1.000E-08, 1.000E-01, 1.000E-01,2,10,0,0,3060, 9.39215E+01, 1.022319712E-01,3333,15,H
Kirby2_10,15,H, 1.000E-01,scale, 1.000E-08, 1.000E-01, 1.000E-01,2,1,0,0,49, 1.61875E+00, 1.009705184E-01,770,15,H0.1
Kirby2_10,15,H, 1.000E-01,scale, 1.000E-08, 1.000E-01, 1.000E-01,2,2,0,0,46, 1.08360E+00, 1.091119023E-01,610,15,H0.1
Kirby2_10,15,H, 1.000E-01,scale, 1.000E-08, 1.000E-01, 1.000E-01,2,3,0,0,29, 9.60418E-01, 1.124737906E-01,391,15,H0.1
Kirby2_10,15,H, 1.000E-01,scale, 1.000E-08, 1.000E-01, 1.000E-01,2,4,0,0,19, 6.92771E-01, 9.274954738E-02,216,15,H0.1
Kirby2_10,15,H, 1.000E-01,scale, 1.000E-08, 1.000E-01, 1.000E-01,2,5,0,0,13, 3.46227E-01, 9.769262337E-02,184,15,H0.1
Kirby2_10,15,H, 1.000E-01,scale, 1.000E-08, 1.000E-01, 1.000E-01,2,6,0,0,60, 2.11435E+00, 9.387053217E-02,947,15,H0.1
Kirby2_10,15,H, 1.000E-01,scale, 1.000E-08, 1.000E-01, 1.000E-01,2,7,0,0,48, 9.85303E-01, 1.080895780E-01,800,15,H0.1
Kirby2_10,15,H, 1.000E-01,scale, 1.000E-08, 1.000E-01, 1.000E-01,2,8,0,0,54, 1.36259E+00, 9.852875412E-02,846,15,H0.1
Kirby2_10,15,H, 1.000E-01,scale, 1.000E-08, 1.000E-01, 1.000E-01,2,9,0,0,29, 7.94865E-01, 1.132013915E-01,507,15,H0.1
Kirby2_10,15,H, 1.000E-01,scale, 1.000E-08, 1.000E-01, 1.000E-01,2,10,0,0,25, 9.38774E-01, 1.011348425E-01,326,15,H0.1
Kirby2_10,15,H, 1.000E+00,scale, 1.000E-08, 1.000E-01, 1.000E-01,2,1,0,0,49, 2.19545E+00, 1.017929941E-01,780,15,H1
Kirby2_10,15,H, 1.000E+00,scale, 1.000E-08, 1.000E-01, 1.000E-01,2,2,0,0,44, 9.16379E-01, 1.125961173E-01,565,15,H1
Kirby2_10,15,H, 1.000E+00,scale, 1.000E-08, 1.000E-01, 1.000E-01,2,3,0,0,29, 1.10542E+00, 1.148969298E-01,390,15,H1
Kirby2_10,15,H, 1.000E+00,scale, 1.000E-08, 1.000E-01, 1.000E-01,2,4,0,0,19, 6.23111E-01, 9.277346861E-02,207,15,H1
Kirby2_10,15,H, 1.000E+00,scale, 1.000E-08, 1.000E-01, 1.000E-01,2,5,0,0,13, 3.37661E-01, 9.770364509E-02,184,15,H1
Kirby2_10,15,H, 1.000E+00,scale, 1.000E-08, 1.000E-01, 1.000E-01,2,6,0,0,58, 1.65423E+00, 9.735862447E-02,939,15,H1
Kirby2_10,15,H, 1.000E+00,scale, 1.000E-08, 1.000E-01, 1.000E-01,2,7,0,2,55, 1.21191E+00, 1.109965908E-01,1086,15,H1
Kirby2_10,15,H, 1.000E+00,scale, 1.000E-08, 1.000E-01, 1.000E-01,2,8,0,0,50, 1.23098E+00, 1.018365769E-01,782,15,H1
Kirby2_10,15,H, 1.000E+00,scale, 1.000E-08, 1.000E-01, 1.000E-01,2,9,0,0,29, 9.74326E-01, 1.146598968E-01,506,15,H1
Kirby2_10,15,H, 1.000E+00,scale, 1.000E-08, 1.000E-01, 1.000E-01,2,10,0,0,25, 7.34167E-01, 1.015361013E-01,326,15,H1
Kirby2_10,15,H, 1.000E+01,scale, 1.000E-08, 1.000E-01, 1.000E-01,2,1,0,0,50, 3.97228E+00, 9.896359558E-02,776,15,H10
Kirby2_10,15,H, 1.000E+01,scale, 1.000E-08, 1.000E-01, 1.000E-01,2,2,0,0,45, 9.74221E-01, 1.165291192E-01,566,15,H10
Kirby2_10,15,H, 1.000E+01,scale, 1.000E-08, 1.000E-01, 1.000E-01,2,3,0,0,28, 1.33176E+00, 1.092680619E-01,395,15,H10
Kirby2_10,15,H, 1.000E+01,scale, 1.000E-08, 1.000E-01, 1.000E-01,2,4,0,0,19, 6.66475E-01, 9.301984101E-02,207,15,H10
Kirby2_10,15,H, 1.000E+01,scale, 1.000E-08, 1.000E-01, 1.000E-01,2,5,0,0,48, 2.68783E+00, 9.545795487E-02,219,15,H10
Kirby2_10,15,H, 1.000E+01,scale, 1.000E-08, 1.000E-01, 1.000E-01,2,6,0,0,63, 1.48802E+00, 8.786829920E-02,998,15,H10
Kirby2_10,15,H, 1.000E+01,scale, 1.000E-08, 1.000E-01, 1.000E-01,2,7,0,0,45, 1.09048E+00, 1.034828677E-01,774,15,H10
Kirby2_10,15,H, 1.000E+01,scale, 1.000E-08, 1.000E-01, 1.000E-01,2,8,0,0,51, 1.00042E+00, 9.811156472E-02,780,15,H10
Kirby2_10,15,H, 1.000E+01,scale, 1.000E-08, 1.000E-01, 1.000E-01,2,9,0,0,30, 8.05361E-01, 1.125975185E-01,515,15,H10
Kirby2_10,15,H, 1.000E+01,scale, 1.000E-08, 1.000E-01, 1.000E-01,2,10,0,0,26, 1.18704E+00, 9.858254505E-02,319,15,H10
Kirby2_10,15,H, 1.000E+02,scale, 1.000E-08, 1.000E-01, 1.000E-01,2,1,0,0,80, 2.30183E+00, 1.017337429E-01,798,15,H100
Kirby2_10,15,H, 1.000E+02,scale, 1.000E-08, 1.000E-01, 1.000E-01,2,2,0,0,49, 1.07988E+00, 1.052268793E-01,460,15,H100
Kirby2_10,15,H, 1.000E+02,scale, 1.000E-08, 1.000E-01, 1.000E-01,2,3,0,0,41, 1.39592E+00, 1.157077736E-01,393,15,H100
Kirby2_10,15,H, 1.000E+02,scale, 1.000E-08, 1.000E-01, 1.000E-01,2,4,0,0,29, 1.98170E+00, 9.892469517E-02,217,15,H100
Kirby2_10,15,H, 1.000E+02,scale, 1.000E-08, 1.000E-01, 1.000E-01,2,5,0,0,24, 1.10820E+00, 9.546918076E-02,195,15,H100
Kirby2_10,15,H, 1.000E+02,scale, 1.000E-08, 1.000E-01, 1.000E-01,2,6,0,0,90, 4.51601E+00, 9.470115910E-02,978,15,H100
Kirby2_10,15,H, 1.000E+02,scale, 1.000E-08, 1.000E-01, 1.000E-01,2,7,0,1,46, 1.12810E+00, 8.170253005E-02,934,15,H100
Kirby2_10,15,H, 1.000E+02,scale, 1.000E-08, 1.000E-01, 1.000E-01,2,8,0,0,77, 1.69535E+00, 1.038516298E-01,806,15,H100
Kirby2_10,15,H, 1.000E+02,scale, 1.000E-08, 1.000E-01, 1.000E-01,2,9,0,0,36, 9.22388E-01, 1.162152362E-01,508,15,H100
Kirby2_10,15,H, 1.000E+02,scale, 1.000E-08, 1.000E-01, 1.000E-01,2,10,0,0,51, 1.17458E+00, 1.048394735E-01,344,15,H100
Kirby2_10,15,H, 1.000E+00,scale, 1.000E-08, 1.000E-01, 1.000E-01,2,1,0,0,59, 1.71686E+00, 1.028169047E-01,973,15,HA1
Kirby2_10,15,H, 1.000E+00,scale, 1.000E-08, 1.000E-01, 1.000E-01,2,2,0,0,49, 6.07503E-01, 1.108575788E-01,688,15,HA1
Kirby2_10,15,H, 1.000E+00,scale, 1.000E-08, 1.000E-01, 1.000E-01,2,3,0,0,28, 6.68425E-01, 1.146046705E-01,344,15,HA1
Kirby2_10,15,H, 1.000E+00,scale, 1.000E-08, 1.000E-01, 1.000E-01,2,4,0,0,15, 4.26355E-01, 9.869882222E-02,204,15,HA1
Kirby2_10,15,H, 1.000E+00,scale, 1.000E-08, 1.000E-01, 1.000E-01,2,5,0,0,8, 3.67601E-01, 9.931718802E-02,85,15,HA1
Kirby2_10,15,H, 1.000E+00,scale, 1.000E-08, 1.000E-01, 1.000E-01,2,6,0,0,56, 1.06009E+00, 9.773405816E-02,876,15,HA1
Kirby2_10,15,H, 1.000E+00,scale, 1.000E-08, 1.000E-01, 1.000E-01,2,7,0,45,184, 5.78473E+00, 1.122585614E-01,7239,15,HA1
Kirby2_10,15,H, 1.000E+00,scale, 1.000E-08, 1.000E-01, 1.000E-01,2,8,0,0,52, 9.51147E-01, 1.023023014E-01,825,15,HA1
Kirby2_10,15,H, 1.000E+00,scale, 1.000E-08, 1.000E-01, 1.000E-01,2,9,0,0,27, 1.03257E+00, 1.138402837E-01,487,15,HA1
Kirby2_10,15,H, 1.000E+00,scale, 1.000E-08, 1.000E-01, 1.000E-01,2,10,0,0,26, 9.29780E-01, 1.004463573E-01,355,15,HA1
Kirby2_10,15,H, 1.000E+00,scale, 1.000E-08, 1.000E-01, 1.000E-01,2,1,0,2,63, 1.67059E+00, 1.011862194E-01,1226,15,HA10
Kirby2_10,15,H, 1.000E+00,scale, 1.000E-08, 1.000E-01, 1.000E-01,2,2,0,0,42, 6.60386E-01, 1.084938785E-01,552,15,HA10
Kirby2_10,15,H, 1.000E+00,scale, 1.000E-08, 1.000E-01, 1.000E-01,2,3,0,0,22, 6.03388E-01, 1.090309453E-01,277,15,HA10
Kirby2_10,15,H, 1.000E+00,scale, 1.000E-08, 1.000E-01, 1.000E-01,2,4,0,0,14, 4.83566E-01, 1.028220874E-01,163,15,HA10
Kirby2_10,15,H, 1.000E+00,scale, 1.000E-08, 1.000E-01, 1.000E-01,2,5,0,0,12, 3.85979E-01, 9.510781709E-02,149,15,HA10
Kirby2_10,15,H, 1.000E+00,scale, 1.000E-08, 1.000E-01, 1.000E-01,2,6,0,0,63, 1.11169E+00, 1.004651806E-01,1025,15,HA10
Kirby2_10,15,H, 1.000E+00,scale, 1.000E-08, 1.000E-01, 1.000E-01,2,7,0,16,92, 2.96742E+00, 1.023060469E-01,3050,15,HA10
Kirby2_10,15,H, 1.000E+00,scale, 1.000E-08, 1.000E-01, 1.000E-01,2,8,0,0,50, 9.23635E-01, 1.047456317E-01,791,15,HA10
Kirby2_10,15,H, 1.000E+00,scale, 1.000E-08, 1.000E-01, 1.000E-01,2,9,0,0,30, 8.57994E-01, 1.179685542E-01,521,15,HA10
Kirby2_10,15,H, 1.000E+00,scale, 1.000E-08, 1.000E-01, 1.000E-01,2,10,0,0,30, 8.48308E-01, 1.001922142E-01,371,15,HA10
Kirby2_10,15,H, 1.000E+00,scale, 1.000E-08, 1.000E-01, 1.000E-01,2,1,0,0,48, 1.25664E+00, 9.977427941E-02,776,15,HA100
Kirby2_10,15,H, 1.000E+00,scale, 1.000E-08, 1.000E-01, 1.000E-01,2,2,0,0,31, 5.50394E-01, 9.553442673E-02,411,15,HA100
Kirby2_10,15,H, 1.000E+00,scale, 1.000E-08, 1.000E-01, 1.000E-01,2,3,0,0,27, 5.57964E-01, 1.110538252E-01,316,15,HA100
Kirby2_10,15,H, 1.000E+00,scale, 1.000E-08, 1.000E-01, 1.000E-01,2,4,0,0,14, 5.70814E-01, 7.511874227E-02,174,15,HA100
Kirby2_10,15,H, 1.000E+00,scale, 1.000E-08, 1.000E-01, 1.000E-01,2,5,0,0,11, 3.78600E-01, 9.202376384E-02,102,15,HA100
Kirby2_10,15,H, 1.000E+00,scale, 1.000E-08, 1.000E-01, 1.000E-01,2,6,0,0,53, 1.18481E+00, 1.032342102E-01,830,15,HA100
Kirby2_10,15,H, 1.000E+00,scale, 1.000E-08, 1.000E-01, 1.000E-01,2,7,0,0,33, 8.86380E-01, 9.968415348E-02,529,15,HA100
Kirby2_10,15,H, 1.000E+00,scale, 1.000E-08, 1.000E-01, 1.000E-01,2,8,0,8,99, 2.06539E+00, 1.062333196E-01,2428,15,HA100
Kirby2_10,15,H, 1.000E+00,scale, 1.000E-08, 1.000E-01, 1.000E-01,2,9,0,0,21, 4.47193E-01, 1.170747995E-01,392,15,HA100
Kirby2_10,15,H, 1.000E+00,scale, 1.000E-08, 1.000E-01, 1.000E-01,2,10,0,0,23, 7.35848E-01, 9.699645537E-02,282,15,HA100
Kirby2_10,15,H, 1.000E+00,clip, 1.000E-08, 1.000E-01, 1.000E-01,2,1,0,0,55, 1.80564E+00, 1.025109156E-01,780,15,Hc1
Kirby2_10,15,H, 1.000E+00,clip, 1.000E-08, 1.000E-01, 1.000E-01,2,2,0,0,50, 1.27522E+00, 1.117450941E-01,610,15,Hc1
Kirby2_10,15,H, 1.000E+00,clip, 1.000E-08, 1.000E-01, 1.000E-01,2,3,0,0,30, 1.16251E+00, 1.115775349E-01,397,15,Hc1
Kirby2_10,15,H, 1.000E+00,clip, 1.000E-08, 1.000E-01, 1.000E-01,2,4,0,0,49, 2.87428E+00, 9.362992864E-02,237,15,Hc1
Kirby2_10,15,H, 1.000E+00,clip, 1.000E-08, 1.000E-01, 1.000E-01,2,5,0,0,47, 3.11283E+00, 9.582900929E-02,218,15,Hc1
Kirby2_10,15,H, 1.000E+00,clip, 1.000E-08, 1.000E-01, 1.000E-01,2,6,0,0,88, 4.44443E+00, 9.764317077E-02,966,15,Hc1
Kirby2_10,15,H, 1.000E+00,clip, 1.000E-08, 1.000E-01, 1.000E-01,2,7,0,2,50, 8.89549E-01, 1.007191562E-01,1081,15,Hc1
Kirby2_10,15,H, 1.000E+00,clip, 1.000E-08, 1.000E-01, 1.000E-01,2,8,0,0,56, 1.54176E+00, 1.041664222E-01,824,15,Hc1
Kirby2_10,15,H, 1.000E+00,clip, 1.000E-08, 1.000E-01, 1.000E-01,2,9,0,0,30, 6.98007E-01, 1.157870070E-01,502,15,Hc1
Kirby2_10,15,H, 1.000E+00,clip, 1.000E-08, 1.000E-01, 1.000E-01,2,10,0,0,27, 6.15928E-01, 1.107930301E-01,320,15,Hc1
Kirby2_10,15,H, 1.000E+01,clip, 1.000E-08, 1.000E-01, 1.000E-01,2,1,0,0,108, 2.05388E+00, 1.086415279E-01,839,15,Hc10
Kirby2_10,15,H, 1.000E+01,clip, 1.000E-08, 1.000E-01, 1.000E-01,2,2,0,0,100, 1.57975E+00, 1.062763745E-01,662,15,Hc10
Kirby2_10,15,H, 1.000E+01,clip, 1.000E-08, 1.000E-01, 1.000E-01,2,3,0,0,54, 9.56033E-01, 1.188403114E-01,406,15,Hc10
Kirby2_10,15,H, 1.000E+01,clip, 1.000E-08, 1.000E-01, 1.000E-01,2,4,0,0,165, 1.87244E+01, 9.683122770E-02,353,15,Hc10
Kirby2_10,15,H, 1.000E+01,clip, 1.000E-08, 1.000E-01, 1.000E-01,2,5,0,0,117, 7.65903E+00, 9.614829562E-02,288,15,Hc10
Kirby2_10,15,H, 1.000E+01,clip, 1.000E-08, 1.000E-01, 1.000E-01,2,6,0,0,343, 2.77653E+01, 9.621979729E-02,1241,15,Hc10
Kirby2_10,15,H, 1.000E+01,clip, 1.000E-08, 1.000E-01, 1.000E-01,2,7,0,10,73, 1.56085E+00, 7.770388724E-02,2210,15,Hc10
Kirby2_10,15,H, 1.000E+01,clip, 1.000E-08, 1.000E-01, 1.000E-01,2,8,0,0,108, 2.26517E+00, 1.078951687E-01,860,15,Hc10
Kirby2_10,15,H, 1.000E+01,clip, 1.000E-08, 1.000E-01, 1.000E-01,2,9,0,0,44, 1.25398E+00, 1.182616200E-01,516,15,Hc10
Kirby2_10,15,H, 1.000E+01,clip, 1.000E-08, 1.000E-01, 1.000E-01,2,10,0,0,75, 1.05916E+00, 1.106779191E-01,368,15,Hc10
Kirby2_10,15,QN, 1.000E+04,scale, 1.000E-08, 1.000E-01, 1.000E-01,2,1,0,0,49, 2.17574E+00, 1.002101228E-01,779,15,QN
Kirby2_10,15,QN, 1.000E+04,scale, 1.000E-08, 1.000E-01, 1.000E-01,2,2,0,0,45, 8.90281E-01, 1.064434444E-01,581,15,QN
Kirby2_10,15,QN, 1.000E+04,scale, 1.000E-08, 1.000E-01, 1.000E-01,2,3,0,0,28, 1.34125E+00, 1.083674980E-01,394,15,QN
Kirby2_10,15,QN, 1.000E+04,scale, 1.000E-08, 1.000E-01, 1.000E-01,2,4,0,0,19, 8.30481E-01, 9.293845134E-02,207,15,QN
Kirby2_10,15,QN, 1.000E+04,scale, 1.000E-08, 1.000E-01, 1.000E-01,2,5,0,0,13, 3.90315E-01, 9.776285458E-02,184,15,QN
Kirby2_10,15,QN, 1.000E+04,scale, 1.000E-08, 1.000E-01, 1.000E-01,2,6,0,0,57, 1.30898E+00, 9.436576854E-02,956,15,QN
Kirby2_10,15,QN, 1.000E+04,scale, 1.000E-08, 1.000E-01, 1.000E-01,2,7,0,4,64, 1.10917E+00, 1.164228388E-01,1426,15,QN
Kirby2_10,15,QN, 1.000E+04,scale, 1.000E-08, 1.000E-01, 1.000E-01,2,8,0,0,55, 1.02153E+00, 1.019465163E-01,839,15,QN
Kirby2_10,15,QN, 1.000E+04,scale, 1.000E-08, 1.000E-01, 1.000E-01,2,9,0,0,29, 9.10026E-01, 1.141537225E-01,515,15,QN
Kirby2_10,15,QN, 1.000E+04,scale, 1.000E-08, 1.000E-01, 1.000E-01,2,10,0,0,25, 7.87588E-01, 1.008996383E-01,332,15,QN
Lanczos3_05,2,0, 1.000E+00,scale, 1.000E-08, 1.000E-01, 1.000E-01,1,1,0,0,4, 1.36500E-03, 1.670063584E-01,7,1,FO
Lanczos3_05,2,0, 1.000E+00,scale, 1.000E-08, 1.000E-01, 1.000E-01,1,2,0,0,4, 1.08500E-03, 1.670063584E-01,7,1,FO
Lanczos3_05,2,0, 1.000E+00,scale, 1.000E-08, 1.000E-01, 1.000E-01,1,3,0,0,4, 1.03500E-03, 1.670063584E-01,7,1,FO
Lanczos3_05,2,0, 1.000E+00,scale, 1.000E-08, 1.000E-01, 1.000E-01,1,4,0,0,4, 1.05900E-03, 1.670063584E-01,7,1,FO
Lanczos3_05,2,0, 1.000E+00,scale, 1.000E-08, 1.000E-01, 1.000E-01,1,5,0,0,4, 1.02200E-03, 1.670063584E-01,7,1,FO
Lanczos3_05,2,0, 1.000E+00,scale, 1.000E-08, 1.000E-01, 1.000E-01,1,6,0,0,4, 1.00300E-03, 1.670063584E-01,7,1,FO
Lanczos3_05,2,0, 1.000E+00,scale, 1.000E-08, 1.000E-01, 1.000E-01,1,7,0,0,4, 1.03000E-03, 1.670063584E-01,7,1,FO
Lanczos3_05,2,0, 1.000E+00,scale, 1.000E-08, 1.000E-01, 1.000E-01,1,8,0,0,4, 1.04300E-03, 1.670063584E-01,7,1,FO
Lanczos3_05,2,0, 1.000E+00,scale, 1.000E-08, 1.000E-01, 1.000E-01,1,9,0,0,4, 1.02200E-03, 1.670063584E-01,7,1,FO
Lanczos3_05,2,0, 1.000E+00,scale, 1.000E-08, 1.000E-01, 1.000E-01,1,10,0,0,4, 1.00500E-03, 1.670063584E-01,7,1,FO
Lanczos3_05,2,GN, 1.000E+04,scale, 1.000E-08, 1.000E-01, 1.000E-01,1,1,0,0,3, 4.34800E-03, 8.895670634E-02,4,0,GN
Lanczos3_05,2,GN, 1.000E+04,scale, 1.000E-08, 1.000E-01, 1.000E-01,1,2,0,0,3, 3.76300E-03, 9.060110061E-02,4,0,GN
Lanczos3_05,2,GN, 1.000E+04,scale, 1.000E-08, 1.000E-01, 1.000E-01,1,3,0,0,3, 4.32700E-03, 8.968166296E-02,4,0,GN
Lanczos3_05,2,GN, 1.000E+04,scale, 1.000E-08, 1.000E-01, 1.000E-01,1,4,0,0,3, 4.55200E-03, 8.873014551E-02,4,0,GN
Lanczos3_05,2,GN, 1.000E+04,scale, 1.000E-08, 1.000E-01, 1.000E-01,1,5,0,0,3, 4.59000E-03, 8.992897602E-02,4,0,GN
Lanczos3_05,2,GN, 1.000E+04,scale, 1.000E-08, 1.000E-01, 1.000E-01,1,6,0,0,3, 4.05600E-03, 8.893877302E-02,4,0,GN
Lanczos3_05,2,GN, 1.000E+04,scale, 1.000E-08, 1.000E-01, 1.000E-01,1,7,0,0,3, 3.62100E-03, 8.922033557E-02,4,0,GN
Lanczos3_05,2,GN, 1.000E+04,scale, 1.000E-08, 1.000E-01, 1.000E-01,1,8,0,0,3, 3.75400E-03, 9.006945348E-02,4,0,GN
Lanczos3_05,2,GN, 1.000E+04,scale, 1.000E-08, 1.000E-01, 1.000E-01,1,9,0,0,3, 4.52700E-03, 8.898675680E-02,4,0,GN
Lanczos3_05,2,GN, 1.000E+04,scale, 1.000E-08, 1.000E-01, 1.000E-01,1,10,0,0,3, 3.93300E-03, 8.928649192E-02,4,0,GN
Lanczos3_05,2,GN, 1.000E+00,scale, 1.000E-08, 1.000E-01, 1.000E-01,1,1,0,0,7, 7.01000E-03, 1.381003085E-01,8,1,GN1
Lanczos3_05,2,GN, 1.000E+00,scale, 1.000E-08, 1.000E-01, 1.000E-01,1,2,0,0,20, 1.06290E-02, 9.977384830E-02,21,2,GN1
Lanczos3_05,2,GN, 1.000E+00,scale, 1.000E-08, 1.000E-01, 1.000E-01,1,3,0,0,36, 3.09230E-02, 1.000587418E-01,37,2,GN1
Lanczos3_05,2,GN, 1.000E+00,scale, 1.000E-08, 1.000E-01, 1.000E-01,1,4,0,0,9, 5.52700E-03, 1.618513560E-01,10,1,GN1
Lanczos3_05,2,GN, 1.000E+00,scale, 1.000E-08, 1.000E-01, 1.000E-01,1,5,0,0,68, 1.09650E-01, 1.000721962E-01,69,1,GN1
Lanczos3_05,2,GN, 1.000E+00,scale, 1.000E-08, 1.000E-01, 1.000E-01,1,6,0,0,74, 4.29790E-02, 1.004979598E-01,76,2,GN1
Lanczos3_05,2,GN, 1.000E+00,scale, 1.000E-08, 1.000E-01, 1.000E-01,1,7,0,0,3, 4.04800E-03, 9.327335443E-02,4,1,GN1
Lanczos3_05,2,GN, 1.000E+00,scale, 1.000E-08, 1.000E-01, 1.000E-01,1,8,0,0,43, 2.67090E-02, 1.000316344E-01,44,2,GN1
Lanczos3_05,2,GN, 1.000E+00,scale, 1.000E-08, 1.000E-01, 1.000E-01,1,9,0,0,22, 1.42580E-02, 1.702794716E-01,23,1,GN1
Lanczos3_05,2,GN, 1.000E+00,scale, 1.000E-08, 1.000E-01, 1.000E-01,1,10,0,0,32, 4.66410E-02, 1.520264818E-01,33,1,GN1
Lanczos3_05,2,H, 1.000E+04,scale, 1.000E-08, 1.000E-01, 1.000E-01,1,1,0,0,3, 4.17800E-03, 9.711392305E-02,4,0,H
Lanczos3_05,2,H, 1.000E+04,scale, 1.000E-08, 1.000E-01, 1.000E-01,1,2,0,0,1948, 1.78323E+00, 1.030585613E-01,1961,0,H
Lanczos3_05,2,H, 1.000E+04,scale, 1.000E-08, 1.000E-01, 1.000E-01,1,3,0,0,4, 3.66100E-03, 1.009253589E-01,5,0,H
Lanczos3_05,2,H, 1.000E+04,scale, 1.000E-08, 1.000E-01, 1.000E-01,1,4,0,0,4, 3.56800E-03, 9.216167434E-02,5,0,H
Lanczos3_05,2,H, 1.000E+04,scale, 1.000E-08, 1.000E-01, 1.000E-01,1,5,0,0,8, 4.14200E-03, 1.017078323E-01,9,0,H
Lanczos3_05,2,H, 1.000E+04,scale, 1.000E-08, 1.000E-01, 1.000E-01,1,6,0,0,4, 3.73600E-03, 9.822267893E-02,5,0,H
Lanczos3_05,2,H, 1.000E+04,scale, 1.000E-08, 1.000E-01, 1.000E-01,1,7,0,0,394, 8.49832E-01, 1.027360732E-01,395,0,H
Lanczos3_05,2,H, 1.000E+04,scale, 1.000E-08, 1.000E-01, 1.000E-01,1,8,0,0,8, 4.04500E-03, 9.921229315E-02,9,0,H
Lanczos3_05,2,H, 1.000E+04,scale, 1.000E-08, 1.000E-01, 1.000E-01,1,9,0,0,4, 2.00750E-02, 9.401090282E-02,18,0,H
Lanczos3_05,2,H, 1.000E+04,scale, 1.000E-08, 1.000E-01, 1.000E-01,1,10,0,0,3, 3.19900E-03, 9.349227182E-02,4,0,H
Lanczos3_05,2,H, 1.000E-01,scale, 1.000E-08, 1.000E-01, 1.000E-01,1,1,0,0,156, 1.43568E-01, 1.009741288E-01,159,1,H0.1
Lanczos3_05,2,H, 1.000E-01,scale, 1.000E-08, 1.000E-01, 1.000E-01,1,2,0,0,156, 1.43806E-01, 1.009741288E-01,159,1,H0.1
Lanczos3_05,2,H, 1.000E-01,scale, 1.000E-08, 1.000E-01, 1.000E-01,1,3,0,0,156, 2.00717E-01, 1.009741288E-01,159,1,H0.1
Lanczos3_05,2,H, 1.000E-01,scale, 1.000E-08, 1.000E-01, 1.000E-01,1,4,0,0,156, 2.12443E-01, 1.009741288E-01,159,1,H0.1
Lanczos3_05,2,H, 1.000E-01,scale, 1.000E-08, 1.000E-01, 1.000E-01,1,5,0,0,156, 2.29854E-01, 1.009741288E-01,159,1,H0.1
Lanczos3_05,2,H, 1.000E-01,scale, 1.000E-08, 1.000E-01, 1.000E-01,1,6,0,0,156, 2.48519E-01, 1.009741288E-01,159,1,H0.1
Lanczos3_05,2,H, 1.000E-01,scale, 1.000E-08, 1.000E-01, 1.000E-01,1,7,0,0,156, 1.87828E-01, 1.009741288E-01,159,1,H0.1
Lanczos3_05,2,H, 1.000E-01,scale, 1.000E-08, 1.000E-01, 1.000E-01,1,8,0,0,156, 1.42382E-01, 1.009741288E-01,159,1,H0.1
Lanczos3_05,2,H, 1.000E-01,scale, 1.000E-08, 1.000E-01, 1.000E-01,1,9,0,0,156, 1.40246E-01, 1.009741288E-01,159,1,H0.1
Lanczos3_05,2,H, 1.000E-01,scale, 1.000E-08, 1.000E-01, 1.000E-01,1,10,0,0,156, 1.42510E-01, 1.009741288E-01,159,1,H0.1
Lanczos3_05,2,H, 1.000E+00,scale, 1.000E-08, 1.000E-01, 1.000E-01,1,1,0,0,2, 3.66700E-03, 9.358260368E-02,3,1,H1
Lanczos3_05,2,H, 1.000E+00,scale, 1.000E-08, 1.000E-01, 1.000E-01,1,2,0,0,6, 4.00300E-03, 8.373217437E-02,7,2,H1
Lanczos3_05,2,H, 1.000E+00,scale, 1.000E-08, 1.000E-01, 1.000E-01,1,3,0,0,6, 3.63700E-03, 8.738138879E-02,7,2,H1
Lanczos3_05,2,H, 1.000E+00,scale, 1.000E-08, 1.000E-01, 1.000E-01,1,4,0,0,103, 2.46859E-01, 1.055247146E-01,104,0,H1
Lanczos3_05,2,H, 1.000E+00,scale, 1.000E-08, 1.000E-01, 1.000E-01,1,5,0,0,186, 4.70819E-01, 8.182620269E-02,187,1,H1
Lanczos3_05,2,H, 1.000E+00,scale, 1.000E-08, 1.000E-01, 1.000E-01,1,6,0,0,90, 5.06980E-02, 1.010509567E-01,91,2,H1
Lanczos3_05,2,H, 1.000E+00,scale, 1.000E-08, 1.000E-01, 1.000E-01,1,7,0,0,255, 7.14827E-01, 7.792073885E-02,256,2,H1
Lanczos3_05,2,H, 1.000E+00,scale, 1.000E-08, 1.000E-01, 1.000E-01,1,8,0,0,640, 1.19803E+00, 3.151127289E-02,641,2,H1
Lanczos3_05,2,H, 1.000E+00,scale, 1.000E-08, 1.000E-01, 1.000E-01,1,9,0,0,2, 2.99000E-03, 9.944072279E-02,3,1,H1
Lanczos3_05,2,H, 1.000E+00,scale, 1.000E-08, 1.000E-01, 1.000E-01,1,10,0,0,354, 3.20080E-01, 1.098010248E-01,355,1,H1
Lanczos3_05,2,H, 1.000E+01,scale, 1.000E-08, 1.000E-01, 1.000E-01,1,1,0,0,3, 4.51400E-03, 9.711392305E-02,4,0,H10
Lanczos3_05,2,H, 1.000E+01,scale, 1.000E-08, 1.000E-01, 1.000E-01,1,2,0,0,1948, 1.97715E+00, 1.030585613E-01,1961,0,H10
Lanczos3_05,2,H, 1.000E+01,scale, 1.000E-08, 1.000E-01, 1.000E-01,1,3,0,0,4, 3.48100E-03, 1.009253589E-01,5,0,H10
Lanczos3_05,2,H, 1.000E+01,scale, 1.000E-08, 1.000E-01, 1.000E-01,1,4,0,0,4, 3.43400E-03, 9.216167434E-02,5,0,H10
Lanczos3_05,2,H, 1.000E+01,scale, 1.000E-08, 1.000E-01, 1.000E-01,1,5,0,0,8, 3.93900E-03, 1.017078323E-01,9,0,H10
Lanczos3_05,2,H, 1.000E+01,scale, 1.000E-08, 1.000E-01, 1.000E-01,1,6,0,0,4, 3.46300E-03, 9.822267893E-02,5,0,H10
Lanczos3_05,2,H, 1.000E+01,scale, 1.000E-08, 1.000E-01, 1.000E-01,1,7,0,0,394, 9.43452E-01, 1.027360732E-01,395,0,H10
Lanczos3_05,2,H, 1.000E+01,scale, 1.000E-08, 1.000E-01, 1.000E-01,1,8,0,0,8, 4.50400E-03, 9.921229315E-02,9,0,H10
Lanczos3_05,2,H, 1.000E+01,scale, 1.000E-08, 1.000E-01, 1.000E-01,1,9,0,0,4, 2.17690E-02, 9.401090282E-02,18,0,H10
Lanczos3_05,2,H, 1.000E+01,scale, 1.000E-08, 1.000E-01, 1.000E-01,1,10,0,0,3, 3.53700E-03, 9.349227182E-02,4,0,H10
Lanczos3_05,2,H, 1.000E+02,scale, 1.000E-08, 1.000E-01, 1.000E-01,1,1,0,0,3, 5.03000E-03, 9.711392305E-02,4,0,H100
Lanczos3_05,2,H, 1.000E+02,scale, 1.000E-08, 1.000E-01, 1.000E-01,1,2,0,0,1948, 1.96953E+00, 1.030585613E-01,1961,0,H100
Lanczos3_05,2,H, 1.000E+02,scale, 1.000E-08, 1.000E-01, 1.000E-01,1,3,0,0,4, 3.55800E-03, 1.009253589E-01,5,0,H100
Lanczos3_05,2,H, 1.000E+02,scale, 1.000E-08, 1.000E-01, 1.000E-01,1,4,0,0,4, 3.52000E-03, 9.216167434E-02,5,0,H100
Lanczos3_05,2,H, 1.000E+02,scale, 1.000E-08, 1.000E-01, 1.000E-01,1,5,0,0,8, 4.10100E-03, 1.017078323E-01,9,0,H100
Lanczos3_05,2,H, 1.000E+02,scale, 1.000E-08, 1.000E-01, 1.000E-01,1,6,0,0,4, 3.40100E-03, 9.822267893E-02,5,0,H100
Lanczos3_05,2,H, 1.000E+02,scale, 1.000E-08, 1.000E-01, 1.000E-01,1,7,0,0,394, 9.13747E-01, 1.027360732E-01,395,0,H100
Lanczos3_05,2,H, 1.000E+02,scale, 1.000E-08, 1.000E-01, 1.000E-01,1,8,0,0,8, 4.64800E-03, 9.921229315E-02,9,0,H100
Lanczos3_05,2,H, 1.000E+02,scale, 1.000E-08, 1.000E-01, 1.000E-01,1,9,0,0,4, 2.22310E-02, 9.401090282E-02,18,0,H100
Lanczos3_05,2,H, 1.000E+02,scale, 1.000E-08, 1.000E-01, 1.000E-01,1,10,0,0,3, 3.37100E-03, 9.349227182E-02,4,0,H100
Lanczos3_05,2,H, 1.000E+00,scale, 1.000E-08, 1.000E-01, 1.000E-01,1,1,0,0,55, 2.94580E-02, 1.009375588E-01,58,2,HA1
Lanczos3_05,2,H, 1.000E+00,scale, 1.000E-08, 1.000E-01, 1.000E-01,1,2,0,0,55, 3.31920E-02, 1.009375588E-01,58,2,HA1
Lanczos3_05,2,H, 1.000E+00,scale, 1.000E-08, 1.000E-01, 1.000E-01,1,3,0,0,55, 3.04920E-02, 1.009375588E-01,58,2,HA1
Lanczos3_05,2,H, 1.000E+00,scale, 1.000E-08, 1.000E-01, 1.000E-01,1,4,0,0,55, 2.96630E-02, 1.009375588E-01,58,2,HA1
Lanczos3_05,2,H, 1.000E+00,scale, 1.000E-08, 1.000E-01, 1.000E-01,1,5,0,0,55, 2.99100E-02, 1.009375588E-01,58,2,HA1
Lanczos3_05,2,H, 1.000E+00,scale, 1.000E-08, 1.000E-01, 1.000E-01,1,6,0,0,55, 2.74490E-02, 1.009375588E-01,58,2,HA1
Lanczos3_05,2,H, 1.000E+00,scale, 1.000E-08, 1.000E-01, 1.000E-01,1,7,0,0,55, 3.27850E-02, 1.009375588E-01,58,2,HA1
Lanczos3_05,2,H, 1.000E+00,scale, 1.000E-08, 1.000E-01, 1.000E-01,1,8,0,0,55, 2.97270E-02, 1.009375588E-01,58,2,HA1
Lanczos3_05,2,H, 1.000E+00,scale, 1.000E-08, 1.000E-01, 1.000E-01,1,9,0,0,55, 2.94670E-02, 1.009375588E-01,58,2,HA1
Lanczos3_05,2,H, 1.000E+00,scale, 1.000E-08, 1.000E-01, 1.000E-01,1,10,0,0,55, 3.28330E-02, 1.009375588E-01,58,2,HA1
Lanczos3_05,2,H, 1.000E+00,scale, 1.000E-08, 1.000E-01, 1.000E-01,1,1,0,0,2, 3.81500E-03, 9.358260368E-02,3,1,HA10
Lanczos3_05,2,H, 1.000E+00,scale, 1.000E-08, 1.000E-01, 1.000E-01,1,2,0,0,6, 4.49900E-03, 8.373217437E-02,7,2,HA10
Lanczos3_05,2,H, 1.000E+00,scale, 1.000E-08, 1.000E-01, 1.000E-01,1,3,0,0,6, 4.21000E-03, 8.738138879E-02,7,2,HA10
Lanczos3_05,2,H, 1.000E+00,scale, 1.000E-08, 1.000E-01, 1.000E-01,1,4,0,0,103, 2.33927E-01, 1.055247146E-01,104,0,HA10
Lanczos3_05,2,H, 1.000E+00,scale, 1.000E-08, 1.000E-01, 1.000E-01,1,5,0,0,186, 5.17721E-01, 8.182620269E-02,187,1,HA10
Lanczos3_05,2,H, 1.000E+00,scale, 1.000E-08, 1.000E-01, 1.000E-01,1,6,0,0,90, 7.50710E-02, 1.010509567E-01,91,2,HA10
Lanczos3_05,2,H, 1.000E+00,scale, 1.000E-08, 1.000E-01, 1.000E-01,1,7,0,0,255, 9.11725E-01, 7.792073885E-02,256,2,HA10
Lanczos3_05,2,H, 1.000E+00,scale, 1.000E-08, 1.000E-01, 1.000E-01,1,8,0,0,640, 1.23302E+00, 3.151127289E-02,641,2,HA10
Lanczos3_05,2,H, 1.000E+00,scale, 1.000E-08, 1.000E-01, 1.000E-01,1,9,0,0,2, 3.86400E-03, 9.944072279E-02,3,1,HA10
Lanczos3_05,2,H, 1.000E+00,scale, 1.000E-08, 1.000E-01, 1.000E-01,1,10,0,0,354, 4.32014E-01, 1.098010248E-01,355,1,HA10
Lanczos3_05,2,H, 1.000E+00,scale, 1.000E-08, 1.000E-01, 1.000E-01,1,1,0,0,3, 4.34700E-03, 9.711392305E-02,4,0,HA100
Lanczos3_05,2,H, 1.000E+00,scale, 1.000E-08, 1.000E-01, 1.000E-01,1,2,0,0,1948, 2.26887E+00, 1.030585613E-01,1961,0,HA100
Lanczos3_05,2,H, 1.000E+00,scale, 1.000E-08, 1.000E-01, 1.000E-01,1,3,0,0,4, 3.89500E-03, 1.009253589E-01,5,0,HA100
Lanczos3_05,2,H, 1.000E+00,scale, 1.000E-08, 1.000E-01, 1.000E-01,1,4,0,0,4, 4.27300E-03, 9.216167434E-02,5,0,HA100
Lanczos3_05,2,H, 1.000E+00,scale, 1.000E-08, 1.000E-01, 1.000E-01,1,5,0,0,8, 4.71700E-03, 1.017078323E-01,9,0,HA100
Lanczos3_05,2,H, 1.000E+00,scale, 1.000E-08, 1.000E-01, 1.000E-01,1,6,0,0,4, 4.39100E-03, 9.822267893E-02,5,0,HA100
Lanczos3_05,2,H, 1.000E+00,scale, 1.000E-08, 1.000E-01, 1.000E-01,1,7,0,0,394, 1.09777E+00, 1.027360732E-01,395,0,HA100
Lanczos3_05,2,H, 1.000E+00,scale, 1.000E-08, 1.000E-01, 1.000E-01,1,8,0,0,8, 5.60400E-03, 9.921229315E-02,9,0,HA100
Lanczos3_05,2,H, 1.000E+00,scale, 1.000E-08, 1.000E-01, 1.000E-01,1,9,0,0,4, 2.45320E-02, 9.401090282E-02,18,0,HA100
Lanczos3_05,2,H, 1.000E+00,scale, 1.000E-08, 1.000E-01, 1.000E-01,1,10,0,0,3, 4.02900E-03, 9.349227182E-02,4,0,HA100
Lanczos3_05,2,H, 1.000E+00,clip, 1.000E-08, 1.000E-01, 1.000E-01,1,1,0,0,2, 7.95400E-03, 8.937616626E-02,11,0,Hc1
Lanczos3_05,2,H, 1.000E+00,clip, 1.000E-08, 1.000E-01, 1.000E-01,1,2,0,0,2, 3.63200E-03, 9.822269909E-02,3,1,Hc1
Lanczos3_05,2,H, 1.000E+00,clip, 1.000E-08, 1.000E-01, 1.000E-01,1,3,0,0,2, 3.87800E-03, 8.995689353E-02,3,1,Hc1
Lanczos3_05,2,H, 1.000E+00,clip, 1.000E-08, 1.000E-01, 1.000E-01,1,4,0,0,2, 3.74400E-03, 8.886421083E-02,3,0,Hc1
Lanczos3_05,2,H, 1.000E+00,clip, 1.000E-08, 1.000E-01, 1.000E-01,1,5,0,0,2, 3.15900E-03, 1.002267065E-01,3,1,Hc1
Lanczos3_05,2,H, 1.000E+00,clip, 1.000E-08, 1.000E-01, 1.000E-01,1,6,0,0,2, 3.22000E-03, 8.944882691E-02,3,0,Hc1
Lanczos3_05,2,H, 1.000E+00,clip, 1.000E-08, 1.000E-01, 1.000E-01,1,7,0,0,2, 2.47900E-03, 8.977477902E-02,3,0,Hc1
Lanczos3_05,2,H, 1.000E+00,clip, 1.000E-08, 1.000E-01, 1.000E-01,1,8,0,0,2, 3.02200E-03, 9.420265985E-02,3,1,Hc1
Lanczos3_05,2,H, 1.000E+00,clip, 1.000E-08, 1.000E-01, 1.000E-01,1,9,0,0,2, 3.05700E-03, 8.959869162E-02,3,0,Hc1
Lanczos3_05,2,H, 1.000E+00,clip, 1.000E-08, 1.000E-01, 1.000E-01,1,10,0,0,2, 3.22000E-03, 8.900441539E-02,3,0,Hc1
Lanczos3_05,2,H, 1.000E+01,clip, 1.000E-08, 1.000E-01, 1.000E-01,1,1,0,0,3, 4.77100E-03, 9.711392305E-02,4,0,Hc10
Lanczos3_05,2,H, 1.000E+01,clip, 1.000E-08, 1.000E-01, 1.000E-01,1,2,0,0,1948, 2.09059E+00, 1.030585613E-01,1963,0,Hc10
Lanczos3_05,2,H, 1.000E+01,clip, 1.000E-08, 1.000E-01, 1.000E-01,1,3,0,0,4, 4.12600E-03, 1.009253589E-01,5,0,Hc10
Lanczos3_05,2,H, 1.000E+01,clip, 1.000E-08, 1.000E-01, 1.000E-01,1,4,0,0,4, 3.64100E-03, 9.216167434E-02,5,0,Hc10
Lanczos3_05,2,H, 1.000E+01,clip, 1.000E-08, 1.000E-01, 1.000E-01,1,5,0,0,8, 4.50100E-03, 1.017078325E-01,9,0,Hc10
Lanczos3_05,2,H, 1.000E+01,clip, 1.000E-08, 1.000E-01, 1.000E-01,1,6,0,0,4, 3.93200E-03, 9.822267893E-02,5,0,Hc10
Lanczos3_05,2,H, 1.000E+01,clip, 1.000E-08, 1.000E-01, 1.000E-01,1,7,0,0,394, 9.63052E-01, 1.027360732E-01,395,0,Hc10
Lanczos3_05,2,H, 1.000E+01,clip, 1.000E-08, 1.000E-01, 1.000E-01,1,8,0,0,8, 4.26800E-03, 9.921229312E-02,9,0,Hc10
Lanczos3_05,2,H, 1.000E+01,clip, 1.000E-08, 1.000E-01, 1.000E-01,1,9,0,0,4, 1.57200E-02, 9.401090282E-02,17,0,Hc10
Lanczos3_05,2,H, 1.000E+01,clip, 1.000E-08, 1.000E-01, 1.000E-01,1,10,0,0,3, 3.43700E-03, 9.349227182E-02,4,0,Hc10
Lanczos3_05,2,QN, 1.000E+04,scale, 1.000E-08, 1.000E-01, 1.000E-01,1,1,0,0,34, 1.02039E-01, 1.056222706E-01,35,0,QN
Lanczos3_05,2,QN, 1.000E+04,scale, 1.000E-08, 1.000E-01, 1.000E-01,1,2,0,0,2, 3.02000E-03, 1.010335384E-01,3,0,QN
Lanczos3_05,2,QN, 1.000E+04,scale, 1.000E-08, 1.000E-01, 1.000E-01,1,3,0,0,713, 2.08754E+00, 1.054954036E-01,714,0,QN
Lanczos3_05,2,QN, 1.000E+04,scale, 1.000E-08, 1.000E-01, 1.000E-01,1,4,0,0,4, 3.98600E-03, 8.877110696E-02,5,0,QN
Lanczos3_05,2,QN, 1.000E+04,scale, 1.000E-08, 1.000E-01, 1.000E-01,1,5,0,0,4865, 6.27106E+00, 1.112907077E-01,4866,0,QN
Lanczos3_05,2,QN, 1.000E+04,scale, 1.000E-08, 1.000E-01, 1.000E-01,1,6,0,0,9415, 1.01655E+01, 1.271904917E-01,9416,0,QN
Lanczos3_05,2,QN, 1.000E+04,scale, 1.000E-08, 1.000E-01, 1.000E-01,1,7,0,0,3, 2.95200E-03, 9.771568085E-02,4,0,QN
Lanczos3_05,2,QN, 1.000E+04,scale, 1.000E-08, 1.000E-01, 1.000E-01,1,8,0,0,481, 3.40443E-01, 1.314346490E-01,482,0,QN
Lanczos3_05,2,QN, 1.000E+04,scale, 1.000E-08, 1.000E-01, 1.000E-01,1,9,0,0,4, 4.10000E-03, 8.901654712E-02,5,0,QN
Lanczos3_05,2,QN, 1.000E+04,scale, 1.000E-08, 1.000E-01, 1.000E-01,1,10,0,0,3, 3.29900E-03, 8.951730333E-02,4,0,QN
Lanczos3_05,2,0, 1.000E+00,scale, 1.000E-08, 1.000E-01, 1.000E-01,2,1,0,0,4, 1.34000E-03, 1.670063584E-01,7,1,FO
Lanczos3_05,2,0, 1.000E+00,scale, 1.000E-08, 1.000E-01, 1.000E-01,2,2,0,0,4, 1.05500E-03, 1.670063584E-01,7,1,FO
Lanczos3_05,2,0, 1.000E+00,scale, 1.000E-08, 1.000E-01, 1.000E-01,2,3,0,0,4, 1.02900E-03, 1.670063584E-01,7,1,FO
Lanczos3_05,2,0, 1.000E+00,scale, 1.000E-08, 1.000E-01, 1.000E-01,2,4,0,0,4, 1.13600E-03, 1.670063584E-01,7,1,FO
Lanczos3_05,2,0, 1.000E+00,scale, 1.000E-08, 1.000E-01, 1.000E-01,2,5,0,0,4, 1.06900E-03, 1.670063584E-01,7,1,FO
Lanczos3_05,2,0, 1.000E+00,scale, 1.000E-08, 1.000E-01, 1.000E-01,2,6,0,0,4, 1.03300E-03, 1.670063584E-01,7,1,FO
Lanczos3_05,2,0, 1.000E+00,scale, 1.000E-08, 1.000E-01, 1.000E-01,2,7,0,0,4, 1.02200E-03, 1.670063584E-01,7,1,FO
Lanczos3_05,2,0, 1.000E+00,scale, 1.000E-08, 1.000E-01, 1.000E-01,2,8,0,0,4, 1.03200E-03, 1.670063584E-01,7,1,FO
Lanczos3_05,2,0, 1.000E+00,scale, 1.000E-08, 1.000E-01, 1.000E-01,2,9,0,0,4, 1.15500E-03, 1.624638152E-01,7,1,FO
Lanczos3_05,2,0, 1.000E+00,scale, 1.000E-08, 1.000E-01, 1.000E-01,2,10,0,0,4, 1.06500E-03, 1.670063584E-01,7,1,FO
Lanczos3_05,2,GN, 1.000E+04,scale, 1.000E-08, 1.000E-01, 1.000E-01,2,1,0,0,121, 3.17406E-01, 1.033201740E-01,122,0,GN
Lanczos3_05,2,GN, 1.000E+04,scale, 1.000E-08, 1.000E-01, 1.000E-01,2,2,0,0,287, 4.31224E-01, 1.066668006E-01,288,0,GN
Lanczos3_05,2,GN, 1.000E+04,scale, 1.000E-08, 1.000E-01, 1.000E-01,2,3,0,0,3, 3.66000E-03, 1.020056940E-01,4,0,GN
Lanczos3_05,2,GN, 1.000E+04,scale, 1.000E-08, 1.000E-01, 1.000E-01,2,4,0,0,2, 4.27500E-03, 9.418021356E-02,3,0,GN
Lanczos3_05,2,GN, 1.000E+04,scale, 1.000E-08, 1.000E-01, 1.000E-01,2,5,0,0,4, 4.04800E-03, 1.013763185E-01,5,0,GN
Lanczos3_05,2,GN, 1.000E+04,scale, 1.000E-08, 1.000E-01, 1.000E-01,2,6,0,0,2, 3.93300E-03, 9.411842957E-02,3,0,GN
Lanczos3_05,2,GN, 1.000E+04,scale, 1.000E-08, 1.000E-01, 1.000E-01,2,7,0,0,2, 3.84400E-03, 9.491482961E-02,3,0,GN
Lanczos3_05,2,GN, 1.000E+04,scale, 1.000E-08, 1.000E-01, 1.000E-01,2,8,0,0,189, 4.36300E-01, 1.042859725E-01,190,0,GN
Lanczos3_05,2,GN, 1.000E+04,scale, 1.000E-08, 1.000E-01, 1.000E-01,2,9,0,0,3, 4.28100E-03, 1.015510582E-01,4,0,GN
Lanczos3_05,2,GN, 1.000E+04,scale, 1.000E-08, 1.000E-01, 1.000E-01,2,10,0,0,6, 4.57200E-03, 9.827374540E-02,7,0,GN
Lanczos3_05,2,GN, 1.000E+00,scale, 1.000E-08, 1.000E-01, 1.000E-01,2,1,0,0,342, 6.58357E-01, 1.073010907E-01,343,1,GN1
Lanczos3_05,2,GN, 1.000E+00,scale, 1.000E-08, 1.000E-01, 1.000E-01,2,2,0,0,2, 5.80900E-03, 9.028741741E-02,3,1,GN1
Lanczos3_05,2,GN, 1.000E+00,scale, 1.000E-08, 1.000E-01, 1.000E-01,2,3,0,0,550, 8.56470E-01, 1.203787084E-01,551,1,GN1
Lanczos3_05,2,GN, 1.000E+00,scale, 1.000E-08, 1.000E-01, 1.000E-01,2,4,0,0,2, 6.59500E-03, 9.060205951E-02,3,1,GN1
Lanczos3_05,2,GN, 1.000E+00,scale, 1.000E-08, 1.000E-01, 1.000E-01,2,5,0,0,53, 2.40102E-01, 2.443276003E-02,54,2,GN1
Lanczos3_05,2,GN, 1.000E+00,scale, 1.000E-08, 1.000E-01, 1.000E-01,2,6,0,0,2, 6.69300E-03, 9.026002659E-02,3,1,GN1
Lanczos3_05,2,GN, 1.000E+00,scale, 1.000E-08, 1.000E-01, 1.000E-01,2,7,0,0,2, 5.89800E-03, 9.063737414E-02,3,1,GN1
Lanczos3_05,2,GN, 1.000E+00,scale, 1.000E-08, 1.000E-01, 1.000E-01,2,8,0,0,2, 5.52500E-03, 9.081599707E-02,3,1,GN1
Lanczos3_05,2,GN, 1.000E+00,scale, 1.000E-08, 1.000E-01, 1.000E-01,2,9,0,0,2, 6.53800E-03, 5.989780696E-02,3,2,GN1
Lanczos3_05,2,GN, 1.000E+00,scale, 1.000E-08, 1.000E-01, 1.000E-01,2,10,0,0,4, 5.29600E-03, 4.625025745E-02,5,2,GN1
Lanczos3_05,2,H, 1.000E+04,scale, 1.000E-08, 1.000E-01, 1.000E-01,2,1,0,0,5650, 9.30473E+00, 1.036069515E-01,5651,0,H
Lanczos3_05,2,H, 1.000E+04,scale, 1.000E-08, 1.000E-01, 1.000E-01,2,2,0,0,3, 3.75000E-03, 9.897698405E-02,4,0,H
Lanczos3_05,2,H, 1.000E+04,scale, 1.000E-08, 1.000E-01, 1.000E-01,2,3,0,0,5022, 8.97778E+00, 1.034115948E-01,5023,0,H
Lanczos3_05,2,H, 1.000E+04,scale, 1.000E-08, 1.000E-01, 1.000E-01,2,4,0,0,248, 8.62217E-01, 1.022200436E-01,249,0,H
Lanczos3_05,2,H, 1.000E+04,scale, 1.000E-08, 1.000E-01, 1.000E-01,2,5,0,0,4, 3.88000E-03, 9.392247307E-02,5,1,H
Lanczos3_05,2,H, 1.000E+04,scale, 1.000E-08, 1.000E-01, 1.000E-01,2,6,0,0,450, 1.38093E+00, 1.023048045E-01,451,0,H
Lanczos3_05,2,H, 1.000E+04,scale, 1.000E-08, 1.000E-01, 1.000E-01,2,7,0,0,3, 3.60200E-03, 9.810085202E-02,4,0,H
Lanczos3_05,2,H, 1.000E+04,scale, 1.000E-08, 1.000E-01, 1.000E-01,2,8,0,0,3, 3.24000E-03, 1.004371994E-01,4,0,H
Lanczos3_05,2,H, 1.000E+04,scale, 1.000E-08, 1.000E-01, 1.000E-01,2,9,0,0,884, 1.04162E+00, 1.031517119E-01,898,0,H
Lanczos3_05,2,H, 1.000E+04,scale, 1.000E-08, 1.000E-01, 1.000E-01,2,10,0,0,3, 3.08300E-03, 9.091063447E-02,4,1,H
Lanczos3_05,2,H, 1.000E-01,scale, 1.000E-08, 1.000E-01, 1.000E-01,2,1,0,0,156, 1.38036E-01, 1.009741288E-01,159,1,H0.1
Lanczos3_05,2,H, 1.000E-01,scale, 1.000E-08, 1.000E-01, 1.000E-01,2,2,0,0,156, 1.41459E-01, 1.009741288E-01,159,1,H0.1
Lanczos3_05,2,H, 1.000E-01,scale, 1.000E-08, 1.000E-01, 1.000E-01,2,3,0,0,103, 1.52643E-01, 1.055509432E-01,106,1,H0.1
Lanczos3_05,2,H, 1.000E-01,scale, 1.000E-08, 1.000E-01, 1.000E-01,2,4,0,0,157, 2.76411E-01, 1.037282505E-01,160,1,H0.1
Lanczos3_05,2,H, 1.000E-01,scale, 1.000E-08, 1.000E-01, 1.000E-01,2,5,0,0,156, 1.38144E-01, 1.009741288E-01,159,1,H0.1
Lanczos3_05,2,H, 1.000E-01,scale, 1.000E-08, 1.000E-01, 1.000E-01,2,6,0,0,211, 2.33050E-01, 1.011906813E-01,214,1,H0.1
Lanczos3_05,2,H, 1.000E-01,scale, 1.000E-08, 1.000E-01, 1.000E-01,2,7,0,0,563, 9.16587E-01, 1.014069010E-01,566,2,H0.1
Lanczos3_05,2,H, 1.000E-01,scale, 1.000E-08, 1.000E-01, 1.000E-01,2,8,0,0,193, 3.30143E-01, 1.031736773E-01,196,1,H0.1
Lanczos3_05,2,H, 1.000E-01,scale, 1.000E-08, 1.000E-01, 1.000E-01,2,9,0,0,27, 3.13330E-02, 1.611942494E-01,30,1,H0.1
Lanczos3_05,2,H, 1.000E-01,scale, 1.000E-08, 1.000E-01, 1.000E-01,2,10,0,0,156, 1.36712E-01, 1.009741288E-01,159,1,H0.1
Lanczos3_05,2,H, 1.000E+00,scale, 1.000E-08, 1.000E-01, 1.000E-01,2,1,0,0,235, 7.97264E-01, 1.031929378E-01,236,1,H1
Lanczos3_05,2,H, 1.000E+00,scale, 1.000E-08, 1.000E-01, 1.000E-01,2,2,0,0,2, 4.08700E-03, 9.433668765E-02,3,1,H1
Lanczos3_05,2,H, 1.000E+00,scale, 1.000E-08, 1.000E-01, 1.000E-01,2,3,0,0,231, 5.30378E-01, 1.030570276E-01,232,1,H1
Lanczos3_05,2,H, 1.000E+00,scale, 1.000E-08, 1.000E-01, 1.000E-01,2,4,0,0,2, 4.23400E-03, 9.298920067E-02,3,1,H1
Lanczos3_05,2,H, 1.000E+00,scale, 1.000E-08, 1.000E-01, 1.000E-01,2,5,0,0,223, 4.59201E-01, 9.061628161E-02,225,1,H1
Lanczos3_05,2,H, 1.000E+00,scale, 1.000E-08, 1.000E-01, 1.000E-01,2,6,0,0,2, 6.61800E-03, 9.248852261E-02,3,1,H1
Lanczos3_05,2,H, 1.000E+00,scale, 1.000E-08, 1.000E-01, 1.000E-01,2,7,0,0,2, 6.06400E-03, 9.400946688E-02,3,1,H1
Lanczos3_05,2,H, 1.000E+00,scale, 1.000E-08, 1.000E-01, 1.000E-01,2,8,0,0,2, 6.45100E-03, 9.518394572E-02,3,1,H1
Lanczos3_05,2,H, 1.000E+00,scale, 1.000E-08, 1.000E-01, 1.000E-01,2,9,0,0,2, 5.43500E-03, 5.061086797E-02,3,2,H1
Lanczos3_05,2,H, 1.000E+00,scale, 1.000E-08, 1.000E-01, 1.000E-01,2,10,0,0,231, 7.11893E-01, 1.791504174E-03,233,2,H1
Lanczos3_05,2,H, 1.000E+01,scale, 1.000E-08, 1.000E-01, 1.000E-01,2,1,0,0,5650, 1.09799E+01, 1.036069515E-01,5651,0,H10
Lanczos3_05,2,H, 1.000E+01,scale, 1.000E-08, 1.000E-01, 1.000E-01,2,2,0,0,3, 4.23500E-03, 9.897698405E-02,4,0,H10
Lanczos3_05,2,H, 1.000E+01,scale, 1.000E-08, 1.000E-01, 1.000E-01,2,3,0,0,5022, 9.89008E+00, 1.034115948E-01,5023,0,H10
Lanczos3_05,2,H, 1.000E+01,scale, 1.000E-08, 1.000E-01, 1.000E-01,2,4,0,0,248, 1.01345E+00, 1.022200436E-01,249,0,H10
Lanczos3_05,2,H, 1.000E+01,scale, 1.000E-08, 1.000E-01, 1.000E-01,2,5,0,0,4, 6.47400E-03, 9.392247307E-02,5,1,H10
Lanczos3_05,2,H, 1.000E+01,scale, 1.000E-08, 1.000E-01, 1.000E-01,2,6,0,0,450, 1.81674E+00, 1.023048045E-01,451,0,H10
Lanczos3_05,2,H, 1.000E+01,scale, 1.000E-08, 1.000E-01, 1.000E-01,2,7,0,0,3, 3.84900E-03, 9.810085202E-02,4,0,H10
Lanczos3_05,2,H, 1.000E+01,scale, 1.000E-08, 1.000E-01, 1.000E-01,2,8,0,0,3, 3.59100E-03, 1.004371994E-01,4,0,H10
Lanczos3_05,2,H, 1.000E+01,scale, 1.000E-08, 1.000E-01, 1.000E-01,2,9,0,0,884, 1.17397E+00, 1.031517119E-01,898,0,H10
Lanczos3_05,2,H, 1.000E+01,scale, 1.000E-08, 1.000E-01, 1.000E-01,2,10,0,0,3, 3.58300E-03, 9.091063447E-02,4,1,H10
Lanczos3_05,2,H, 1.000E+02,scale, 1.000E-08, 1.000E-01, 1.000E-01,2,1,0,0,5650, 1.15616E+01, 1.036069515E-01,5651,0,H100
Lanczos3_05,2,H, 1.000E+02,scale, 1.000E-08, 1.000E-01, 1.000E-01,2,2,0,0,3, 4.13900E-03, 9.897698405E-02,4,0,H100
Lanczos3_05,2,H, 1.000E+02,scale, 1.000E-08, 1.000E-01, 1.000E-01,2,3,0,0,5022, 1.00043E+01, 1.034115948E-01,5023,0,H100
Lanczos3_05,2,H, 1.000E+02,scale, 1.000E-08, 1.000E-01, 1.000E-01,2,4,0,0,248, 9.85691E-01, 1.022200436E-01,249,0,H100
Lanczos3_05,2,H, 1.000E+02,scale, 1.000E-08, 1.000E-01, 1.000E-01,2,5,0,0,4, 4.18400E-03, 9.392247307E-02,5,1,H100
Lanczos3_05,2,H, 1.000E+02,scale, 1.000E-08, 1.000E-01, 1.000E-01,2,6,0,0,450, 1.57903E+00, 1.023048045E-01,451,0,H100
Lanczos3_05,2,H, 1.000E+02,scale, 1.000E-08, 1.000E-01, 1.000E-01,2,7,0,0,3, 3.87100E-03, 9.810085202E-02,4,0,H100
Lanczos3_05,2,H, 1.000E+02,scale, 1.000E-08, 1.000E-01, 1.000E-01,2,8,0,0,3, 3.63700E-03, 1.004371994E-01,4,0,H100
Lanczos3_05,2,H, 1.000E+02,scale, 1.000E-08, 1.000E-01, 1.000E-01,2,9,0,0,884, 1.29106E+00, 1.031517119E-01,898,0,H100
Lanczos3_05,2,H, 1.000E+02,scale, 1.000E-08, 1.000E-01, 1.000E-01,2,10,0,0,3, 3.51800E-03, 9.091063447E-02,4,1,H100
Lanczos3_05,2,H, 1.000E+00,scale, 1.000E-08, 1.000E-01, 1.000E-01,2,1,0,0,55, 2.88430E-02, 1.009375588E-01,58,2,HA1
Lanczos3_05,2,H, 1.000E+00,scale, 1.000E-08, 1.000E-01, 1.000E-01,2,2,0,0,55, 2.99250E-02, 1.009375588E-01,58,2,HA1
Lanczos3_05,2,H, 1.000E+00,scale, 1.000E-08, 1.000E-01, 1.000E-01,2,3,0,0,45, 3.48110E-02, 1.006021524E-01,48,2,HA1
Lanczos3_05,2,H, 1.000E+00,scale, 1.000E-08, 1.000E-01, 1.000E-01,2,4,0,0,57, 4.17260E-02, 1.005412198E-01,60,2,HA1
Lanczos3_05,2,H, 1.000E+00,scale, 1.000E-08, 1.000E-01, 1.000E-01,2,5,0,0,55, 3.01550E-02, 1.009375588E-01,58,2,HA1
Lanczos3_05,2,H, 1.000E+00,scale, 1.000E-08, 1.000E-01, 1.000E-01,2,6,0,0,56, 3.15300E-02, 1.008687105E-01,59,2,HA1
Lanczos3_05,2,H, 1.000E+00,scale, 1.000E-08, 1.000E-01, 1.000E-01,2,7,0,0,56, 3.34820E-02, 1.008169903E-01,59,2,HA1
Lanczos3_05,2,H, 1.000E+00,scale, 1.000E-08, 1.000E-01, 1.000E-01,2,8,0,0,56, 3.05070E-02, 1.008346381E-01,59,2,HA1
Lanczos3_05,2,H, 1.000E+00,scale, 1.000E-08, 1.000E-01, 1.000E-01,2,9,0,0,77, 5.42720E-02, 1.006213834E-01,80,2,HA1
Lanczos3_05,2,H, 1.000E+00,scale, 1.000E-08, 1.000E-01, 1.000E-01,2,10,0,0,55, 2.96290E-02, 1.009375588E-01,58,2,HA1
Lanczos3_05,2,H, 1.000E+00,scale, 1.000E-08, 1.000E-01, 1.000E-01,2,1,0,0,235, 6.15235E-01, 1.031929378E-01,236,1,HA10
Lanczos3_05,2,H, 1.000E+00,scale, 1.000E-08, 1.000E-01, 1.000E-01,2,2,0,0,2, 3.99700E-03, 9.433668765E-02,3,1,HA10
Lanczos3_05,2,H, 1.000E+00,scale, 1.000E-08, 1.000E-01, 1.000E-01,2,3,0,0,231, 5.35159E-01, 1.030570276E-01,232,1,HA10
Lanczos3_05,2,H, 1.000E+00,scale, 1.000E-08, 1.000E-01, 1.000E-01,2,4,0,0,2, 4.20000E-03, 9.298920067E-02,3,1,HA10
Lanczos3_05,2,H, 1.000E+00,scale, 1.000E-08, 1.000E-01, 1.000E-01,2,5,0,0,130, 2.94384E-01, 1.007483328E-02,132,2,HA10
Lanczos3_05,2,H, 1.000E+00,scale, 1.000E-08, 1.000E-01, 1.000E-01,2,6,0,0,2, 3.92700E-03, 9.248852261E-02,3,1,HA10
Lanczos3_05,2,H, 1.000E+00,scale, 1.000E-08, 1.000E-01, 1.000E-01,2,7,0,0,2, 4.29600E-03, 9.400946688E-02,3,1,HA10
Lanczos3_05,2,H, 1.000E+00,scale, 1.000E-08, 1.000E-01, 1.000E-01,2,8,0,0,2, 4.63600E-03, 9.518394572E-02,3,1,HA10
Lanczos3_05,2,H, 1.000E+00,scale, 1.000E-08, 1.000E-01, 1.000E-01,2,9,0,0,2, 3.84400E-03, 5.061086797E-02,3,2,HA10
Lanczos3_05,2,H, 1.000E+00,scale, 1.000E-08, 1.000E-01, 1.000E-01,2,10,0,0,34, 5.31980E-02, 5.073499037E-02,36,2,HA10
Lanczos3_05,2,H, 1.000E+00,scale, 1.000E-08, 1.000E-01, 1.000E-01,2,1,0,0,5650, 9.96216E+00, 1.036069515E-01,5651,0,HA100
Lanczos3_05,2,H, 1.000E+00,scale, 1.000E-08, 1.000E-01, 1.000E-01,2,2,0,0,3, 4.07800E-03, 9.897698405E-02,4,0,HA100
Lanczos3_05,2,H, 1.000E+00,scale, 1.000E-08, 1.000E-01, 1.000E-01,2,3,0,0,5022, 9.00229E+00, 1.034115948E-01,5023,0,HA100
Lanczos3_05,2,H, 1.000E+00,scale, 1.000E-08, 1.000E-01, 1.000E-01,2,4,0,0,248, 8.07258E-01, 1.022200436E-01,249,0,HA100
Lanczos3_05,2,H, 1.000E+00,scale, 1.000E-08, 1.000E-01, 1.000E-01,2,5,0,0,4, 4.25800E-03, 9.392247307E-02,5,1,HA100
Lanczos3_05,2,H, 1.000E+00,scale, 1.000E-08, 1.000E-01, 1.000E-01,2,6,0,0,450, 1.44931E+00, 1.023048045E-01,451,0,HA100
Lanczos3_05,2,H, 1.000E+00,scale, 1.000E-08, 1.000E-01, 1.000E-01,2,7,0,0,3, 3.84200E-03, 9.810085202E-02,4,0,HA100
Lanczos3_05,2,H, 1.000E+00,scale, 1.000E-08, 1.000E-01, 1.000E-01,2,8,0,0,3, 3.70500E-03, 1.004371994E-01,4,0,HA100
Lanczos3_05,2,H, 1.000E+00,scale, 1.000E-08, 1.000E-01, 1.000E-01,2,9,0,0,884, 1.06857E+00, 1.031517119E-01,898,0,HA100
Lanczos3_05,2,H, 1.000E+00,scale, 1.000E-08, 1.000E-01, 1.000E-01,2,10,0,0,3, 3.31600E-03, 9.091063447E-02,4,1,HA100
Lanczos3_05,2,H, 1.000E+00,clip, 1.000E-08, 1.000E-01, 1.000E-01,2,1,0,0,2, 4.91000E-03, 9.791245764E-02,3,1,Hc1
Lanczos3_05,2,H, 1.000E+00,clip, 1.000E-08, 1.000E-01, 1.000E-01,2,2,0,0,2, 4.80400E-03, 9.420060971E-02,3,0,Hc1
Lanczos3_05,2,H, 1.000E+00,clip, 1.000E-08, 1.000E-01, 1.000E-01,2,3,0,0,17, 5.64950E-02, 1.050734802E-01,18,1,Hc1
Lanczos3_05,2,H, 1.000E+00,clip, 1.000E-08, 1.000E-01, 1.000E-01,2,4,0,0,2, 4.43100E-03, 9.290244492E-02,3,1,Hc1
Lanczos3_05,2,H, 1.000E+00,clip, 1.000E-08, 1.000E-01, 1.000E-01,2,5,0,0,3, 4.73700E-03, 1.739787826E-02,4,2,Hc1
Lanczos3_05,2,H, 1.000E+00,clip, 1.000E-08, 1.000E-01, 1.000E-01,2,6,0,0,2, 4.21600E-03, 9.528843920E-02,3,0,Hc1
Lanczos3_05,2,H, 1.000E+00,clip, 1.000E-08, 1.000E-01, 1.000E-01,2,7,0,0,2, 4.26200E-03, 9.364789005E-02,3,0,Hc1
Lanczos3_05,2,H, 1.000E+00,clip, 1.000E-08, 1.000E-01, 1.000E-01,2,8,0,0,2, 4.94000E-03, 7.562049526E-02,3,1,Hc1
Lanczos3_05,2,H, 1.000E+00,clip, 1.000E-08, 1.000E-01, 1.000E-01,2,9,0,0,2, 5.36100E-03, 3.155853362E-02,3,2,Hc1
Lanczos3_05,2,H, 1.000E+00,clip, 1.000E-08, 1.000E-01, 1.000E-01,2,10,0,0,4, 5.88700E-03, 3.637875301E-02,5,2,Hc1
Lanczos3_05,2,H, 1.000E+01,clip, 1.000E-08, 1.000E-01, 1.000E-01,2,1,0,0,5650, 1.07706E+01, 1.036069515E-01,5651,0,Hc10
Lanczos3_05,2,H, 1.000E+01,clip, 1.000E-08, 1.000E-01, 1.000E-01,2,2,0,0,3, 4.16000E-03, 9.897698405E-02,4,0,Hc10
Lanczos3_05,2,H, 1.000E+01,clip, 1.000E-08, 1.000E-01, 1.000E-01,2,3,0,0,5022, 1.00366E+01, 1.034115948E-01,5023,0,Hc10
Lanczos3_05,2,H, 1.000E+01,clip, 1.000E-08, 1.000E-01, 1.000E-01,2,4,0,0,248, 9.61976E-01, 1.022200436E-01,249,0,Hc10
Lanczos3_05,2,H, 1.000E+01,clip, 1.000E-08, 1.000E-01, 1.000E-01,2,5,0,0,4, 3.59600E-03, 9.392247206E-02,5,1,Hc10
Lanczos3_05,2,H, 1.000E+01,clip, 1.000E-08, 1.000E-01, 1.000E-01,2,6,0,0,450, 1.18506E+00, 1.023048042E-01,451,0,Hc10
Lanczos3_05,2,H, 1.000E+01,clip, 1.000E-08, 1.000E-01, 1.000E-01,2,7,0,0,3, 3.31300E-03, 9.810085202E-02,4,0,Hc10
Lanczos3_05,2,H, 1.000E+01,clip, 1.000E-08, 1.000E-01, 1.000E-01,2,8,0,0,3, 2.94000E-03, 1.004371994E-01,4,0,Hc10
Lanczos3_05,2,H, 1.000E+01,clip, 1.000E-08, 1.000E-01, 1.000E-01,2,9,0,0,884, 8.54540E-01, 1.031517119E-01,898,0,Hc10
Lanczos3_05,2,H, 1.000E+01,clip, 1.000E-08, 1.000E-01, 1.000E-01,2,10,0,0,3, 3.20900E-03, 9.091063447E-02,4,1,Hc10
Lanczos3_05,2,QN, 1.000E+04,scale, 1.000E-08, 1.000E-01, 1.000E-01,2,1,0,0,2, 3.65000E-03, 9.752520920E-02,3,0,QN
Lanczos3_05,2,QN, 1.000E+04,scale, 1.000E-08, 1.000E-01, 1.000E-01,2,2,0,0,3, 3.60200E-03, 9.592772036E-02,4,0,QN
Lanczos3_05,2,QN, 1.000E+04,scale, 1.000E-08, 1.000E-01, 1.000E-01,2,3,1,0,10000, 1.31138E+01, 1.031901952E-01,10001,0,QN
Lanczos3_05,2,QN, 1.000E+04,scale, 1.000E-08, 1.000E-01, 1.000E-01,2,4,0,0,2, 3.53100E-03, 9.877952456E-02,3,0,QN
Lanczos3_05,2,QN, 1.000E+04,scale, 1.000E-08, 1.000E-01, 1.000E-01,2,5,0,0,1040, 6.01449E-01, 1.032036255E-01,1041,0,QN
Lanczos3_05,2,QN, 1.000E+04,scale, 1.000E-08, 1.000E-01, 1.000E-01,2,6,0,0,3045, 2.71432E+00, 1.112618934E-01,3046,0,QN
Lanczos3_05,2,QN, 1.000E+04,scale, 1.000E-08, 1.000E-01, 1.000E-01,2,7,0,0,4902, 3.75174E+00, 1.215424519E-01,4903,0,QN
Lanczos3_05,2,QN, 1.000E+04,scale, 1.000E-08, 1.000E-01, 1.000E-01,2,8,0,0,3, 3.52800E-03, 9.376893256E-02,4,0,QN
Lanczos3_05,2,QN, 1.000E+04,scale, 1.000E-08, 1.000E-01, 1.000E-01,2,9,0,0,6, 4.05900E-03, 1.012002062E-01,7,0,QN
Lanczos3_05,2,QN, 1.000E+04,scale, 1.000E-08, 1.000E-01, 1.000E-01,2,10,0,0,2, 2.93100E-03, 9.991353532E-02,3,0,QN
Lanczos3_10,2,0, 1.000E+00,scale, 1.000E-08, 1.000E-01, 1.000E-01,1,1,0,0,9, 6.60800E-03, 2.438103141E-02,11,1,FO
Lanczos3_10,2,0, 1.000E+00,scale, 1.000E-08, 1.000E-01, 1.000E-01,1,2,0,0,9, 6.33100E-03, 2.438103141E-02,11,1,FO
Lanczos3_10,2,0, 1.000E+00,scale, 1.000E-08, 1.000E-01, 1.000E-01,1,3,0,0,9, 6.35000E-03, 2.438103141E-02,11,1,FO
Lanczos3_10,2,0, 1.000E+00,scale, 1.000E-08, 1.000E-01, 1.000E-01,1,4,0,0,9, 6.28800E-03, 2.438103141E-02,11,1,FO
Lanczos3_10,2,0, 1.000E+00,scale, 1.000E-08, 1.000E-01, 1.000E-01,1,5,0,0,9, 6.38500E-03, 2.438103141E-02,11,1,FO
Lanczos3_10,2,0, 1.000E+00,scale, 1.000E-08, 1.000E-01, 1.000E-01,1,6,0,0,9, 6.43400E-03, 2.438103141E-02,11,1,FO
Lanczos3_10,2,0, 1.000E+00,scale, 1.000E-08, 1.000E-01, 1.000E-01,1,7,0,0,9, 6.31200E-03, 2.438103141E-02,11,1,FO
Lanczos3_10,2,0, 1.000E+00,scale, 1.000E-08, 1.000E-01, 1.000E-01,1,8,0,0,9, 6.30300E-03, 2.438103141E-02,11,1,FO
Lanczos3_10,2,0, 1.000E+00,scale, 1.000E-08, 1.000E-01, 1.000E-01,1,9,0,0,9, 6.34900E-03, 2.438103141E-02,11,1,FO
Lanczos3_10,2,0, 1.000E+00,scale, 1.000E-08, 1.000E-01, 1.000E-01,1,10,0,0,9, 6.30700E-03, 2.438103141E-02,11,1,FO
Lanczos3_10,2,GN, 1.000E+04,scale, 1.000E-08, 1.000E-01, 1.000E-01,1,1,0,0,27, 5.34720E-02, 8.152695208E-02,28,1,GN
Lanczos3_10,2,GN, 1.000E+04,scale, 1.000E-08, 1.000E-01, 1.000E-01,1,2,0,0,33, 5.18790E-02, 2.148461664E-02,34,1,GN
Lanczos3_10,2,GN, 1.000E+04,scale, 1.000E-08, 1.000E-01, 1.000E-01,1,3,0,0,33, 2.66010E-02, 6.023738058E-02,34,1,GN
Lanczos3_10,2,GN, 1.000E+04,scale, 1.000E-08, 1.000E-01, 1.000E-01,1,4,0,0,20, 2.49140E-02, 5.308809229E-02,21,1,GN
Lanczos3_10,2,GN, 1.000E+04,scale, 1.000E-08, 1.000E-01, 1.000E-01,1,5,0,0,14, 1.68140E-02, 4.252357120E-02,15,1,GN
Lanczos3_10,2,GN, 1.000E+04,scale, 1.000E-08, 1.000E-01, 1.000E-01,1,6,0,0,19, 2.56900E-02, 6.015475294E-02,20,1,GN
Lanczos3_10,2,GN, 1.000E+04,scale, 1.000E-08, 1.000E-01, 1.000E-01,1,7,0,0,14, 1.27960E-02, 4.368404311E-02,15,1,GN
Lanczos3_10,2,GN, 1.000E+04,scale, 1.000E-08, 1.000E-01, 1.000E-01,1,8,0,0,10, 4.10900E-03, 5.770357681E-02,11,1,GN
Lanczos3_10,2,GN, 1.000E+04,scale, 1.000E-08, 1.000E-01, 1.000E-01,1,9,0,0,4, 4.16600E-03, 6.128368042E-02,5,1,GN
Lanczos3_10,2,GN, 1.000E+04,scale, 1.000E-08, 1.000E-01, 1.000E-01,1,10,0,0,12, 1.37800E-02, 4.904687407E-02,13,1,GN
Lanczos3_10,2,GN, 1.000E+00,scale, 1.000E-08, 1.000E-01, 1.000E-01,1,1,0,0,4, 7.11600E-03, 4.717668293E-02,5,2,GN1
Lanczos3_10,2,GN, 1.000E+00,scale, 1.000E-08, 1.000E-01, 1.000E-01,1,2,0,0,3, 4.09000E-03, 5.340975867E-02,4,2,GN1
Lanczos3_10,2,GN, 1.000E+00,scale, 1.000E-08, 1.000E-01, 1.000E-01,1,3,0,0,3, 3.36400E-03, 5.606501579E-02,4,2,GN1
Lanczos3_10,2,GN, 1.000E+00,scale, 1.000E-08, 1.000E-01, 1.000E-01,1,4,0,0,4, 4.85400E-03, 6.117426525E-02,5,2,GN1
Lanczos3_10,2,GN, 1.000E+00,scale, 1.000E-08, 1.000E-01, 1.000E-01,1,5,0,0,3, 4.10900E-03, 3.574849820E-02,4,2,GN1
Lanczos3_10,2,GN, 1.000E+00,scale, 1.000E-08, 1.000E-01, 1.000E-01,1,6,0,0,3, 4.37000E-03, 2.828364944E-02,4,2,GN1
Lanczos3_10,2,GN, 1.000E+00,scale, 1.000E-08, 1.000E-01, 1.000E-01,1,7,0,0,3, 4.20000E-03, 2.660461143E-02,4,2,GN1
Lanczos3_10,2,GN, 1.000E+00,scale, 1.000E-08, 1.000E-01, 1.000E-01,1,8,0,0,3, 3.49900E-03, 5.687158702E-02,4,2,GN1
Lanczos3_10,2,GN, 1.000E+00,scale, 1.000E-08, 1.000E-01, 1.000E-01,1,9,0,0,271, 8.93755E-01, 5.025769321E-02,272,2,GN1
Lanczos3_10,2,GN, 1.000E+00,scale, 1.000E-08, 1.000E-01, 1.000E-01,1,10,0,0,5, 7.10000E-03, 1.000314515E-01,6,2,GN1
Lanczos3_10,2,H, 1.000E+04,scale, 1.000E-08, 1.000E-01, 1.000E-01,1,1,0,0,35, 4.82390E-02, 2.023682608E-02,36,1,H
Lanczos3_10,2,H, 1.000E+04,scale, 1.000E-08, 1.000E-01, 1.000E-01,1,2,0,0,33, 6.06600E-02, 6.280794697E-02,34,1,H
Lanczos3_10,2,H, 1.000E+04,scale, 1.000E-08, 1.000E-01, 1.000E-01,1,3,0,0,102, 1.37300E-01, 2.731245341E-02,103,1,H
Lanczos3_10,2,H, 1.000E+04,scale, 1.000E-08, 1.000E-01, 1.000E-01,1,4,0,0,14, 1.65850E-02, 3.937620397E-02,15,1,H
Lanczos3_10,2,H, 1.000E+04,scale, 1.000E-08, 1.000E-01, 1.000E-01,1,5,0,0,15, 1.71820E-02, 5.503522348E-02,16,1,H
Lanczos3_10,2,H, 1.000E+04,scale, 1.000E-08, 1.000E-01, 1.000E-01,1,6,0,0,11, 1.32140E-02, 7.078331874E-02,12,1,H
Lanczos3_10,2,H, 1.000E+04,scale, 1.000E-08, 1.000E-01, 1.000E-01,1,7,0,0,19, 2.45470E-02, 5.751298587E-02,20,1,H
Lanczos3_10,2,H, 1.000E+04,scale, 1.000E-08, 1.000E-01, 1.000E-01,1,8,0,0,42, 9.52710E-02, 8.591080886E-02,43,1,H
Lanczos3_10,2,H, 1.000E+04,scale, 1.000E-08, 1.000E-01, 1.000E-01,1,9,0,0,14, 1.73870E-02, 4.103695957E-02,15,1,H
Lanczos3_10,2,H, 1.000E+04,scale, 1.000E-08, 1.000E-01, 1.000E-01,1,10,0,0,9, 9.12700E-03, 3.339162599E-02,10,1,H
Lanczos3_10,2,H, 1.000E-01,scale, 1.000E-08, 1.000E-01, 1.000E-01,1,1,0,0,2495, 5.60089E+00, 1.003219531E-01,2497,1,H0.1
Lanczos3_10,2,H, 1.000E-01,scale, 1.000E-08, 1.000E-01, 1.000E-01,1,2,0,0,2495, 5.89999E+00, 1.003219531E-01,2497,1,H0.1
Lanczos3_10,2,H, 1.000E-01,scale, 1.000E-08, 1.000E-01, 1.000E-01,1,3,0,0,2495, 3.86803E+00, 1.003219531E-01,2497,1,H0.1
Lanczos3_10,2,H, 1.000E-01,scale, 1.000E-08, 1.000E-01, 1.000E-01,1,4,0,0,2495, 3.51585E+00, 1.003219531E-01,2497,1,H0.1
Lanczos3_10,2,H, 1.000E-01,scale, 1.000E-08, 1.000E-01, 1.000E-01,1,5,0,0,2495, 3.50161E+00, 1.003219531E-01,2497,1,H0.1
Lanczos3_10,2,H, 1.000E-01,scale, 1.000E-08, 1.000E-01, 1.000E-01,1,6,0,0,2495, 3.77848E+00, 1.003219531E-01,2497,1,H0.1
Lanczos3_10,2,H, 1.000E-01,scale, 1.000E-08, 1.000E-01, 1.000E-01,1,7,0,0,2495, 3.42899E+00, 1.003219531E-01,2497,1,H0.1
Lanczos3_10,2,H, 1.000E-01,scale, 1.000E-08, 1.000E-01, 1.000E-01,1,8,0,0,2495, 3.58635E+00, 1.003219531E-01,2497,1,H0.1
Lanczos3_10,2,H, 1.000E-01,scale, 1.000E-08, 1.000E-01, 1.000E-01,1,9,0,0,2495, 3.53101E+00, 1.003219531E-01,2497,1,H0.1
Lanczos3_10,2,H, 1.000E-01,scale, 1.000E-08, 1.000E-01, 1.000E-01,1,10,0,0,2495, 3.50986E+00, 1.003219531E-01,2497,1,H0.1
Lanczos3_10,2,H, 1.000E+00,scale, 1.000E-08, 1.000E-01, 1.000E-01,1,1,0,0,8, 1.80530E-02, 9.224997420E-02,9,1,H1
Lanczos3_10,2,H, 1.000E+00,scale, 1.000E-08, 1.000E-01, 1.000E-01,1,2,0,0,10, 9.36600E-03, 7.593216642E-02,11,1,H1
Lanczos3_10,2,H, 1.000E+00,scale, 1.000E-08, 1.000E-01, 1.000E-01,1,3,0,0,16, 3.25630E-02, 3.068442697E-02,17,1,H1
Lanczos3_10,2,H, 1.000E+00,scale, 1.000E-08, 1.000E-01, 1.000E-01,1,4,0,0,1033, 3.12562E+00, 9.566685015E-02,1035,1,H1
Lanczos3_10,2,H, 1.000E+00,scale, 1.000E-08, 1.000E-01, 1.000E-01,1,5,0,0,12, 1.44510E-02, 2.379300101E-02,13,1,H1
Lanczos3_10,2,H, 1.000E+00,scale, 1.000E-08, 1.000E-01, 1.000E-01,1,6,0,0,1259, 3.31351E+00, 7.343641362E-02,1261,1,H1
Lanczos3_10,2,H, 1.000E+00,scale, 1.000E-08, 1.000E-01, 1.000E-01,1,7,0,0,12, 1.30030E-02, 3.735704781E-02,13,1,H1
Lanczos3_10,2,H, 1.000E+00,scale, 1.000E-08, 1.000E-01, 1.000E-01,1,8,0,0,16, 2.17850E-02, 3.686732668E-02,17,1,H1
Lanczos3_10,2,H, 1.000E+00,scale, 1.000E-08, 1.000E-01, 1.000E-01,1,9,0,0,199, 3.99967E-01, 1.000226956E-01,201,1,H1
Lanczos3_10,2,H, 1.000E+00,scale, 1.000E-08, 1.000E-01, 1.000E-01,1,10,0,0,262, 6.55360E-01, 3.858043266E-02,263,2,H1
Lanczos3_10,2,H, 1.000E+01,scale, 1.000E-08, 1.000E-01, 1.000E-01,1,1,0,0,35, 5.20740E-02, 2.023682608E-02,36,1,H10
Lanczos3_10,2,H, 1.000E+01,scale, 1.000E-08, 1.000E-01, 1.000E-01,1,2,0,0,33, 6.27640E-02, 6.280794697E-02,34,1,H10
Lanczos3_10,2,H, 1.000E+01,scale, 1.000E-08, 1.000E-01, 1.000E-01,1,3,0,0,102, 1.45025E-01, 2.731245341E-02,103,1,H10
Lanczos3_10,2,H, 1.000E+01,scale, 1.000E-08, 1.000E-01, 1.000E-01,1,4,0,0,14, 1.73050E-02, 3.937620397E-02,15,1,H10
Lanczos3_10,2,H, 1.000E+01,scale, 1.000E-08, 1.000E-01, 1.000E-01,1,5,0,0,15, 1.77620E-02, 5.503522348E-02,16,1,H10
Lanczos3_10,2,H, 1.000E+01,scale, 1.000E-08, 1.000E-01, 1.000E-01,1,6,0,0,11, 1.38530E-02, 7.078331874E-02,12,1,H10
Lanczos3_10,2,H, 1.000E+01,scale, 1.000E-08, 1.000E-01, 1.000E-01,1,7,0,0,19, 2.52160E-02, 5.751298587E-02,20,1,H10
Lanczos3_10,2,H, 1.000E+01,scale, 1.000E-08, 1.000E-01, 1.000E-01,1,8,0,0,42, 9.97230E-02, 8.591080886E-02,43,1,H10
Lanczos3_10,2,H, 1.000E+01,scale, 1.000E-08, 1.000E-01, 1.000E-01,1,9,0,0,14, 1.83080E-02, 4.103695957E-02,15,1,H10
Lanczos3_10,2,H, 1.000E+01,scale, 1.000E-08, 1.000E-01, 1.000E-01,1,10,0,0,9, 9.90000E-03, 3.339162599E-02,10,1,H10
Lanczos3_10,2,H, 1.000E+02,scale, 1.000E-08, 1.000E-01, 1.000E-01,1,1,0,0,35, 5.04420E-02, 2.023682608E-02,36,1,H100
Lanczos3_10,2,H, 1.000E+02,scale, 1.000E-08, 1.000E-01, 1.000E-01,1,2,0,0,33, 6.84760E-02, 6.280794697E-02,34,1,H100
Lanczos3_10,2,H, 1.000E+02,scale, 1.000E-08, 1.000E-01, 1.000E-01,1,3,0,0,102, 1.62517E-01, 2.731245341E-02,103,1,H100
Lanczos3_10,2,H, 1.000E+02,scale, 1.000E-08, 1.000E-01, 1.000E-01,1,4,0,0,14, 1.66340E-02, 3.937620397E-02,15,1,H100
Lanczos3_10,2,H, 1.000E+02,scale, 1.000E-08, 1.000E-01, 1.000E-01,1,5,0,0,15, 1.73590E-02, 5.503522348E-02,16,1,H100
Lanczos3_10,2,H, 1.000E+02,scale, 1.000E-08, 1.000E-01, 1.000E-01,1,6,0,0,11, 1.34660E-02, 7.078331874E-02,12,1,H100
Lanczos3_10,2,H, 1.000E+02,scale, 1.000E-08, 1.000E-01, 1.000E-01,1,7,0,0,19, 2.44650E-02, 5.751298587E-02,20,1,H100
Lanczos3_10,2,H, 1.000E+02,scale, 1.000E-08, 1.000E-01, 1.000E-01,1,8,0,0,42, 9.63620E-02, 8.591080886E-02,43,1,H100
Lanczos3_10,2,H, 1.000E+02,scale, 1.000E-08, 1.000E-01, 1.000E-01,1,9,0,0,14, 1.75810E-02, 4.103695957E-02,15,1,H100
Lanczos3_10,2,H, 1.000E+02,scale, 1.000E-08, 1.000E-01, 1.000E-01,1,10,0,0,9, 9.52700E-03, 3.339162599E-02,10,1,H100
Lanczos3_10,2,H, 1.000E+00,scale, 1.000E-08, 1.000E-01, 1.000E-01,1,1,0,0,283, 5.91549E-01, 5.476774052E-02,285,1,HA1
Lanczos3_10,2,H, 1.000E+00,scale, 1.000E-08, 1.000E-01, 1.000E-01,1,2,0,0,283, 5.42064E-01, 5.476774052E-02,285,1,HA1
Lanczos3_10,2,H, 1.000E+00,scale, 1.000E-08, 1.000E-01, 1.000E-01,1,3,0,0,283, 5.80750E-01, 5.476774052E-02,285,1,HA1
Lanczos3_10,2,H, 1.000E+00,scale, 1.000E-08, 1.000E-01, 1.000E-01,1,4,0,0,283, 6.02962E-01, 5.476774052E-02,285,1,HA1
Lanczos3_10,2,H, 1.000E+00,scale, 1.000E-08, 1.000E-01, 1.000E-01,1,5,0,0,283, 5.84264E-01, 5.476774052E-02,285,1,HA1
Lanczos3_10,2,H, 1.000E+00,scale, 1.000E-08, 1.000E-01, 1.000E-01,1,6,0,0,283, 5.86719E-01, 5.476774052E-02,285,1,HA1
Lanczos3_10,2,H, 1.000E+00,scale, 1.000E-08, 1.000E-01, 1.000E-01,1,7,0,0,283, 5.87527E-01, 5.476774052E-02,285,1,HA1
Lanczos3_10,2,H, 1.000E+00,scale, 1.000E-08, 1.000E-01, 1.000E-01,1,8,0,0,283, 5.85836E-01, 5.476774052E-02,285,1,HA1
Lanczos3_10,2,H, 1.000E+00,scale, 1.000E-08, 1.000E-01, 1.000E-01,1,9,0,0,283, 8.49429E-01, 5.476774052E-02,285,1,HA1
Lanczos3_10,2,H, 1.000E+00,scale, 1.000E-08, 1.000E-01, 1.000E-01,1,10,0,0,283, 5.41689E-01, 5.476774052E-02,285,1,HA1
Lanczos3_10,2,H, 1.000E+00,scale, 1.000E-08, 1.000E-01, 1.000E-01,1,1,0,0,8, 1.23510E-02, 9.224997420E-02,9,1,HA10
Lanczos3_10,2,H, 1.000E+00,scale, 1.000E-08, 1.000E-01, 1.000E-01,1,2,0,0,10, 7.30600E-03, 7.593216642E-02,11,1,HA10
Lanczos3_10,2,H, 1.000E+00,scale, 1.000E-08, 1.000E-01, 1.000E-01,1,3,0,0,16, 1.87110E-02, 3.068442697E-02,17,1,HA10
Lanczos3_10,2,H, 1.000E+00,scale, 1.000E-08, 1.000E-01, 1.000E-01,1,4,0,0,1439, 6.16236E+00, 5.145371623E-02,1441,1,HA10
Lanczos3_10,2,H, 1.000E+00,scale, 1.000E-08, 1.000E-01, 1.000E-01,1,5,0,0,12, 1.27200E-02, 2.379300101E-02,13,1,HA10
Lanczos3_10,2,H, 1.000E+00,scale, 1.000E-08, 1.000E-01, 1.000E-01,1,6,0,0,331, 1.87557E+00, 8.632949100E-02,333,1,HA10
Lanczos3_10,2,H, 1.000E+00,scale, 1.000E-08, 1.000E-01, 1.000E-01,1,7,0,0,12, 1.72360E-02, 3.735704781E-02,13,1,HA10
Lanczos3_10,2,H, 1.000E+00,scale, 1.000E-08, 1.000E-01, 1.000E-01,1,8,0,0,16, 1.77390E-02, 3.686732668E-02,17,1,HA10
Lanczos3_10,2,H, 1.000E+00,scale, 1.000E-08, 1.000E-01, 1.000E-01,1,9,0,0,1971, 5.87962E+00, 6.612028368E-02,1973,1,HA10
Lanczos3_10,2,H, 1.000E+00,scale, 1.000E-08, 1.000E-01, 1.000E-01,1,10,0,0,262, 9.43459E-01, 3.858043266E-02,263,2,HA10
Lanczos3_10,2,H, 1.000E+00,scale, 1.000E-08, 1.000E-01, 1.000E-01,1,1,0,0,35, 4.80160E-02, 2.023682608E-02,36,1,HA100
Lanczos3_10,2,H, 1.000E+00,scale, 1.000E-08, 1.000E-01, 1.000E-01,1,2,0,0,33, 6.13110E-02, 6.280794697E-02,34,1,HA100
Lanczos3_10,2,H, 1.000E+00,scale, 1.000E-08, 1.000E-01, 1.000E-01,1,3,0,0,102, 1.37926E-01, 2.731245341E-02,103,1,HA100
Lanczos3_10,2,H, 1.000E+00,scale, 1.000E-08, 1.000E-01, 1.000E-01,1,4,0,0,14, 1.94960E-02, 3.937620397E-02,15,1,HA100
Lanczos3_10,2,H, 1.000E+00,scale, 1.000E-08, 1.000E-01, 1.000E-01,1,5,0,0,15, 2.70970E-02, 5.503522348E-02,16,1,HA100
Lanczos3_10,2,H, 1.000E+00,scale, 1.000E-08, 1.000E-01, 1.000E-01,1,6,0,0,11, 1.31010E-02, 7.078331874E-02,12,1,HA100
Lanczos3_10,2,H, 1.000E+00,scale, 1.000E-08, 1.000E-01, 1.000E-01,1,7,0,0,19, 2.62150E-02, 5.751298587E-02,20,1,HA100
Lanczos3_10,2,H, 1.000E+00,scale, 1.000E-08, 1.000E-01, 1.000E-01,1,8,0,0,42, 9.02220E-02, 8.591080886E-02,43,1,HA100
Lanczos3_10,2,H, 1.000E+00,scale, 1.000E-08, 1.000E-01, 1.000E-01,1,9,0,0,14, 1.77860E-02, 4.103695957E-02,15,1,HA100
Lanczos3_10,2,H, 1.000E+00,scale, 1.000E-08, 1.000E-01, 1.000E-01,1,10,0,0,9, 1.01800E-02, 3.339162599E-02,10,1,HA100
Lanczos3_10,2,H, 1.000E+00,clip, 1.000E-08, 1.000E-01, 1.000E-01,1,1,0,0,5, 5.82400E-03, 8.182625110E-02,6,2,Hc1
Lanczos3_10,2,H, 1.000E+00,clip, 1.000E-08, 1.000E-01, 1.000E-01,1,2,0,0,185, 3.03607E-01, 2.460111640E-02,186,2,Hc1
Lanczos3_10,2,H, 1.000E+00,clip, 1.000E-08, 1.000E-01, 1.000E-01,1,3,0,0,224, 6.44735E-01, 2.206479735E-02,225,2,Hc1
Lanczos3_10,2,H, 1.000E+00,clip, 1.000E-08, 1.000E-01, 1.000E-01,1,4,0,0,6, 6.84000E-03, 6.742283544E-02,7,1,Hc1
Lanczos3_10,2,H, 1.000E+00,clip, 1.000E-08, 1.000E-01, 1.000E-01,1,5,0,0,12, 1.24750E-02, 2.016054769E-02,14,1,Hc1
Lanczos3_10,2,H, 1.000E+00,clip, 1.000E-08, 1.000E-01, 1.000E-01,1,6,0,0,342, 1.70110E-01, 1.473575910E-01,343,1,Hc1
Lanczos3_10,2,H, 1.000E+00,clip, 1.000E-08, 1.000E-01, 1.000E-01,1,7,0,0,27, 4.85850E-02, 6.848970942E-02,29,2,Hc1
Lanczos3_10,2,H, 1.000E+00,clip, 1.000E-08, 1.000E-01, 1.000E-01,1,8,0,0,3, 3.42100E-03, 5.941986776E-02,5,2,Hc1
Lanczos3_10,2,H, 1.000E+00,clip, 1.000E-08, 1.000E-01, 1.000E-01,1,9,0,0,6, 4.63400E-03, 5.937444076E-02,7,1,Hc1
Lanczos3_10,2,H, 1.000E+00,clip, 1.000E-08, 1.000E-01, 1.000E-01,1,10,0,0,3, 3.57600E-03, 7.427326047E-02,4,2,Hc1
Lanczos3_10,2,H, 1.000E+01,clip, 1.000E-08, 1.000E-01, 1.000E-01,1,1,0,0,35, 6.93940E-02, 2.023682608E-02,36,1,Hc10
Lanczos3_10,2,H, 1.000E+01,clip, 1.000E-08, 1.000E-01, 1.000E-01,1,2,0,0,33, 9.61730E-02, 6.280794697E-02,34,1,Hc10
Lanczos3_10,2,H, 1.000E+01,clip, 1.000E-08, 1.000E-01, 1.000E-01,1,3,0,0,102, 1.73163E-01, 2.731245343E-02,103,1,Hc10
Lanczos3_10,2,H, 1.000E+01,clip, 1.000E-08, 1.000E-01, 1.000E-01,1,4,0,0,14, 1.74230E-02, 3.937620364E-02,15,1,Hc10
Lanczos3_10,2,H, 1.000E+01,clip, 1.000E-08, 1.000E-01, 1.000E-01,1,5,0,0,15, 1.81550E-02, 5.503522348E-02,16,1,Hc10
Lanczos3_10,2,H, 1.000E+01,clip, 1.000E-08, 1.000E-01, 1.000E-01,1,6,0,0,11, 1.41990E-02, 7.078331734E-02,12,1,Hc10
Lanczos3_10,2,H, 1.000E+01,clip, 1.000E-08, 1.000E-01, 1.000E-01,1,7,0,0,19, 2.62090E-02, 5.751298585E-02,20,1,Hc10
Lanczos3_10,2,H, 1.000E+01,clip, 1.000E-08, 1.000E-01, 1.000E-01,1,8,0,0,42, 1.00045E-01, 8.591080886E-02,43,1,Hc10
Lanczos3_10,2,H, 1.000E+01,clip, 1.000E-08, 1.000E-01, 1.000E-01,1,9,0,0,14, 1.86090E-02, 4.103695957E-02,15,1,Hc10
Lanczos3_10,2,H, 1.000E+01,clip, 1.000E-08, 1.000E-01, 1.000E-01,1,10,0,0,9, 9.68800E-03, 3.339162600E-02,10,1,Hc10
Lanczos3_10,2,QN, 1.000E+04,scale, 1.000E-08, 1.000E-01, 1.000E-01,1,1,0,0,7, 5.63000E-03, 9.476584736E-02,8,1,QN
Lanczos3_10,2,QN, 1.000E+04,scale, 1.000E-08, 1.000E-01, 1.000E-01,1,2,0,0,18, 1.53850E-02, 4.850792491E-02,19,1,QN
Lanczos3_10,2,QN, 1.000E+04,scale, 1.000E-08, 1.000E-01, 1.000E-01,1,3,0,0,33, 4.39250E-02, 3.306034040E-02,34,1,QN
Lanczos3_10,2,QN, 1.000E+04,scale, 1.000E-08, 1.000E-01, 1.000E-01,1,4,0,0,47, 6.32440E-02, 5.882712591E-02,48,1,QN
Lanczos3_10,2,QN, 1.000E+04,scale, 1.000E-08, 1.000E-01, 1.000E-01,1,5,0,0,20, 4.40630E-02, 9.607566890E-02,21,1,QN
Lanczos3_10,2,QN, 1.000E+04,scale, 1.000E-08, 1.000E-01, 1.000E-01,1,6,0,0,28, 3.33320E-02, 6.403106490E-02,29,1,QN
Lanczos3_10,2,QN, 1.000E+04,scale, 1.000E-08, 1.000E-01, 1.000E-01,1,7,0,0,7, 5.33600E-03, 7.674747429E-02,8,1,QN
Lanczos3_10,2,QN, 1.000E+04,scale, 1.000E-08, 1.000E-01, 1.000E-01,1,8,0,0,12, 5.40400E-03, 6.298792179E-02,13,1,QN
Lanczos3_10,2,QN, 1.000E+04,scale, 1.000E-08, 1.000E-01, 1.000E-01,1,9,0,0,21, 2.95410E-02, 6.755122719E-02,22,1,QN
Lanczos3_10,2,QN, 1.000E+04,scale, 1.000E-08, 1.000E-01, 1.000E-01,1,10,0,0,10, 1.08920E-02, 7.872339379E-02,11,1,QN
Lanczos3_10,2,0, 1.000E+00,scale, 1.000E-08, 1.000E-01, 1.000E-01,2,1,0,0,9, 6.14000E-03, 2.438103141E-02,11,1,FO
Lanczos3_10,2,0, 1.000E+00,scale, 1.000E-08, 1.000E-01, 1.000E-01,2,2,0,0,9, 5.83300E-03, 2.194555882E-02,11,1,FO
Lanczos3_10,2,0, 1.000E+00,scale, 1.000E-08, 1.000E-01, 1.000E-01,2,3,0,0,505, 9.59726E-01, 7.747339577E-03,507,2,FO
Lanczos3_10,2,0, 1.000E+00,scale, 1.000E-08, 1.000E-01, 1.000E-01,2,4,0,0,10, 7.06200E-03, 1.820835477E-02,12,1,FO
Lanczos3_10,2,0, 1.000E+00,scale, 1.000E-08, 1.000E-01, 1.000E-01,2,5,0,0,9, 6.26000E-03, 2.438103141E-02,11,1,FO
Lanczos3_10,2,0, 1.000E+00,scale, 1.000E-08, 1.000E-01, 1.000E-01,2,6,0,0,4, 4.47800E-03, 4.913652399E-02,6,2,FO
Lanczos3_10,2,0, 1.000E+00,scale, 1.000E-08, 1.000E-01, 1.000E-01,2,7,0,0,4, 4.12600E-03, 5.266496372E-02,6,1,FO
Lanczos3_10,2,0, 1.000E+00,scale, 1.000E-08, 1.000E-01, 1.000E-01,2,8,0,0,178, 1.29527E-01, 1.000085128E-01,181,2,FO
Lanczos3_10,2,0, 1.000E+00,scale, 1.000E-08, 1.000E-01, 1.000E-01,2,9,0,0,42, 5.14430E-02, 1.275914324E-02,45,2,FO
Lanczos3_10,2,0, 1.000E+00,scale, 1.000E-08, 1.000E-01, 1.000E-01,2,10,0,0,9, 6.24000E-03, 2.438103141E-02,11,1,FO
Lanczos3_10,2,GN, 1.000E+04,scale, 1.000E-08, 1.000E-01, 1.000E-01,2,1,0,0,89, 1.07968E-01, 4.857284387E-02,90,1,GN
Lanczos3_10,2,GN, 1.000E+04,scale, 1.000E-08, 1.000E-01, 1.000E-01,2,2,0,0,39, 4.75170E-02, 4.044131679E-02,40,1,GN
Lanczos3_10,2,GN, 1.000E+04,scale, 1.000E-08, 1.000E-01, 1.000E-01,2,3,0,0,106, 1.95036E-01, 5.725051046E-02,107,1,GN
Lanczos3_10,2,GN, 1.000E+04,scale, 1.000E-08, 1.000E-01, 1.000E-01,2,4,0,0,30, 4.36860E-02, 2.200273323E-02,31,1,GN
Lanczos3_10,2,GN, 1.000E+04,scale, 1.000E-08, 1.000E-01, 1.000E-01,2,5,0,0,3, 1.19600E-03, 2.264838720E-02,4,1,GN
Lanczos3_10,2,GN, 1.000E+04,scale, 1.000E-08, 1.000E-01, 1.000E-01,2,6,0,0,36, 4.94900E-02, 1.706863023E-02,37,1,GN
Lanczos3_10,2,GN, 1.000E+04,scale, 1.000E-08, 1.000E-01, 1.000E-01,2,7,0,0,26, 3.32720E-02, 3.487783999E-02,27,1,GN
Lanczos3_10,2,GN, 1.000E+04,scale, 1.000E-08, 1.000E-01, 1.000E-01,2,8,0,0,89, 1.02362E-01, 5.455851754E-02,90,1,GN
Lanczos3_10,2,GN, 1.000E+04,scale, 1.000E-08, 1.000E-01, 1.000E-01,2,9,0,0,90, 9.49730E-02, 6.058088977E-02,91,1,GN
Lanczos3_10,2,GN, 1.000E+04,scale, 1.000E-08, 1.000E-01, 1.000E-01,2,10,0,0,227, 4.39241E-01, 3.955949585E-02,228,1,GN
Lanczos3_10,2,GN, 1.000E+00,scale, 1.000E-08, 1.000E-01, 1.000E-01,2,1,0,0,8, 5.89800E-03, 5.997866007E-02,9,2,GN1
Lanczos3_10,2,GN, 1.000E+00,scale, 1.000E-08, 1.000E-01, 1.000E-01,2,2,0,0,34, 5.55620E-02, 5.215520238E-02,35,2,GN1
Lanczos3_10,2,GN, 1.000E+00,scale, 1.000E-08, 1.000E-01, 1.000E-01,2,3,0,0,30, 6.24710E-02, 4.053979855E-02,31,2,GN1
Lanczos3_10,2,GN, 1.000E+00,scale, 1.000E-08, 1.000E-01, 1.000E-01,2,4,0,0,3, 4.46800E-03, 2.297436765E-02,4,2,GN1
Lanczos3_10,2,GN, 1.000E+00,scale, 1.000E-08, 1.000E-01, 1.000E-01,2,5,0,0,9, 4.97500E-03, 5.463584988E-02,10,2,GN1
Lanczos3_10,2,GN, 1.000E+00,scale, 1.000E-08, 1.000E-01, 1.000E-01,2,6,0,0,493, 4.74695E-01, 1.594396168E-02,494,2,GN1
Lanczos3_10,2,GN, 1.000E+00,scale, 1.000E-08, 1.000E-01, 1.000E-01,2,7,0,0,50, 3.79290E-02, 5.541400135E-02,51,2,GN1
Lanczos3_10,2,GN, 1.000E+00,scale, 1.000E-08, 1.000E-01, 1.000E-01,2,8,0,0,25, 6.05220E-02, 8.410608054E-02,26,2,GN1
Lanczos3_10,2,GN, 1.000E+00,scale, 1.000E-08, 1.000E-01, 1.000E-01,2,9,0,0,12, 1.79120E-02, 3.405721734E-02,13,2,GN1
Lanczos3_10,2,GN, 1.000E+00,scale, 1.000E-08, 1.000E-01, 1.000E-01,2,10,0,0,9, 5.04100E-03, 5.471043611E-02,10,2,GN1
Lanczos3_10,2,H, 1.000E+04,scale, 1.000E-08, 1.000E-01, 1.000E-01,2,1,0,0,3, 3.98500E-03, 2.942592171E-02,4,1,H
Lanczos3_10,2,H, 1.000E+04,scale, 1.000E-08, 1.000E-01, 1.000E-01,2,2,0,0,25, 4.04010E-02, 5.224051488E-02,26,1,H
Lanczos3_10,2,H, 1.000E+04,scale, 1.000E-08, 1.000E-01, 1.000E-01,2,3,0,0,7, 1.25350E-02, 4.905311173E-02,8,1,H
Lanczos3_10,2,H, 1.000E+04,scale, 1.000E-08, 1.000E-01, 1.000E-01,2,4,0,0,95, 1.88565E-01, 7.279138731E-02,96,1,H
Lanczos3_10,2,H, 1.000E+04,scale, 1.000E-08, 1.000E-01, 1.000E-01,2,5,0,0,133, 5.11991E-01, 9.733984258E-02,134,1,H
Lanczos3_10,2,H, 1.000E+04,scale, 1.000E-08, 1.000E-01, 1.000E-01,2,6,0,0,71, 1.25682E-01, 9.010315133E-02,72,1,H
Lanczos3_10,2,H, 1.000E+04,scale, 1.000E-08, 1.000E-01, 1.000E-01,2,7,0,0,3, 3.72300E-03, 3.536597752E-02,4,1,H
Lanczos3_10,2,H, 1.000E+04,scale, 1.000E-08, 1.000E-01, 1.000E-01,2,8,0,0,95, 2.17071E-01, 6.851911908E-02,96,1,H
Lanczos3_10,2,H, 1.000E+04,scale, 1.000E-08, 1.000E-01, 1.000E-01,2,9,0,0,3, 4.41600E-03, 4.079606460E-02,4,1,H
Lanczos3_10,2,H, 1.000E+04,scale, 1.000E-08, 1.000E-01, 1.000E-01,2,10,0,0,189, 7.46940E-01, 4.873181926E-02,190,2,H
Lanczos3_10,2,H, 1.000E-01,scale, 1.000E-08, 1.000E-01, 1.000E-01,2,1,0,0,247, 2.16303E-01, 7.796567576E-02,249,1,H0.1
Lanczos3_10,2,H, 1.000E-01,scale, 1.000E-08, 1.000E-01, 1.000E-01,2,2,0,0,296, 2.58992E-01, 8.474112609E-02,298,1,H0.1
Lanczos3_10,2,H, 1.000E-01,scale, 1.000E-08, 1.000E-01, 1.000E-01,2,3,0,0,11, 8.83400E-03, 3.545270044E-02,13,1,H0.1
Lanczos3_10,2,H, 1.000E-01,scale, 1.000E-08, 1.000E-01, 1.000E-01,2,4,0,0,37, 1.62680E-02, 4.605795748E-02,39,1,H0.1
Lanczos3_10,2,H, 1.000E-01,scale, 1.000E-08, 1.000E-01, 1.000E-01,2,5,0,0,256, 2.30222E-01, 9.125486640E-02,258,1,H0.1
Lanczos3_10,2,H, 1.000E-01,scale, 1.000E-08, 1.000E-01, 1.000E-01,2,6,0,0,19, 1.74370E-02, 1.862331292E-02,22,2,H0.1
Lanczos3_10,2,H, 1.000E-01,scale, 1.000E-08, 1.000E-01, 1.000E-01,2,7,0,0,72, 2.20817E-01, 2.994460882E-02,75,2,H0.1
Lanczos3_10,2,H, 1.000E-01,scale, 1.000E-08, 1.000E-01, 1.000E-01,2,8,0,0,5, 5.29100E-03, 1.903794089E-02,8,2,H0.1
Lanczos3_10,2,H, 1.000E-01,scale, 1.000E-08, 1.000E-01, 1.000E-01,2,9,0,0,5, 4.39700E-03, 1.990389808E-02,8,2,H0.1
Lanczos3_10,2,H, 1.000E-01,scale, 1.000E-08, 1.000E-01, 1.000E-01,2,10,0,0,257, 2.74813E-01, 8.154865603E-02,259,1,H0.1
Lanczos3_10,2,H, 1.000E+00,scale, 1.000E-08, 1.000E-01, 1.000E-01,2,1,0,0,1023, 1.92190E+00, 5.123954991E-02,1024,1,H1
Lanczos3_10,2,H, 1.000E+00,scale, 1.000E-08, 1.000E-01, 1.000E-01,2,2,0,0,548, 1.38463E-01, 1.183071971E-01,550,1,H1
Lanczos3_10,2,H, 1.000E+00,scale, 1.000E-08, 1.000E-01, 1.000E-01,2,3,0,0,6, 4.96000E-03, 5.112483268E-02,7,1,H1
Lanczos3_10,2,H, 1.000E+00,scale, 1.000E-08, 1.000E-01, 1.000E-01,2,4,0,0,881, 2.68961E+00, 9.828836899E-02,882,1,H1
Lanczos3_10,2,H, 1.000E+00,scale, 1.000E-08, 1.000E-01, 1.000E-01,2,5,0,0,8, 4.84900E-03, 8.475979106E-02,9,1,H1
Lanczos3_10,2,H, 1.000E+00,scale, 1.000E-08, 1.000E-01, 1.000E-01,2,6,0,0,883, 2.95157E+00, 4.114772978E-02,884,2,H1
Lanczos3_10,2,H, 1.000E+00,scale, 1.000E-08, 1.000E-01, 1.000E-01,2,7,0,0,1050, 4.53593E+00, 5.603954269E-02,1051,1,H1
Lanczos3_10,2,H, 1.000E+00,scale, 1.000E-08, 1.000E-01, 1.000E-01,2,8,0,0,548, 6.96940E-02, 1.066173803E-01,549,2,H1
Lanczos3_10,2,H, 1.000E+00,scale, 1.000E-08, 1.000E-01, 1.000E-01,2,9,0,0,41, 5.15970E-02, 9.147789394E-02,42,1,H1
Lanczos3_10,2,H, 1.000E+00,scale, 1.000E-08, 1.000E-01, 1.000E-01,2,10,0,0,33, 3.53840E-02, 8.516888785E-02,34,2,H1
Lanczos3_10,2,H, 1.000E+01,scale, 1.000E-08, 1.000E-01, 1.000E-01,2,1,0,0,3, 7.00800E-03, 2.942592171E-02,4,1,H10
Lanczos3_10,2,H, 1.000E+01,scale, 1.000E-08, 1.000E-01, 1.000E-01,2,2,0,0,25, 6.40710E-02, 5.224051488E-02,26,1,H10
Lanczos3_10,2,H, 1.000E+01,scale, 1.000E-08, 1.000E-01, 1.000E-01,2,3,0,0,7, 1.90070E-02, 4.905311173E-02,8,1,H10
Lanczos3_10,2,H, 1.000E+01,scale, 1.000E-08, 1.000E-01, 1.000E-01,2,4,0,0,95, 2.99013E-01, 7.279138731E-02,96,1,H10
Lanczos3_10,2,H, 1.000E+01,scale, 1.000E-08, 1.000E-01, 1.000E-01,2,5,0,0,133, 6.99621E-01, 9.733984258E-02,134,1,H10
Lanczos3_10,2,H, 1.000E+01,scale, 1.000E-08, 1.000E-01, 1.000E-01,2,6,0,0,71, 1.36536E-01, 9.010315133E-02,72,1,H10
Lanczos3_10,2,H, 1.000E+01,scale, 1.000E-08, 1.000E-01, 1.000E-01,2,7,0,0,3, 3.92200E-03, 3.536597752E-02,4,1,H10
Lanczos3_10,2,H, 1.000E+01,scale, 1.000E-08, 1.000E-01, 1.000E-01,2,8,0,0,95, 2.35302E-01, 6.851911908E-02,96,1,H10
Lanczos3_10,2,H, 1.000E+01,scale, 1.000E-08, 1.000E-01, 1.000E-01,2,9,0,0,3, 5.27700E-03, 4.079606460E-02,4,1,H10
Lanczos3_10,2,H, 1.000E+01,scale, 1.000E-08, 1.000E-01, 1.000E-01,2,10,0,0,189, 8.15192E-01, 4.873181926E-02,190,2,H10
Lanczos3_10,2,H, 1.000E+02,scale, 1.000E-08, 1.000E-01, 1.000E-01,2,1,0,0,3, 4.20700E-03, 2.942592171E-02,4,1,H100
Lanczos3_10,2,H, 1.000E+02,scale, 1.000E-08, 1.000E-01, 1.000E-01,2,2,0,0,25, 4.42200E-02, 5.224051488E-02,26,1,H100
Lanczos3_10,2,H, 1.000E+02,scale, 1.000E-08, 1.000E-01, 1.000E-01,2,3,0,0,7, 1.31260E-02, 4.905311173E-02,8,1,H100
Lanczos3_10,2,H, 1.000E+02,scale, 1.000E-08, 1.000E-01, 1.000E-01,2,4,0,0,95, 2.00962E-01, 7.279138731E-02,96,1,H100
Lanczos3_10,2,H, 1.000E+02,scale, 1.000E-08, 1.000E-01, 1.000E-01,2,5,0,0,133, 5.50583E-01, 9.733984258E-02,134,1,H100
Lanczos3_10,2,H, 1.000E+02,scale, 1.000E-08, 1.000E-01, 1.000E-01,2,6,0,0,71, 1.38854E-01, 9.010315133E-02,72,1,H100
Lanczos3_10,2,H, 1.000E+02,scale, 1.000E-08, 1.000E-01, 1.000E-01,2,7,0,0,3, 4.43700E-03, 3.536597752E-02,4,1,H100
Lanczos3_10,2,H, 1.000E+02,scale, 1.000E-08, 1.000E-01, 1.000E-01,2,8,0,0,95, 2.33924E-01, 6.851911908E-02,96,1,H100
Lanczos3_10,2,H, 1.000E+02,scale, 1.000E-08, 1.000E-01, 1.000E-01,2,9,0,0,3, 4.69200E-03, 4.079606460E-02,4,1,H100
Lanczos3_10,2,H, 1.000E+02,scale, 1.000E-08, 1.000E-01, 1.000E-01,2,10,0,0,189, 8.13716E-01, 4.873181926E-02,190,2,H100
Lanczos3_10,2,H, 1.000E+00,scale, 1.000E-08, 1.000E-01, 1.000E-01,2,1,0,0,266, 5.79088E-01, 6.440931695E-02,268,1,HA1
Lanczos3_10,2,H, 1.000E+00,scale, 1.000E-08, 1.000E-01, 1.000E-01,2,2,0,0,3, 2.70800E-03, 6.655674785E-02,5,1,HA1
Lanczos3_10,2,H, 1.000E+00,scale, 1.000E-08, 1.000E-01, 1.000E-01,2,3,0,0,3, 6.34600E-03, 8.229325540E-02,5,2,HA1
Lanczos3_10,2,H, 1.000E+00,scale, 1.000E-08, 1.000E-01, 1.000E-01,2,4,0,0,332, 7.12603E-01, 7.162101173E-02,334,1,HA1
Lanczos3_10,2,H, 1.000E+00,scale, 1.000E-08, 1.000E-01, 1.000E-01,2,5,0,0,281, 5.98412E-01, 5.872751719E-02,283,1,HA1
Lanczos3_10,2,H, 1.000E+00,scale, 1.000E-08, 1.000E-01, 1.000E-01,2,6,0,0,484, 1.20434E+00, 7.931346680E-02,486,1,HA1
Lanczos3_10,2,H, 1.000E+00,scale, 1.000E-08, 1.000E-01, 1.000E-01,2,7,0,0,511, 1.36063E+00, 8.145425360E-02,513,1,HA1
Lanczos3_10,2,H, 1.000E+00,scale, 1.000E-08, 1.000E-01, 1.000E-01,2,8,0,0,3, 3.69500E-03, 9.349130426E-02,5,1,HA1
Lanczos3_10,2,H, 1.000E+00,scale, 1.000E-08, 1.000E-01, 1.000E-01,2,9,0,0,3, 1.66200E-03, 7.808224453E-02,5,2,HA1
Lanczos3_10,2,H, 1.000E+00,scale, 1.000E-08, 1.000E-01, 1.000E-01,2,10,0,0,428, 1.31562E+00, 6.221490181E-02,430,1,HA1
Lanczos3_10,2,H, 1.000E+00,scale, 1.000E-08, 1.000E-01, 1.000E-01,2,1,0,0,1023, 2.40018E+00, 5.123954991E-02,1024,1,HA10
Lanczos3_10,2,H, 1.000E+00,scale, 1.000E-08, 1.000E-01, 1.000E-01,2,2,0,0,548, 1.96962E-01, 1.185280924E-01,550,1,HA10
Lanczos3_10,2,H, 1.000E+00,scale, 1.000E-08, 1.000E-01, 1.000E-01,2,3,0,0,6, 6.31200E-03, 5.112483268E-02,7,1,HA10
Lanczos3_10,2,H, 1.000E+00,scale, 1.000E-08, 1.000E-01, 1.000E-01,2,4,0,0,881, 3.57514E+00, 9.828836899E-02,882,1,HA10
Lanczos3_10,2,H, 1.000E+00,scale, 1.000E-08, 1.000E-01, 1.000E-01,2,5,0,0,8, 6.88300E-03, 8.475979106E-02,9,1,HA10
Lanczos3_10,2,H, 1.000E+00,scale, 1.000E-08, 1.000E-01, 1.000E-01,2,6,0,0,883, 3.89764E+00, 4.114772978E-02,884,2,HA10
Lanczos3_10,2,H, 1.000E+00,scale, 1.000E-08, 1.000E-01, 1.000E-01,2,7,0,0,1050, 6.14433E+00, 5.603954269E-02,1051,1,HA10
Lanczos3_10,2,H, 1.000E+00,scale, 1.000E-08, 1.000E-01, 1.000E-01,2,8,0,0,548, 7.10990E-02, 1.066173803E-01,549,2,HA10
Lanczos3_10,2,H, 1.000E+00,scale, 1.000E-08, 1.000E-01, 1.000E-01,2,9,0,0,41, 5.21400E-02, 9.147789394E-02,42,1,HA10
Lanczos3_10,2,H, 1.000E+00,scale, 1.000E-08, 1.000E-01, 1.000E-01,2,10,0,0,33, 4.21140E-02, 8.516888785E-02,34,2,HA10
Lanczos3_10,2,H, 1.000E+00,scale, 1.000E-08, 1.000E-01, 1.000E-01,2,1,0,0,3, 3.53800E-03, 2.942592171E-02,4,1,HA100
Lanczos3_10,2,H, 1.000E+00,scale, 1.000E-08, 1.000E-01, 1.000E-01,2,2,0,0,25, 3.39110E-02, 5.224051488E-02,26,1,HA100
Lanczos3_10,2,H, 1.000E+00,scale, 1.000E-08, 1.000E-01, 1.000E-01,2,3,0,0,7, 1.12280E-02, 4.905311173E-02,8,1,HA100
Lanczos3_10,2,H, 1.000E+00,scale, 1.000E-08, 1.000E-01, 1.000E-01,2,4,0,0,95, 1.57192E-01, 7.279138731E-02,96,1,HA100
Lanczos3_10,2,H, 1.000E+00,scale, 1.000E-08, 1.000E-01, 1.000E-01,2,5,0,0,133, 4.04737E-01, 9.733984258E-02,134,1,HA100
Lanczos3_10,2,H, 1.000E+00,scale, 1.000E-08, 1.000E-01, 1.000E-01,2,6,0,0,71, 1.03844E-01, 9.010315133E-02,72,1,HA100
Lanczos3_10,2,H, 1.000E+00,scale, 1.000E-08, 1.000E-01, 1.000E-01,2,7,0,0,3, 3.63600E-03, 3.536597752E-02,4,1,HA100
Lanczos3_10,2,H, 1.000E+00,scale, 1.000E-08, 1.000E-01, 1.000E-01,2,8,0,0,95, 1.66825E-01, 6.851911908E-02,96,1,HA100
Lanczos3_10,2,H, 1.000E+00,scale, 1.000E-08, 1.000E-01, 1.000E-01,2,9,0,0,3, 4.26200E-03, 4.079606460E-02,4,1,HA100
Lanczos3_10,2,H, 1.000E+00,scale, 1.000E-08, 1.000E-01, 1.000E-01,2,10,0,0,189, 6.53109E-01, 4.873181926E-02,190,2,HA100
Lanczos3_10,2,H, 1.000E+00,clip, 1.000E-08, 1.000E-01, 1.000E-01,2,1,0,0,238, 2.74083E-01, 2.950002575E-02,239,2,Hc1
Lanczos3_10,2,H, 1.000E+00,clip, 1.000E-08, 1.000E-01, 1.000E-01,2,2,0,0,10, 4.94900E-03, 2.850068048E-02,11,2,Hc1
Lanczos3_10,2,H, 1.000E+00,clip, 1.000E-08, 1.000E-01, 1.000E-01,2,3,0,0,35, 3.13800E-02, 8.741262207E-03,36,2,Hc1
Lanczos3_10,2,H, 1.000E+00,clip, 1.000E-08, 1.000E-01, 1.000E-01,2,4,0,0,15, 9.58900E-03, 1.833871942E-02,16,2,Hc1
Lanczos3_10,2,H, 1.000E+00,clip, 1.000E-08, 1.000E-01, 1.000E-01,2,5,0,0,5, 4.25600E-03, 9.878456118E-02,6,2,Hc1
Lanczos3_10,2,H, 1.000E+00,clip, 1.000E-08, 1.000E-01, 1.000E-01,2,6,0,0,37, 6.13210E-02, 1.888845698E-02,38,2,Hc1
Lanczos3_10,2,H, 1.000E+00,clip, 1.000E-08, 1.000E-01, 1.000E-01,2,7,0,0,56, 8.78010E-02, 2.593083460E-02,57,2,Hc1
Lanczos3_10,2,H, 1.000E+00,clip, 1.000E-08, 1.000E-01, 1.000E-01,2,8,0,0,10, 4.79700E-03, 3.045574134E-02,11,2,Hc1
Lanczos3_10,2,H, 1.000E+00,clip, 1.000E-08, 1.000E-01, 1.000E-01,2,9,0,0,9, 5.52600E-03, 2.462917937E-02,10,2,Hc1
Lanczos3_10,2,H, 1.000E+00,clip, 1.000E-08, 1.000E-01, 1.000E-01,2,10,0,0,12, 5.37700E-03, 8.759214110E-02,13,2,Hc1
Lanczos3_10,2,H, 1.000E+01,clip, 1.000E-08, 1.000E-01, 1.000E-01,2,1,0,0,3, 3.71100E-03, 2.942592177E-02,4,1,Hc10
Lanczos3_10,2,H, 1.000E+01,clip, 1.000E-08, 1.000E-01, 1.000E-01,2,2,0,0,25, 3.57130E-02, 5.224051869E-02,26,1,Hc10
Lanczos3_10,2,H, 1.000E+01,clip, 1.000E-08, 1.000E-01, 1.000E-01,2,3,0,0,7, 1.09950E-02, 4.905311170E-02,8,1,Hc10
Lanczos3_10,2,H, 1.000E+01,clip, 1.000E-08, 1.000E-01, 1.000E-01,2,4,0,0,95, 1.66415E-01, 7.279138730E-02,96,1,Hc10
Lanczos3_10,2,H, 1.000E+01,clip, 1.000E-08, 1.000E-01, 1.000E-01,2,5,0,0,133, 4.34415E-01, 9.733983701E-02,134,1,Hc10
Lanczos3_10,2,H, 1.000E+01,clip, 1.000E-08, 1.000E-01, 1.000E-01,2,6,0,0,71, 1.10676E-01, 9.010315134E-02,72,1,Hc10
Lanczos3_10,2,H, 1.000E+01,clip, 1.000E-08, 1.000E-01, 1.000E-01,2,7,0,0,3, 3.34900E-03, 3.536597752E-02,4,1,Hc10
Lanczos3_10,2,H, 1.000E+01,clip, 1.000E-08, 1.000E-01, 1.000E-01,2,8,0,0,95, 1.92093E-01, 6.851911244E-02,96,1,Hc10
Lanczos3_10,2,H, 1.000E+01,clip, 1.000E-08, 1.000E-01, 1.000E-01,2,9,0,0,3, 3.82500E-03, 4.079606458E-02,4,1,Hc10
Lanczos3_10,2,H, 1.000E+01,clip, 1.000E-08, 1.000E-01, 1.000E-01,2,10,0,0,189, 6.87702E-01, 4.873182328E-02,190,2,Hc10
Lanczos3_10,2,QN, 1.000E+04,scale, 1.000E-08, 1.000E-01, 1.000E-01,2,1,0,0,15, 1.91990E-02, 7.010009506E-02,16,2,QN
Lanczos3_10,2,QN, 1.000E+04,scale, 1.000E-08, 1.000E-01, 1.000E-01,2,2,0,0,4, 3.54100E-03, 6.053768386E-02,5,1,QN
Lanczos3_10,2,QN, 1.000E+04,scale, 1.000E-08, 1.000E-01, 1.000E-01,2,3,0,0,12, 1.48740E-02, 7.735593243E-02,13,2,QN
Lanczos3_10,2,QN, 1.000E+04,scale, 1.000E-08, 1.000E-01, 1.000E-01,2,4,0,0,141, 4.67790E-02, 1.346757729E-01,143,1,QN
Lanczos3_10,2,QN, 1.000E+04,scale, 1.000E-08, 1.000E-01, 1.000E-01,2,5,0,0,40, 2.82920E-02, 5.251815002E-02,41,2,QN
Lanczos3_10,2,QN, 1.000E+04,scale, 1.000E-08, 1.000E-01, 1.000E-01,2,6,0,0,4, 2.78300E-03, 8.553016465E-02,5,1,QN
Lanczos3_10,2,QN, 1.000E+04,scale, 1.000E-08, 1.000E-01, 1.000E-01,2,7,0,0,4, 2.69900E-03, 8.088474484E-02,5,1,QN
Lanczos3_10,2,QN, 1.000E+04,scale, 1.000E-08, 1.000E-01, 1.000E-01,2,8,0,0,5, 2.26700E-03, 7.093628306E-02,6,1,QN
Lanczos3_10,2,QN, 1.000E+04,scale, 1.000E-08, 1.000E-01, 1.000E-01,2,9,0,0,1065, 1.09227E+00, 1.014359121E-01,1066,2,QN
Lanczos3_10,2,QN, 1.000E+04,scale, 1.000E-08, 1.000E-01, 1.000E-01,2,10,0,0,233, 5.03445E-01, 5.739523176E-02,234,1,QN
MGH17_05,2,0, 1.000E+00,scale, 1.000E-08, 1.000E-01, 1.000E-01,1,1,0,0,12, 4.45900E-03, 9.998862599E-02,38,0,FO
MGH17_05,2,0, 1.000E+00,scale, 1.000E-08, 1.000E-01, 1.000E-01,1,2,0,0,12, 3.29100E-03, 1.000716238E-01,37,0,FO
MGH17_05,2,0, 1.000E+00,scale, 1.000E-08, 1.000E-01, 1.000E-01,1,3,0,0,12, 3.35600E-03, 1.000501435E-01,39,0,FO
MGH17_05,2,0, 1.000E+00,scale, 1.000E-08, 1.000E-01, 1.000E-01,1,4,0,0,12, 3.18900E-03, 1.001081132E-01,31,0,FO
MGH17_05,2,0, 1.000E+00,scale, 1.000E-08, 1.000E-01, 1.000E-01,1,5,0,0,12, 3.64800E-03, 1.000734255E-01,39,0,FO
MGH17_05,2,0, 1.000E+00,scale, 1.000E-08, 1.000E-01, 1.000E-01,1,6,0,0,12, 3.56700E-03, 1.002238782E-01,38,0,FO
MGH17_05,2,0, 1.000E+00,scale, 1.000E-08, 1.000E-01, 1.000E-01,1,7,0,0,12, 3.55900E-03, 1.001082833E-01,38,0,FO
MGH17_05,2,0, 1.000E+00,scale, 1.000E-08, 1.000E-01, 1.000E-01,1,8,0,0,12, 3.45100E-03, 1.001897979E-01,38,0,FO
MGH17_05,2,0, 1.000E+00,scale, 1.000E-08, 1.000E-01, 1.000E-01,1,9,0,0,12, 3.45600E-03, 1.002081239E-01,38,0,FO
MGH17_05,2,0, 1.000E+00,scale, 1.000E-08, 1.000E-01, 1.000E-01,1,10,0,0,12, 3.19700E-03, 1.001066671E-01,31,0,FO
MGH17_05,2,GN, 1.000E+04,scale, 1.000E-08, 1.000E-01, 1.000E-01,1,1,0,0,4, 2.05700E-03, 3.820192008E-02,6,1,GN
MGH17_05,2,GN, 1.000E+04,scale, 1.000E-08, 1.000E-01, 1.000E-01,1,2,0,0,4, 1.72100E-03, 4.432106449E-02,5,1,GN
MGH17_05,2,GN, 1.000E+04,scale, 1.000E-08, 1.000E-01, 1.000E-01,1,3,0,0,3, 5.55000E-04, 6.375666824E-02,4,1,GN
MGH17_05,2,GN, 1.000E+04,scale, 1.000E-08, 1.000E-01, 1.000E-01,1,4,0,0,3, 1.54400E-03, 7.952316893E-02,4,1,GN
MGH17_05,2,GN, 1.000E+04,scale, 1.000E-08, 1.000E-01, 1.000E-01,1,5,0,0,4, 8.22000E-04, 6.298047886E-02,5,1,GN
MGH17_05,2,GN, 1.000E+04,scale, 1.000E-08, 1.000E-01, 1.000E-01,1,6,0,0,3, 4.97000E-04, 8.631010386E-02,4,1,GN
MGH17_05,2,GN, 1.000E+04,scale, 1.000E-08, 1.000E-01, 1.000E-01,1,7,0,0,4, 1.09400E-03, 3.785403740E-02,5,1,GN
MGH17_05,2,GN, 1.000E+04,scale, 1.000E-08, 1.000E-01, 1.000E-01,1,8,0,0,4, 1.56000E-03, 5.329957387E-02,5,1,GN
MGH17_05,2,GN, 1.000E+04,scale, 1.000E-08, 1.000E-01, 1.000E-01,1,9,0,0,3, 6.03000E-04, 8.834812822E-02,4,1,GN
MGH17_05,2,GN, 1.000E+04,scale, 1.000E-08, 1.000E-01, 1.000E-01,1,10,0,0,3, 6.31000E-04, 6.823674713E-02,4,1,GN
MGH17_05,2,GN, 1.000E+00,scale, 1.000E-08, 1.000E-01, 1.000E-01,1,1,0,0,4, 2.41000E-03, 3.820192008E-02,6,1,GN1
MGH17_05,2,GN, 1.000E+00,scale, 1.000E-08, 1.000E-01, 1.000E-01,1,2,0,0,4, 1.86700E-03, 4.432106449E-02,5,1,GN1
MGH17_05,2,GN, 1.000E+00,scale, 1.000E-08, 1.000E-01, 1.000E-01,1,3,0,0,3, 6.36000E-04, 6.375666824E-02,4,1,GN1
MGH17_05,2,GN, 1.000E+00,scale, 1.000E-08, 1.000E-01, 1.000E-01,1,4,0,0,3, 1.80700E-03, 7.952316893E-02,4,1,GN1
MGH17_05,2,GN, 1.000E+00,scale, 1.000E-08, 1.000E-01, 1.000E-01,1,5,0,0,4, 9.51000E-04, 6.298047886E-02,5,1,GN1
MGH17_05,2,GN, 1.000E+00,scale, 1.000E-08, 1.000E-01, 1.000E-01,1,6,0,0,3, 5.82000E-04, 8.631010386E-02,4,1,GN1
MGH17_05,2,GN, 1.000E+00,scale, 1.000E-08, 1.000E-01, 1.000E-01,1,7,0,0,4, 1.27400E-03, 3.785403740E-02,5,1,GN1
MGH17_05,2,GN, 1.000E+00,scale, 1.000E-08, 1.000E-01, 1.000E-01,1,8,0,0,4, 1.65400E-03, 5.329957387E-02,5,1,GN1
MGH17_05,2,GN, 1.000E+00,scale, 1.000E-08, 1.000E-01, 1.000E-01,1,9,0,0,3, 6.83000E-04, 8.834812822E-02,4,1,GN1
MGH17_05,2,GN, 1.000E+00,scale, 1.000E-08, 1.000E-01, 1.000E-01,1,10,0,0,3, 7.35000E-04, 6.823674713E-02,4,1,GN1
MGH17_05,2,H, 1.000E+04,scale, 1.000E-08, 1.000E-01, 1.000E-01,1,1,0,0,4, 2.02200E-03, 3.820192301E-02,6,1,H
MGH17_05,2,H, 1.000E+04,scale, 1.000E-08, 1.000E-01, 1.000E-01,1,2,0,0,4, 1.69200E-03, 4.432106730E-02,5,1,H
MGH17_05,2,H, 1.000E+04,scale, 1.000E-08, 1.000E-01, 1.000E-01,1,3,0,0,3, 5.64000E-04, 6.375668988E-02,4,1,H
MGH17_05,2,H, 1.000E+04,scale, 1.000E-08, 1.000E-01, 1.000E-01,1,4,0,0,3, 1.58000E-03, 7.952319660E-02,4,1,H
MGH17_05,2,H, 1.000E+04,scale, 1.000E-08, 1.000E-01, 1.000E-01,1,5,0,0,4, 8.75000E-04, 6.298048175E-02,5,1,H
MGH17_05,2,H, 1.000E+04,scale, 1.000E-08, 1.000E-01, 1.000E-01,1,6,0,0,3, 5.26000E-04, 8.631013394E-02,4,1,H
MGH17_05,2,H, 1.000E+04,scale, 1.000E-08, 1.000E-01, 1.000E-01,1,7,0,0,4, 1.08300E-03, 3.785404020E-02,5,1,H
MGH17_05,2,H, 1.000E+04,scale, 1.000E-08, 1.000E-01, 1.000E-01,1,8,0,0,4, 1.57200E-03, 5.329957675E-02,5,1,H
MGH17_05,2,H, 1.000E+04,scale, 1.000E-08, 1.000E-01, 1.000E-01,1,9,0,0,3, 5.70000E-04, 8.834815903E-02,4,1,H
MGH17_05,2,H, 1.000E+04,scale, 1.000E-08, 1.000E-01, 1.000E-01,1,10,0,0,3, 6.11000E-04, 6.823677034E-02,4,1,H
MGH17_05,2,H, 1.000E-01,scale, 1.000E-08, 1.000E-01, 1.000E-01,1,1,0,0,24, 6.94900E-03, 8.128889333E-02,50,1,H0.1
MGH17_05,2,H, 1.000E-01,scale, 1.000E-08, 1.000E-01, 1.000E-01,1,2,0,0,24, 7.26900E-03, 8.128492833E-02,50,1,H0.1
MGH17_05,2,H, 1.000E-01,scale, 1.000E-08, 1.000E-01, 1.000E-01,1,3,0,0,24, 5.84000E-03, 8.131321651E-02,50,1,H0.1
MGH17_05,2,H, 1.000E-01,scale, 1.000E-08, 1.000E-01, 1.000E-01,1,4,0,0,24, 6.56500E-03, 8.131558237E-02,50,1,H0.1
MGH17_05,2,H, 1.000E-01,scale, 1.000E-08, 1.000E-01, 1.000E-01,1,5,0,0,24, 5.84600E-03, 8.131636536E-02,50,1,H0.1
MGH17_05,2,H, 1.000E-01,scale, 1.000E-08, 1.000E-01, 1.000E-01,1,6,0,0,24, 5.57100E-03, 8.131464731E-02,50,1,H0.1
MGH17_05,2,H, 1.000E-01,scale, 1.000E-08, 1.000E-01, 1.000E-01,1,7,0,0,24, 5.87800E-03, 8.132594160E-02,50,1,H0.1
MGH17_05,2,H, 1.000E-01,scale, 1.000E-08, 1.000E-01, 1.000E-01,1,8,0,0,24, 9.44000E-03, 8.128024516E-02,50,1,H0.1
MGH17_05,2,H, 1.000E-01,scale, 1.000E-08, 1.000E-01, 1.000E-01,1,9,0,0,24, 9.27300E-03, 8.131259479E-02,52,1,H0.1
MGH17_05,2,H, 1.000E-01,scale, 1.000E-08, 1.000E-01, 1.000E-01,1,10,0,0,24, 6.02900E-03, 8.131563776E-02,50,1,H0.1
MGH17_05,2,H, 1.000E+00,scale, 1.000E-08, 1.000E-01, 1.000E-01,1,1,0,0,4, 2.01100E-03, 3.820192008E-02,6,1,H1
MGH17_05,2,H, 1.000E+00,scale, 1.000E-08, 1.000E-01, 1.000E-01,1,2,0,0,4, 1.65100E-03, 4.432106449E-02,5,1,H1
MGH17_05,2,H, 1.000E+00,scale, 1.000E-08, 1.000E-01, 1.000E-01,1,3,0,0,3, 5.60000E-04, 6.375666824E-02,4,1,H1
MGH17_05,2,H, 1.000E+00,scale, 1.000E-08, 1.000E-01, 1.000E-01,1,4,0,0,3, 1.56100E-03, 7.952316893E-02,4,1,H1
MGH17_05,2,H, 1.000E+00,scale, 1.000E-08, 1.000E-01, 1.000E-01,1,5,0,0,4, 8.76000E-04, 6.298047886E-02,5,1,H1
MGH17_05,2,H, 1.000E+00,scale, 1.000E-08, 1.000E-01, 1.000E-01,1,6,0,0,3, 5.61000E-04, 8.631010386E-02,4,1,H1
MGH17_05,2,H, 1.000E+00,scale, 1.000E-08, 1.000E-01, 1.000E-01,1,7,0,0,4, 1.13500E-03, 3.785403740E-02,5,1,H1
MGH17_05,2,H, 1.000E+00,scale, 1.000E-08, 1.000E-01, 1.000E-01,1,8,0,0,4, 1.58400E-03, 5.329957387E-02,5,1,H1
MGH17_05,2,H, 1.000E+00,scale, 1.000E-08, 1.000E-01, 1.000E-01,1,9,0,0,3, 5.77000E-04, 8.834812822E-02,4,1,H1
MGH17_05,2,H, 1.000E+00,scale, 1.000E-08, 1.000E-01, 1.000E-01,1,10,0,0,3, 6.20000E-04, 6.823674713E-02,4,1,H1
MGH17_05,2,H, 1.000E+01,scale, 1.000E-08, 1.000E-01, 1.000E-01,1,1,0,0,4, 2.27100E-03, 3.820192301E-02,6,1,H10
MGH17_05,2,H, 1.000E+01,scale, 1.000E-08, 1.000E-01, 1.000E-01,1,2,0,0,4, 1.88500E-03, 4.432106730E-02,5,1,H10
MGH17_05,2,H, 1.000E+01,scale, 1.000E-08, 1.000E-01, 1.000E-01,1,3,0,0,3, 6.16000E-04, 6.375668988E-02,4,1,H10
MGH17_05,2,H, 1.000E+01,scale, 1.000E-08, 1.000E-01, 1.000E-01,1,4,0,0,3, 1.67400E-03, 7.952319660E-02,4,1,H10
MGH17_05,2,H, 1.000E+01,scale, 1.000E-08, 1.000E-01, 1.000E-01,1,5,0,0,4, 9.42000E-04, 6.298048175E-02,5,1,H10
MGH17_05,2,H, 1.000E+01,scale, 1.000E-08, 1.000E-01, 1.000E-01,1,6,0,0,3, 5.33000E-04, 8.631013394E-02,4,1,H10
MGH17_05,2,H, 1.000E+01,scale, 1.000E-08, 1.000E-01, 1.000E-01,1,7,0,0,4, 1.21500E-03, 3.785404020E-02,5,1,H10
MGH17_05,2,H, 1.000E+01,scale, 1.000E-08, 1.000E-01, 1.000E-01,1,8,0,0,4, 1.67800E-03, 5.329957675E-02,5,1,H10
MGH17_05,2,H, 1.000E+01,scale, 1.000E-08, 1.000E-01, 1.000E-01,1,9,0,0,3, 6.48000E-04, 8.834815903E-02,4,1,H10
MGH17_05,2,H, 1.000E+01,scale, 1.000E-08, 1.000E-01, 1.000E-01,1,10,0,0,3, 6.68000E-04, 6.823677034E-02,4,1,H10
MGH17_05,2,H, 1.000E+02,scale, 1.000E-08, 1.000E-01, 1.000E-01,1,1,0,0,4, 3.23800E-03, 3.820192301E-02,6,1,H100
MGH17_05,2,H, 1.000E+02,scale, 1.000E-08, 1.000E-01, 1.000E-01,1,2,0,0,4, 1.84800E-03, 4.432106730E-02,5,1,H100
MGH17_05,2,H, 1.000E+02,scale, 1.000E-08, 1.000E-01, 1.000E-01,1,3,0,0,3, 6.96000E-04, 6.375668988E-02,4,1,H100
MGH17_05,2,H, 1.000E+02,scale, 1.000E-08, 1.000E-01, 1.000E-01,1,4,0,0,3, 1.71900E-03, 7.952319660E-02,4,1,H100
MGH17_05,2,H, 1.000E+02,scale, 1.000E-08, 1.000E-01, 1.000E-01,1,5,0,0,4, 1.03300E-03, 6.298048175E-02,5,1,H100
MGH17_05,2,H, 1.000E+02,scale, 1.000E-08, 1.000E-01, 1.000E-01,1,6,0,0,3, 5.73000E-04, 8.631013394E-02,4,1,H100
MGH17_05,2,H, 1.000E+02,scale, 1.000E-08, 1.000E-01, 1.000E-01,1,7,0,0,4, 1.41100E-03, 3.785404020E-02,5,1,H100
MGH17_05,2,H, 1.000E+02,scale, 1.000E-08, 1.000E-01, 1.000E-01,1,8,0,0,4, 1.77300E-03, 5.329957675E-02,5,1,H100
MGH17_05,2,H, 1.000E+02,scale, 1.000E-08, 1.000E-01, 1.000E-01,1,9,0,0,3, 7.49000E-04, 8.834815903E-02,4,1,H100
MGH17_05,2,H, 1.000E+02,scale, 1.000E-08, 1.000E-01, 1.000E-01,1,10,0,0,3, 6.71000E-04, 6.823677034E-02,4,1,H100
MGH17_05,2,H, 1.000E+00,scale, 1.000E-08, 1.000E-01, 1.000E-01,1,1,0,0,4, 2.42600E-03, 5.544450000E-02,10,1,HA1
MGH17_05,2,H, 1.000E+00,scale, 1.000E-08, 1.000E-01, 1.000E-01,1,2,0,0,4, 2.16300E-03, 5.544450000E-02,10,1,HA1
MGH17_05,2,H, 1.000E+00,scale, 1.000E-08, 1.000E-01, 1.000E-01,1,3,0,0,4, 2.42700E-03, 5.544450000E-02,10,1,HA1
MGH17_05,2,H, 1.000E+00,scale, 1.000E-08, 1.000E-01, 1.000E-01,1,4,0,0,4, 1.75800E-03, 3.864199997E-02,10,1,HA1
MGH17_05,2,H, 1.000E+00,scale, 1.000E-08, 1.000E-01, 1.000E-01,1,5,0,0,4, 2.28500E-03, 5.544449998E-02,10,1,HA1
MGH17_05,2,H, 1.000E+00,scale, 1.000E-08, 1.000E-01, 1.000E-01,1,6,0,0,4, 2.14200E-03, 3.864200000E-02,7,1,HA1
MGH17_05,2,H, 1.000E+00,scale, 1.000E-08, 1.000E-01, 1.000E-01,1,7,0,0,4, 2.30100E-03, 3.864199985E-02,7,1,HA1
MGH17_05,2,H, 1.000E+00,scale, 1.000E-08, 1.000E-01, 1.000E-01,1,8,0,0,4, 1.62000E-03, 5.544450000E-02,11,1,HA1
MGH17_05,2,H, 1.000E+00,scale, 1.000E-08, 1.000E-01, 1.000E-01,1,9,0,0,4, 2.32100E-03, 3.864200000E-02,7,1,HA1
MGH17_05,2,H, 1.000E+00,scale, 1.000E-08, 1.000E-01, 1.000E-01,1,10,0,0,4, 1.61600E-03, 3.864199998E-02,9,1,HA1
MGH17_05,2,H, 1.000E+00,scale, 1.000E-08, 1.000E-01, 1.000E-01,1,1,0,0,4, 2.06300E-03, 3.820192008E-02,6,1,HA10
MGH17_05,2,H, 1.000E+00,scale, 1.000E-08, 1.000E-01, 1.000E-01,1,2,0,0,4, 2.24100E-03, 4.432106449E-02,5,1,HA10
MGH17_05,2,H, 1.000E+00,scale, 1.000E-08, 1.000E-01, 1.000E-01,1,3,0,0,3, 9.61000E-04, 6.375666824E-02,4,1,HA10
MGH17_05,2,H, 1.000E+00,scale, 1.000E-08, 1.000E-01, 1.000E-01,1,4,0,0,3, 2.01600E-03, 7.952316893E-02,4,1,HA10
MGH17_05,2,H, 1.000E+00,scale, 1.000E-08, 1.000E-01, 1.000E-01,1,5,0,0,4, 1.43200E-03, 6.298047886E-02,5,1,HA10
MGH17_05,2,H, 1.000E+00,scale, 1.000E-08, 1.000E-01, 1.000E-01,1,6,0,0,3, 1.00300E-03, 8.631010386E-02,4,1,HA10
MGH17_05,2,H, 1.000E+00,scale, 1.000E-08, 1.000E-01, 1.000E-01,1,7,0,0,4, 1.71100E-03, 3.785403740E-02,5,1,HA10
MGH17_05,2,H, 1.000E+00,scale, 1.000E-08, 1.000E-01, 1.000E-01,1,8,0,0,4, 2.21200E-03, 5.329957387E-02,5,1,HA10
MGH17_05,2,H, 1.000E+00,scale, 1.000E-08, 1.000E-01, 1.000E-01,1,9,0,0,3, 9.97000E-04, 8.834812822E-02,4,1,HA10
MGH17_05,2,H, 1.000E+00,scale, 1.000E-08, 1.000E-01, 1.000E-01,1,10,0,0,3, 1.11400E-03, 6.823674713E-02,4,1,HA10
MGH17_05,2,H, 1.000E+00,scale, 1.000E-08, 1.000E-01, 1.000E-01,1,1,0,0,4, 2.06700E-03, 3.820192301E-02,6,1,HA100
MGH17_05,2,H, 1.000E+00,scale, 1.000E-08, 1.000E-01, 1.000E-01,1,2,0,0,4, 2.10200E-03, 4.432106730E-02,5,1,HA100
MGH17_05,2,H, 1.000E+00,scale, 1.000E-08, 1.000E-01, 1.000E-01,1,3,0,0,3, 1.01700E-03, 6.375668988E-02,4,1,HA100
MGH17_05,2,H, 1.000E+00,scale, 1.000E-08, 1.000E-01, 1.000E-01,1,4,0,0,3, 2.21600E-03, 7.952319660E-02,4,1,HA100
MGH17_05,2,H, 1.000E+00,scale, 1.000E-08, 1.000E-01, 1.000E-01,1,5,0,0,4, 1.59600E-03, 6.298048175E-02,5,1,HA100
MGH17_05,2,H, 1.000E+00,scale, 1.000E-08, 1.000E-01, 1.000E-01,1,6,0,0,3, 9.62000E-04, 8.631013394E-02,4,1,HA100
MGH17_05,2,H, 1.000E+00,scale, 1.000E-08, 1.000E-01, 1.000E-01,1,7,0,0,4, 1.72500E-03, 3.785404020E-02,5,1,HA100
MGH17_05,2,H, 1.000E+00,scale, 1.000E-08, 1.000E-01, 1.000E-01,1,8,0,0,4, 2.21100E-03, 5.329957675E-02,5,1,HA100
MGH17_05,2,H, 1.000E+00,scale, 1.000E-08, 1.000E-01, 1.000E-01,1,9,0,0,3, 1.01300E-03, 8.834815903E-02,4,1,HA100
MGH17_05,2,H, 1.000E+00,scale, 1.000E-08, 1.000E-01, 1.000E-01,1,10,0,0,3, 1.02600E-03, 6.823677034E-02,4,1,HA100
MGH17_05,2,H, 1.000E+00,clip, 1.000E-08, 1.000E-01, 1.000E-01,1,1,0,0,4, 3.86100E-03, 3.820192008E-02,6,1,Hc1
MGH17_05,2,H, 1.000E+00,clip, 1.000E-08, 1.000E-01, 1.000E-01,1,2,0,0,4, 3.12100E-03, 4.432106449E-02,5,1,Hc1
MGH17_05,2,H, 1.000E+00,clip, 1.000E-08, 1.000E-01, 1.000E-01,1,3,0,0,3, 1.09200E-03, 6.375666824E-02,4,1,Hc1
MGH17_05,2,H, 1.000E+00,clip, 1.000E-08, 1.000E-01, 1.000E-01,1,4,0,0,3, 2.78200E-03, 7.952316893E-02,4,1,Hc1
MGH17_05,2,H, 1.000E+00,clip, 1.000E-08, 1.000E-01, 1.000E-01,1,5,0,0,4, 1.49100E-03, 6.298047886E-02,5,1,Hc1
MGH17_05,2,H, 1.000E+00,clip, 1.000E-08, 1.000E-01, 1.000E-01,1,6,0,0,3, 1.05800E-03, 8.631010386E-02,4,1,Hc1
MGH17_05,2,H, 1.000E+00,clip, 1.000E-08, 1.000E-01, 1.000E-01,1,7,0,0,4, 1.93600E-03, 3.785403740E-02,5,1,Hc1
MGH17_05,2,H, 1.000E+00,clip, 1.000E-08, 1.000E-01, 1.000E-01,1,8,0,0,4, 2.19700E-03, 5.329957387E-02,5,1,Hc1
MGH17_05,2,H, 1.000E+00,clip, 1.000E-08, 1.000E-01, 1.000E-01,1,9,0,0,3, 7.28000E-04, 8.834812822E-02,4,1,Hc1
MGH17_05,2,H, 1.000E+00,clip, 1.000E-08, 1.000E-01, 1.000E-01,1,10,0,0,3, 7.20000E-04, 6.823674713E-02,4,1,Hc1
MGH17_05,2,H, 1.000E+01,clip, 1.000E-08, 1.000E-01, 1.000E-01,1,1,0,0,4, 2.31200E-03, 3.820192301E-02,6,1,Hc10
MGH17_05,2,H, 1.000E+01,clip, 1.000E-08, 1.000E-01, 1.000E-01,1,2,0,0,4, 1.97700E-03, 4.432106730E-02,5,1,Hc10
MGH17_05,2,H, 1.000E+01,clip, 1.000E-08, 1.000E-01, 1.000E-01,1,3,0,0,3, 6.52000E-04, 6.375668988E-02,4,1,Hc10
MGH17_05,2,H, 1.000E+01,clip, 1.000E-08, 1.000E-01, 1.000E-01,1,4,0,0,3, 1.69700E-03, 7.952319660E-02,4,1,Hc10
MGH17_05,2,H, 1.000E+01,clip, 1.000E-08, 1.000E-01, 1.000E-01,1,5,0,0,4, 9.43000E-04, 6.298048175E-02,5,1,Hc10
MGH17_05,2,H, 1.000E+01,clip, 1.000E-08, 1.000E-01, 1.000E-01,1,6,0,0,3, 5.91000E-04, 8.631013394E-02,4,1,Hc10
MGH17_05,2,H, 1.000E+01,clip, 1.000E-08, 1.000E-01, 1.000E-01,1,7,0,0,4, 1.24100E-03, 3.785404020E-02,5,1,Hc10
MGH17_05,2,H, 1.000E+01,clip, 1.000E-08, 1.000E-01, 1.000E-01,1,8,0,0,4, 1.66300E-03, 5.329957675E-02,5,1,Hc10
MGH17_05,2,H, 1.000E+01,clip, 1.000E-08, 1.000E-01, 1.000E-01,1,9,0,0,3, 6.78000E-04, 8.834815903E-02,4,1,Hc10
MGH17_05,2,H, 1.000E+01,clip, 1.000E-08, 1.000E-01, 1.000E-01,1,10,0,0,3, 6.68000E-04, 6.823677034E-02,4,1,Hc10
MGH17_05,2,QN, 1.000E+04,scale, 1.000E-08, 1.000E-01, 1.000E-01,1,1,0,0,4, 2.35700E-03, 3.820192008E-02,5,1,QN
MGH17_05,2,QN, 1.000E+04,scale, 1.000E-08, 1.000E-01, 1.000E-01,1,2,0,0,4, 1.23600E-03, 4.432106449E-02,7,1,QN
MGH17_05,2,QN, 1.000E+04,scale, 1.000E-08, 1.000E-01, 1.000E-01,1,3,0,0,3, 6.40000E-04, 6.375666824E-02,4,1,QN
MGH17_05,2,QN, 1.000E+04,scale, 1.000E-08, 1.000E-01, 1.000E-01,1,4,0,0,3, 6.37000E-04, 7.952316892E-02,4,1,QN
MGH17_05,2,QN, 1.000E+04,scale, 1.000E-08, 1.000E-01, 1.000E-01,1,5,0,0,4, 8.37000E-04, 6.298047885E-02,5,1,QN
MGH17_05,2,QN, 1.000E+04,scale, 1.000E-08, 1.000E-01, 1.000E-01,1,6,0,0,3, 5.82000E-04, 8.631010386E-02,4,1,QN
MGH17_05,2,QN, 1.000E+04,scale, 1.000E-08, 1.000E-01, 1.000E-01,1,7,0,0,4, 3.07300E-03, 3.785403740E-02,8,1,QN
MGH17_05,2,QN, 1.000E+04,scale, 1.000E-08, 1.000E-01, 1.000E-01,1,8,0,0,4, 1.06700E-03, 5.329957387E-02,7,1,QN
MGH17_05,2,QN, 1.000E+04,scale, 1.000E-08, 1.000E-01, 1.000E-01,1,9,0,0,3, 6.17000E-04, 8.834812822E-02,4,1,QN
MGH17_05,2,QN, 1.000E+04,scale, 1.000E-08, 1.000E-01, 1.000E-01,1,10,0,0,3, 5.99000E-04, 6.823674711E-02,4,1,QN
MGH17_05,2,0, 1.000E+00,scale, 1.000E-08, 1.000E-01, 1.000E-01,2,1,0,0,2, 4.71000E-03, 3.976846016E-02,3,1,FO
MGH17_05,2,0, 1.000E+00,scale, 1.000E-08, 1.000E-01, 1.000E-01,2,2,0,0,15, 3.44820E-02, 7.933491599E-03,16,2,FO
MGH17_05,2,0, 1.000E+00,scale, 1.000E-08, 1.000E-01, 1.000E-01,2,3,0,0,4, 8.53500E-03, 2.316679369E-02,8,1,FO
MGH17_05,2,0, 1.000E+00,scale, 1.000E-08, 1.000E-01, 1.000E-01,2,4,0,0,33, 7.75830E-02, 2.007848876E-02,34,0,FO
MGH17_05,2,0, 1.000E+00,scale, 1.000E-08, 1.000E-01, 1.000E-01,2,5,0,0,47, 1.12209E-01, 1.759665171E-02,48,1,FO
MGH17_05,2,0, 1.000E+00,scale, 1.000E-08, 1.000E-01, 1.000E-01,2,6,0,0,2, 3.03500E-03, 2.417986863E-03,4,2,FO
MGH17_05,2,0, 1.000E+00,scale, 1.000E-08, 1.000E-01, 1.000E-01,2,7,0,0,1, 5.21900E-03, 7.818263919E-03,2,1,FO
MGH17_05,2,0, 1.000E+00,scale, 1.000E-08, 1.000E-01, 1.000E-01,2,8,0,0,3, 1.17860E-02, 2.458797713E-02,8,1,FO
MGH17_05,2,0, 1.000E+00,scale, 1.000E-08, 1.000E-01, 1.000E-01,2,9,0,0,7, 1.74630E-02, 1.778455330E-03,12,2,FO
MGH17_05,2,0, 1.000E+00,scale, 1.000E-08, 1.000E-01, 1.000E-01,2,10,0,0,3, 4.88600E-03, 1.667344770E-02,6,2,FO
MGH17_05,2,GN, 1.000E+04,scale, 1.000E-08, 1.000E-01, 1.000E-01,2,1,0,0,72, 3.11684E-01, 2.339536967E-02,73,1,GN
MGH17_05,2,GN, 1.000E+04,scale, 1.000E-08, 1.000E-01, 1.000E-01,2,2,0,0,1724, 9.25659E+00, 1.430098883E-02,1725,1,GN
MGH17_05,2,GN, 1.000E+04,scale, 1.000E-08, 1.000E-01, 1.000E-01,2,3,0,0,5, 5.89300E-03, 5.726572335E-02,6,0,GN
MGH17_05,2,GN, 1.000E+04,scale, 1.000E-08, 1.000E-01, 1.000E-01,2,4,0,0,4035, 1.74865E+01, 2.770590881E-03,4036,1,GN
MGH17_05,2,GN, 1.000E+04,scale, 1.000E-08, 1.000E-01, 1.000E-01,2,5,0,0,48, 1.17616E-01, 1.763889101E-02,54,1,GN
MGH17_05,2,GN, 1.000E+04,scale, 1.000E-08, 1.000E-01, 1.000E-01,2,6,0,0,2, 7.92100E-03, 8.301409950E-03,4,1,GN
MGH17_05,2,GN, 1.000E+04,scale, 1.000E-08, 1.000E-01, 1.000E-01,2,7,0,0,356, 1.61045E+00, 5.000111710E-03,357,1,GN
MGH17_05,2,GN, 1.000E+04,scale, 1.000E-08, 1.000E-01, 1.000E-01,2,8,0,0,5, 5.12300E-03, 3.206654185E-02,6,1,GN
MGH17_05,2,GN, 1.000E+04,scale, 1.000E-08, 1.000E-01, 1.000E-01,2,9,0,0,5, 1.71800E-03, 5.206752883E-02,6,1,GN
MGH17_05,2,GN, 1.000E+04,scale, 1.000E-08, 1.000E-01, 1.000E-01,2,10,0,0,5, 3.78000E-03, 1.556793632E-02,6,1,GN
MGH17_05,2,GN, 1.000E+00,scale, 1.000E-08, 1.000E-01, 1.000E-01,2,1,0,0,18, 7.54310E-02, 3.927882807E-02,19,1,GN1
MGH17_05,2,GN, 1.000E+00,scale, 1.000E-08, 1.000E-01, 1.000E-01,2,2,0,0,21, 7.85830E-02, 7.833848891E-03,22,2,GN1
MGH17_05,2,GN, 1.000E+00,scale, 1.000E-08, 1.000E-01, 1.000E-01,2,3,0,0,40, 1.90033E-01, 2.669309756E-02,44,1,GN1
MGH17_05,2,GN, 1.000E+00,scale, 1.000E-08, 1.000E-01, 1.000E-01,2,4,0,0,33, 9.97200E-02, 2.007848239E-02,34,0,GN1
MGH17_05,2,GN, 1.000E+00,scale, 1.000E-08, 1.000E-01, 1.000E-01,2,5,0,0,48, 1.42422E-01, 1.757857948E-02,49,1,GN1
MGH17_05,2,GN, 1.000E+00,scale, 1.000E-08, 1.000E-01, 1.000E-01,2,6,0,0,5, 1.75010E-02, 2.386080241E-03,7,2,GN1
MGH17_05,2,GN, 1.000E+00,scale, 1.000E-08, 1.000E-01, 1.000E-01,2,7,0,0,14, 8.34060E-02, 7.661253639E-03,15,1,GN1
MGH17_05,2,GN, 1.000E+00,scale, 1.000E-08, 1.000E-01, 1.000E-01,2,8,0,0,9, 1.83580E-02, 2.295190664E-02,10,1,GN1
MGH17_05,2,GN, 1.000E+00,scale, 1.000E-08, 1.000E-01, 1.000E-01,2,9,0,0,3, 4.33700E-03, 2.200062184E-02,4,1,GN1
MGH17_05,2,GN, 1.000E+00,scale, 1.000E-08, 1.000E-01, 1.000E-01,2,10,0,0,18, 7.52750E-02, 4.843117973E-02,20,0,GN1
MGH17_05,2,H, 1.000E+04,scale, 1.000E-08, 1.000E-01, 1.000E-01,2,1,0,0,7427, 3.88443E+01, 2.018170447E-02,7433,1,H
MGH17_05,2,H, 1.000E+04,scale, 1.000E-08, 1.000E-01, 1.000E-01,2,2,1,0,10000, 3.52551E+01, 1.493601064E-02,10001,1,H
MGH17_05,2,H, 1.000E+04,scale, 1.000E-08, 1.000E-01, 1.000E-01,2,3,1,0,10000, 5.53834E+01, 1.393166917E-02,10001,1,H
MGH17_05,2,H, 1.000E+04,scale, 1.000E-08, 1.000E-01, 1.000E-01,2,4,1,0,10000, 5.19490E+01, 1.926250310E-02,10001,0,H
MGH17_05,2,H, 1.000E+04,scale, 1.000E-08, 1.000E-01, 1.000E-01,2,5,1,0,10000, 5.40093E+01, 1.548462505E-02,10001,1,H
MGH17_05,2,H, 1.000E+04,scale, 1.000E-08, 1.000E-01, 1.000E-01,2,6,0,0,5059, 2.92068E+01, 8.016379857E-03,5070,1,H
MGH17_05,2,H, 1.000E+04,scale, 1.000E-08, 1.000E-01, 1.000E-01,2,7,1,0,10000, 8.80543E+01, 2.493160787E-03,86272,1,H
MGH17_05,2,H, 1.000E+04,scale, 1.000E-08, 1.000E-01, 1.000E-01,2,8,0,0,4, 5.69500E-03, 3.198138304E-02,5,1,H
MGH17_05,2,H, 1.000E+04,scale, 1.000E-08, 1.000E-01, 1.000E-01,2,9,0,0,2, 1.27180E-02, 7.584663606E-03,10,1,H
MGH17_05,2,H, 1.000E+04,scale, 1.000E-08, 1.000E-01, 1.000E-01,2,10,0,0,6576, 3.64125E+01, 4.259019315E-02,6583,1,H
MGH17_05,2,H, 1.000E-01,scale, 1.000E-08, 1.000E-01, 1.000E-01,2,1,0,0,2, 5.87200E-03, 3.969569633E-02,3,1,H0.1
MGH17_05,2,H, 1.000E-01,scale, 1.000E-08, 1.000E-01, 1.000E-01,2,2,0,0,9, 2.38930E-02, 9.719763268E-03,10,2,H0.1
MGH17_05,2,H, 1.000E-01,scale, 1.000E-08, 1.000E-01, 1.000E-01,2,3,0,0,28, 7.80580E-02, 1.749629776E-02,32,1,H0.1
MGH17_05,2,H, 1.000E-01,scale, 1.000E-08, 1.000E-01, 1.000E-01,2,4,0,0,33, 9.01390E-02, 2.011131549E-02,34,0,H0.1
MGH17_05,2,H, 1.000E-01,scale, 1.000E-08, 1.000E-01, 1.000E-01,2,5,0,0,48, 1.27925E-01, 1.749303452E-02,49,1,H0.1
MGH17_05,2,H, 1.000E-01,scale, 1.000E-08, 1.000E-01, 1.000E-01,2,6,0,0,4, 1.21520E-02, 2.381560507E-03,6,2,H0.1
MGH17_05,2,H, 1.000E-01,scale, 1.000E-08, 1.000E-01, 1.000E-01,2,7,0,0,1, 5.61800E-03, 7.818295209E-03,2,1,H0.1
MGH17_05,2,H, 1.000E-01,scale, 1.000E-08, 1.000E-01, 1.000E-01,2,8,0,0,2, 5.96700E-03, 3.115398341E-02,3,1,H0.1
MGH17_05,2,H, 1.000E-01,scale, 1.000E-08, 1.000E-01, 1.000E-01,2,9,0,0,4, 1.70720E-02, 2.193773850E-03,9,1,H0.1
MGH17_05,2,H, 1.000E-01,scale, 1.000E-08, 1.000E-01, 1.000E-01,2,10,0,0,3, 8.75500E-03, 1.238491812E-02,6,2,H0.1
MGH17_05,2,H, 1.000E+00,scale, 1.000E-08, 1.000E-01, 1.000E-01,2,1,0,0,2, 5.70100E-03, 3.907213241E-02,3,1,H1
MGH17_05,2,H, 1.000E+00,scale, 1.000E-08, 1.000E-01, 1.000E-01,2,2,0,0,25, 8.26220E-02, 7.751579140E-03,26,2,H1
MGH17_05,2,H, 1.000E+00,scale, 1.000E-08, 1.000E-01, 1.000E-01,2,3,0,0,34, 1.50239E-01, 2.729397358E-02,38,1,H1
MGH17_05,2,H, 1.000E+00,scale, 1.000E-08, 1.000E-01, 1.000E-01,2,4,0,0,35, 8.78230E-02, 2.012789828E-02,36,0,H1
MGH17_05,2,H, 1.000E+00,scale, 1.000E-08, 1.000E-01, 1.000E-01,2,5,0,0,51, 1.33156E-01, 1.761018494E-02,52,1,H1
MGH17_05,2,H, 1.000E+00,scale, 1.000E-08, 1.000E-01, 1.000E-01,2,6,0,0,25, 1.25530E-01, 2.170379504E-03,27,2,H1
MGH17_05,2,H, 1.000E+00,scale, 1.000E-08, 1.000E-01, 1.000E-01,2,7,0,0,1, 5.58900E-03, 7.818574211E-03,2,1,H1
MGH17_05,2,H, 1.000E+00,scale, 1.000E-08, 1.000E-01, 1.000E-01,2,8,0,0,16, 5.36550E-02, 2.148382880E-02,17,1,H1
MGH17_05,2,H, 1.000E+00,scale, 1.000E-08, 1.000E-01, 1.000E-01,2,9,0,0,3, 1.44890E-02, 1.297849846E-02,6,0,H1
MGH17_05,2,H, 1.000E+00,scale, 1.000E-08, 1.000E-01, 1.000E-01,2,10,0,0,2, 7.27700E-03, 5.998423620E-02,4,0,H1
MGH17_05,2,H, 1.000E+01,scale, 1.000E-08, 1.000E-01, 1.000E-01,2,1,0,0,144, 9.76521E-01, 3.164017529E-02,145,1,H10
MGH17_05,2,H, 1.000E+01,scale, 1.000E-08, 1.000E-01, 1.000E-01,2,2,0,0,1948, 1.04686E+01, 1.704444553E-03,1949,2,H10
MGH17_05,2,H, 1.000E+01,scale, 1.000E-08, 1.000E-01, 1.000E-01,2,3,0,0,327, 1.50981E+00, 4.918358744E-02,330,0,H10
MGH17_05,2,H, 1.000E+01,scale, 1.000E-08, 1.000E-01, 1.000E-01,2,4,0,0,4010, 1.70859E+01, 2.818706906E-03,4011,1,H10
MGH17_05,2,H, 1.000E+01,scale, 1.000E-08, 1.000E-01, 1.000E-01,2,5,0,0,2227, 9.14547E+00, 2.404245219E-03,2229,1,H10
MGH17_05,2,H, 1.000E+01,scale, 1.000E-08, 1.000E-01, 1.000E-01,2,6,0,0,721, 2.90783E+00, 3.992269999E-03,722,2,H10
MGH17_05,2,H, 1.000E+01,scale, 1.000E-08, 1.000E-01, 1.000E-01,2,7,0,0,351, 2.18472E+00, 5.500126398E-03,352,1,H10
MGH17_05,2,H, 1.000E+01,scale, 1.000E-08, 1.000E-01, 1.000E-01,2,8,0,0,3, 4.78000E-03, 3.207206139E-02,4,1,H10
MGH17_05,2,H, 1.000E+01,scale, 1.000E-08, 1.000E-01, 1.000E-01,2,9,0,0,4, 9.60000E-04, 6.103159631E-02,5,1,H10
MGH17_05,2,H, 1.000E+01,scale, 1.000E-08, 1.000E-01, 1.000E-01,2,10,0,0,251, 1.31266E+00, 2.673004379E-03,252,2,H10
MGH17_05,2,H, 1.000E+02,scale, 1.000E-08, 1.000E-01, 1.000E-01,2,1,0,0,2, 7.58100E-03, 2.674688721E-02,3,1,H100
MGH17_05,2,H, 1.000E+02,scale, 1.000E-08, 1.000E-01, 1.000E-01,2,2,0,0,769, 4.13576E+00, 1.270569915E-02,770,1,H100
MGH17_05,2,H, 1.000E+02,scale, 1.000E-08, 1.000E-01, 1.000E-01,2,3,0,0,3633, 1.92719E+01, 3.353282109E-03,3638,2,H100
MGH17_05,2,H, 1.000E+02,scale, 1.000E-08, 1.000E-01, 1.000E-01,2,4,0,0,7123, 3.69633E+01, 2.722583881E-03,7124,1,H100
MGH17_05,2,H, 1.000E+02,scale, 1.000E-08, 1.000E-01, 1.000E-01,2,5,0,0,6679, 3.76045E+01, 2.386616223E-03,6680,1,H100
MGH17_05,2,H, 1.000E+02,scale, 1.000E-08, 1.000E-01, 1.000E-01,2,6,0,0,1394, 8.30767E+00, 4.841472613E-03,1395,1,H100
MGH17_05,2,H, 1.000E+02,scale, 1.000E-08, 1.000E-01, 1.000E-01,2,7,0,0,845, 5.68953E+00, 2.478702261E-03,848,1,H100
MGH17_05,2,H, 1.000E+02,scale, 1.000E-08, 1.000E-01, 1.000E-01,2,8,0,0,3, 3.28100E-03, 3.203622006E-02,4,1,H100
MGH17_05,2,H, 1.000E+02,scale, 1.000E-08, 1.000E-01, 1.000E-01,2,9,0,0,4, 1.72000E-03, 5.844654602E-02,5,1,H100
MGH17_05,2,H, 1.000E+02,scale, 1.000E-08, 1.000E-01, 1.000E-01,2,10,0,0,2, 1.31730E-02, 1.093368578E-02,5,1,H100
MGH17_05,2,H, 1.000E+00,scale, 1.000E-08, 1.000E-01, 1.000E-01,2,1,0,0,2, 5.40900E-03, 3.969569633E-02,3,1,HA1
MGH17_05,2,H, 1.000E+00,scale, 1.000E-08, 1.000E-01, 1.000E-01,2,2,0,0,9, 2.37730E-02, 9.719763268E-03,10,2,HA1
MGH17_05,2,H, 1.000E+00,scale, 1.000E-08, 1.000E-01, 1.000E-01,2,3,0,0,17, 5.92800E-02, 3.397839208E-02,21,1,HA1
MGH17_05,2,H, 1.000E+00,scale, 1.000E-08, 1.000E-01, 1.000E-01,2,4,0,0,33, 8.53350E-02, 2.011131549E-02,34,0,HA1
MGH17_05,2,H, 1.000E+00,scale, 1.000E-08, 1.000E-01, 1.000E-01,2,5,0,0,48, 1.23369E-01, 1.749303452E-02,49,1,HA1
MGH17_05,2,H, 1.000E+00,scale, 1.000E-08, 1.000E-01, 1.000E-01,2,6,0,0,3, 7.84300E-03, 2.406272811E-03,5,2,HA1
MGH17_05,2,H, 1.000E+00,scale, 1.000E-08, 1.000E-01, 1.000E-01,2,7,0,0,1, 5.92400E-03, 7.818295209E-03,2,1,HA1
MGH17_05,2,H, 1.000E+00,scale, 1.000E-08, 1.000E-01, 1.000E-01,2,8,0,0,2, 5.95500E-03, 3.115398341E-02,3,1,HA1
MGH17_05,2,H, 1.000E+00,scale, 1.000E-08, 1.000E-01, 1.000E-01,2,9,0,0,2, 4.41200E-03, 2.621850953E-02,4,0,HA1
MGH17_05,2,H, 1.000E+00,scale, 1.000E-08, 1.000E-01, 1.000E-01,2,10,0,0,5, 1.18130E-02, 5.324275538E-03,11,2,HA1
MGH17_05,2,H, 1.000E+00,scale, 1.000E-08, 1.000E-01, 1.000E-01,2,1,0,0,2, 5.69900E-03, 3.907213241E-02,3,1,HA10
MGH17_05,2,H, 1.000E+00,scale, 1.000E-08, 1.000E-01, 1.000E-01,2,2,0,0,25, 8.34760E-02, 7.751579140E-03,26,2,HA10
MGH17_05,2,H, 1.000E+00,scale, 1.000E-08, 1.000E-01, 1.000E-01,2,3,0,0,2, 6.82300E-03, 8.948153358E-02,5,0,HA10
MGH17_05,2,H, 1.000E+00,scale, 1.000E-08, 1.000E-01, 1.000E-01,2,4,0,0,35, 9.31350E-02, 2.012789828E-02,36,0,HA10
MGH17_05,2,H, 1.000E+00,scale, 1.000E-08, 1.000E-01, 1.000E-01,2,5,0,0,51, 1.34735E-01, 1.761018494E-02,52,1,HA10
MGH17_05,2,H, 1.000E+00,scale, 1.000E-08, 1.000E-01, 1.000E-01,2,6,0,0,36, 1.48632E-01, 1.865188307E-03,38,2,HA10
MGH17_05,2,H, 1.000E+00,scale, 1.000E-08, 1.000E-01, 1.000E-01,2,7,0,0,1, 6.55300E-03, 7.818574211E-03,2,1,HA10
MGH17_05,2,H, 1.000E+00,scale, 1.000E-08, 1.000E-01, 1.000E-01,2,8,0,0,16, 4.14740E-02, 2.148382880E-02,17,1,HA10
MGH17_05,2,H, 1.000E+00,scale, 1.000E-08, 1.000E-01, 1.000E-01,2,9,0,0,3, 1.13090E-02, 1.316722176E-02,6,0,HA10
MGH17_05,2,H, 1.000E+00,scale, 1.000E-08, 1.000E-01, 1.000E-01,2,10,0,0,3, 8.39400E-03, 7.981536874E-03,6,1,HA10
MGH17_05,2,H, 1.000E+00,scale, 1.000E-08, 1.000E-01, 1.000E-01,2,1,0,0,144, 8.13541E-01, 3.164017529E-02,145,1,HA100
MGH17_05,2,H, 1.000E+00,scale, 1.000E-08, 1.000E-01, 1.000E-01,2,2,0,0,1948, 9.88116E+00, 1.704444553E-03,1949,2,HA100
MGH17_05,2,H, 1.000E+00,scale, 1.000E-08, 1.000E-01, 1.000E-01,2,3,0,0,144, 6.82075E-01, 2.574584282E-02,148,1,HA100
MGH17_05,2,H, 1.000E+00,scale, 1.000E-08, 1.000E-01, 1.000E-01,2,4,0,0,4010, 1.48290E+01, 2.818706906E-03,4011,1,HA100
MGH17_05,2,H, 1.000E+00,scale, 1.000E-08, 1.000E-01, 1.000E-01,2,5,0,0,2227, 9.11436E+00, 2.404244710E-03,2229,1,HA100
MGH17_05,2,H, 1.000E+00,scale, 1.000E-08, 1.000E-01, 1.000E-01,2,6,0,0,721, 2.98491E+00, 3.992269999E-03,722,2,HA100
MGH17_05,2,H, 1.000E+00,scale, 1.000E-08, 1.000E-01, 1.000E-01,2,7,0,0,351, 2.17887E+00, 5.500126398E-03,352,1,HA100
MGH17_05,2,H, 1.000E+00,scale, 1.000E-08, 1.000E-01, 1.000E-01,2,8,0,0,3, 6.02000E-03, 3.207206139E-02,4,1,HA100
MGH17_05,2,H, 1.000E+00,scale, 1.000E-08, 1.000E-01, 1.000E-01,2,9,0,0,4, 1.76000E-03, 6.103159631E-02,5,1,HA100
MGH17_05,2,H, 1.000E+00,scale, 1.000E-08, 1.000E-01, 1.000E-01,2,10,0,0,251, 1.33294E+00, 2.673004379E-03,252,2,HA100
MGH17_05,2,H, 1.000E+00,clip, 1.000E-08, 1.000E-01, 1.000E-01,2,1,0,0,8, 2.89680E-02, 2.427602825E-02,9,1,Hc1
MGH17_05,2,H, 1.000E+00,clip, 1.000E-08, 1.000E-01, 1.000E-01,2,2,0,0,2, 5.70800E-03, 1.339341696E-02,3,1,Hc1
MGH17_05,2,H, 1.000E+00,clip, 1.000E-08, 1.000E-01, 1.000E-01,2,3,0,0,425, 1.83162E+00, 1.412397207E-02,429,1,Hc1
MGH17_05,2,H, 1.000E+00,clip, 1.000E-08, 1.000E-01, 1.000E-01,2,4,0,0,191, 6.95838E-01, 2.013694762E-02,192,0,Hc1
MGH17_05,2,H, 1.000E+00,clip, 1.000E-08, 1.000E-01, 1.000E-01,2,5,0,0,268, 1.00799E+00, 1.794235506E-02,269,1,Hc1
MGH17_05,2,H, 1.000E+00,clip, 1.000E-08, 1.000E-01, 1.000E-01,2,6,0,0,2, 4.71300E-03, 3.179037891E-03,3,2,Hc1
MGH17_05,2,H, 1.000E+00,clip, 1.000E-08, 1.000E-01, 1.000E-01,2,7,0,0,1, 5.20700E-03, 7.822857994E-03,2,1,Hc1
MGH17_05,2,H, 1.000E+00,clip, 1.000E-08, 1.000E-01, 1.000E-01,2,8,0,0,13, 4.30240E-02, 1.859273490E-02,14,1,Hc1
MGH17_05,2,H, 1.000E+00,clip, 1.000E-08, 1.000E-01, 1.000E-01,2,9,0,0,22, 6.78910E-02, 1.922847648E-02,23,0,Hc1
MGH17_05,2,H, 1.000E+00,clip, 1.000E-08, 1.000E-01, 1.000E-01,2,10,0,0,2, 5.58400E-03, 6.547147070E-03,5,1,Hc1
MGH17_05,2,H, 1.000E+01,clip, 1.000E-08, 1.000E-01, 1.000E-01,2,1,0,0,22, 7.17460E-02, 2.055138621E-02,23,1,Hc10
MGH17_05,2,H, 1.000E+01,clip, 1.000E-08, 1.000E-01, 1.000E-01,2,2,0,0,1891, 1.07172E+01, 1.266142378E-02,1892,1,Hc10
MGH17_05,2,H, 1.000E+01,clip, 1.000E-08, 1.000E-01, 1.000E-01,2,3,0,0,134, 7.47886E-01, 2.764887450E-02,138,1,Hc10
MGH17_05,2,H, 1.000E+01,clip, 1.000E-08, 1.000E-01, 1.000E-01,2,4,0,0,1627, 8.65685E+00, 2.011760955E-02,1628,0,Hc10
MGH17_05,2,H, 1.000E+01,clip, 1.000E-08, 1.000E-01, 1.000E-01,2,5,0,0,2264, 1.22209E+01, 1.766887587E-02,2265,1,Hc10
MGH17_05,2,H, 1.000E+01,clip, 1.000E-08, 1.000E-01, 1.000E-01,2,6,0,0,2463, 1.24336E+01, 2.565811505E-03,2464,2,Hc10
MGH17_05,2,H, 1.000E+01,clip, 1.000E-08, 1.000E-01, 1.000E-01,2,7,0,0,2120, 1.02261E+01, 2.486122509E-03,2190,1,Hc10
MGH17_05,2,H, 1.000E+01,clip, 1.000E-08, 1.000E-01, 1.000E-01,2,8,0,0,3, 4.99600E-03, 3.199333696E-02,4,1,Hc10
MGH17_05,2,H, 1.000E+01,clip, 1.000E-08, 1.000E-01, 1.000E-01,2,9,0,0,1137, 5.52902E+00, 3.015884469E-04,1138,2,Hc10
MGH17_05,2,H, 1.000E+01,clip, 1.000E-08, 1.000E-01, 1.000E-01,2,10,0,0,1977, 1.14423E+01, 6.593355811E-03,1980,2,Hc10
MGH17_05,2,QN, 1.000E+04,scale, 1.000E-08, 1.000E-01, 1.000E-01,2,1,0,0,56, 1.68808E-01, 2.251765696E-02,57,1,QN
MGH17_05,2,QN, 1.000E+04,scale, 1.000E-08, 1.000E-01, 1.000E-01,2,2,0,0,198, 8.47336E-01, 1.294327316E-02,199,1,QN
MGH17_05,2,QN, 1.000E+04,scale, 1.000E-08, 1.000E-01, 1.000E-01,2,3,0,0,311, 1.11572E+00, 1.112190414E-02,316,1,QN
MGH17_05,2,QN, 1.000E+04,scale, 1.000E-08, 1.000E-01, 1.000E-01,2,4,0,0,101, 4.29317E-01, 2.316909977E-02,102,0,QN
MGH17_05,2,QN, 1.000E+04,scale, 1.000E-08, 1.000E-01, 1.000E-01,2,5,0,0,302, 1.03954E+00, 2.022558293E-02,303,1,QN
MGH17_05,2,QN, 1.000E+04,scale, 1.000E-08, 1.000E-01, 1.000E-01,2,6,0,0,180, 8.35657E-01, 2.838260707E-03,181,2,QN
MGH17_05,2,QN, 1.000E+04,scale, 1.000E-08, 1.000E-01, 1.000E-01,2,7,0,0,1, 5.29000E-03, 7.825521849E-03,2,1,QN
MGH17_05,2,QN, 1.000E+04,scale, 1.000E-08, 1.000E-01, 1.000E-01,2,8,0,0,16, 3.70710E-02, 2.242847751E-02,18,1,QN
MGH17_05,2,QN, 1.000E+04,scale, 1.000E-08, 1.000E-01, 1.000E-01,2,9,1,0,10000, 4.16489E+01, 1.144711798E-02,10001,0,QN
MGH17_05,2,QN, 1.000E+04,scale, 1.000E-08, 1.000E-01, 1.000E-01,2,10,0,0,2, 4.79000E-03, 6.553175934E-03,5,1,QN
MGH17_10,3,0, 1.000E+00,scale, 1.000E-08, 1.000E-01, 1.000E-01,1,1,0,0,11, 6.37500E-03, 1.064395444E-01,29,1,FO
MGH17_10,3,0, 1.000E+00,scale, 1.000E-08, 1.000E-01, 1.000E-01,1,2,0,0,11, 5.25100E-03, 1.065254939E-01,29,1,FO
MGH17_10,3,0, 1.000E+00,scale, 1.000E-08, 1.000E-01, 1.000E-01,1,3,0,0,11, 4.99900E-03, 1.065030428E-01,29,1,FO
MGH17_10,3,0, 1.000E+00,scale, 1.000E-08, 1.000E-01, 1.000E-01,1,4,0,0,11, 5.29100E-03, 1.065639121E-01,29,1,FO
MGH17_10,3,0, 1.000E+00,scale, 1.000E-08, 1.000E-01, 1.000E-01,1,5,0,0,11, 5.24400E-03, 1.065280439E-01,29,1,FO
MGH17_10,3,0, 1.000E+00,scale, 1.000E-08, 1.000E-01, 1.000E-01,1,6,0,0,11, 5.51700E-03, 1.066824645E-01,29,1,FO
MGH17_10,3,0, 1.000E+00,scale, 1.000E-08, 1.000E-01, 1.000E-01,1,7,0,0,11, 5.21200E-03, 1.065663613E-01,29,1,FO
MGH17_10,3,0, 1.000E+00,scale, 1.000E-08, 1.000E-01, 1.000E-01,1,8,0,0,11, 5.37900E-03, 1.066475435E-01,29,1,FO
MGH17_10,3,0, 1.000E+00,scale, 1.000E-08, 1.000E-01, 1.000E-01,1,9,0,0,11, 5.11100E-03, 1.066660878E-01,29,1,FO
MGH17_10,3,0, 1.000E+00,scale, 1.000E-08, 1.000E-01, 1.000E-01,1,10,0,0,11, 5.12100E-03, 1.065623548E-01,29,1,FO
MGH17_10,3,GN, 1.000E+04,scale, 1.000E-08, 1.000E-01, 1.000E-01,1,1,0,0,4, 3.04500E-03, 3.830374749E-02,6,2,GN
MGH17_10,3,GN, 1.000E+04,scale, 1.000E-08, 1.000E-01, 1.000E-01,1,2,0,0,4, 3.11500E-03, 4.433224957E-02,5,2,GN
MGH17_10,3,GN, 1.000E+04,scale, 1.000E-08, 1.000E-01, 1.000E-01,1,3,0,0,3, 1.93200E-03, 6.439274686E-02,6,1,GN
MGH17_10,3,GN, 1.000E+04,scale, 1.000E-08, 1.000E-01, 1.000E-01,1,4,0,0,3, 2.38600E-03, 7.770445341E-02,4,1,GN
MGH17_10,3,GN, 1.000E+04,scale, 1.000E-08, 1.000E-01, 1.000E-01,1,5,0,0,3, 4.29800E-03, 1.009895646E-01,4,1,GN
MGH17_10,3,GN, 1.000E+04,scale, 1.000E-08, 1.000E-01, 1.000E-01,1,6,0,0,3, 9.05000E-04, 8.441492796E-02,4,1,GN
MGH17_10,3,GN, 1.000E+04,scale, 1.000E-08, 1.000E-01, 1.000E-01,1,7,0,0,4, 1.87800E-03, 3.786437430E-02,5,2,GN
MGH17_10,3,GN, 1.000E+04,scale, 1.000E-08, 1.000E-01, 1.000E-01,1,8,0,0,3, 4.65200E-03, 1.089795843E-01,4,1,GN
MGH17_10,3,GN, 1.000E+04,scale, 1.000E-08, 1.000E-01, 1.000E-01,1,9,0,0,3, 8.72000E-04, 8.643058419E-02,4,1,GN
MGH17_10,3,GN, 1.000E+04,scale, 1.000E-08, 1.000E-01, 1.000E-01,1,10,0,0,3, 9.47000E-04, 6.425136723E-02,4,1,GN
MGH17_10,3,GN, 1.000E+00,scale, 1.000E-08, 1.000E-01, 1.000E-01,1,1,0,0,4, 2.43500E-03, 3.830374749E-02,6,2,GN1
MGH17_10,3,GN, 1.000E+00,scale, 1.000E-08, 1.000E-01, 1.000E-01,1,2,0,0,4, 2.38800E-03, 4.433224957E-02,5,2,GN1
MGH17_10,3,GN, 1.000E+00,scale, 1.000E-08, 1.000E-01, 1.000E-01,1,3,0,0,3, 1.57300E-03, 6.439274686E-02,6,1,GN1
MGH17_10,3,GN, 1.000E+00,scale, 1.000E-08, 1.000E-01, 1.000E-01,1,4,0,0,3, 1.67500E-03, 7.770445341E-02,4,1,GN1
MGH17_10,3,GN, 1.000E+00,scale, 1.000E-08, 1.000E-01, 1.000E-01,1,5,0,0,3, 3.47100E-03, 1.009895647E-01,4,1,GN1
MGH17_10,3,GN, 1.000E+00,scale, 1.000E-08, 1.000E-01, 1.000E-01,1,6,0,0,3, 7.25000E-04, 8.441492796E-02,4,1,GN1
MGH17_10,3,GN, 1.000E+00,scale, 1.000E-08, 1.000E-01, 1.000E-01,1,7,0,0,4, 1.34800E-03, 3.786437430E-02,5,2,GN1
MGH17_10,3,GN, 1.000E+00,scale, 1.000E-08, 1.000E-01, 1.000E-01,1,8,0,0,3, 3.19900E-03, 1.089795843E-01,4,1,GN1
MGH17_10,3,GN, 1.000E+00,scale, 1.000E-08, 1.000E-01, 1.000E-01,1,9,0,0,3, 7.82000E-04, 8.643058419E-02,4,1,GN1
MGH17_10,3,GN, 1.000E+00,scale, 1.000E-08, 1.000E-01, 1.000E-01,1,10,0,0,3, 8.11000E-04, 6.425136723E-02,4,1,GN1
MGH17_10,3,H, 1.000E+04,scale, 1.000E-08, 1.000E-01, 1.000E-01,1,1,0,0,4, 3.03300E-03, 3.830375044E-02,6,2,H
MGH17_10,3,H, 1.000E+04,scale, 1.000E-08, 1.000E-01, 1.000E-01,1,2,0,0,4, 3.04800E-03, 4.433225238E-02,5,2,H
MGH17_10,3,H, 1.000E+04,scale, 1.000E-08, 1.000E-01, 1.000E-01,1,3,0,0,3, 1.85600E-03, 6.439276859E-02,6,1,H
MGH17_10,3,H, 1.000E+04,scale, 1.000E-08, 1.000E-01, 1.000E-01,1,4,0,0,3, 2.34000E-03, 7.770448078E-02,4,1,H
MGH17_10,3,H, 1.000E+04,scale, 1.000E-08, 1.000E-01, 1.000E-01,1,5,0,0,3, 4.29700E-03, 1.009896004E-01,4,1,H
MGH17_10,3,H, 1.000E+04,scale, 1.000E-08, 1.000E-01, 1.000E-01,1,6,0,0,3, 9.21000E-04, 8.441495773E-02,4,1,H
MGH17_10,3,H, 1.000E+04,scale, 1.000E-08, 1.000E-01, 1.000E-01,1,7,0,0,4, 1.94100E-03, 3.786437710E-02,5,2,H
MGH17_10,3,H, 1.000E+04,scale, 1.000E-08, 1.000E-01, 1.000E-01,1,8,0,0,3, 4.73600E-03, 1.089796229E-01,4,1,H
MGH17_10,3,H, 1.000E+04,scale, 1.000E-08, 1.000E-01, 1.000E-01,1,9,0,0,3, 9.02000E-04, 8.643061468E-02,4,1,H
MGH17_10,3,H, 1.000E+04,scale, 1.000E-08, 1.000E-01, 1.000E-01,1,10,0,0,3, 9.56000E-04, 6.425138978E-02,4,1,H
MGH17_10,3,H, 1.000E-01,scale, 1.000E-08, 1.000E-01, 1.000E-01,1,1,0,0,24, 7.61200E-03, 1.032511327E-01,49,1,H0.1
MGH17_10,3,H, 1.000E-01,scale, 1.000E-08, 1.000E-01, 1.000E-01,1,2,0,0,24, 6.99900E-03, 1.032923006E-01,49,1,H0.1
MGH17_10,3,H, 1.000E-01,scale, 1.000E-08, 1.000E-01, 1.000E-01,1,3,0,0,24, 6.27800E-03, 1.032193396E-01,49,1,H0.1
MGH17_10,3,H, 1.000E-01,scale, 1.000E-08, 1.000E-01, 1.000E-01,1,4,0,0,24, 8.27900E-03, 1.032463873E-01,49,1,H0.1
MGH17_10,3,H, 1.000E-01,scale, 1.000E-08, 1.000E-01, 1.000E-01,1,5,0,0,24, 6.67300E-03, 1.032702658E-01,49,1,H0.1
MGH17_10,3,H, 1.000E-01,scale, 1.000E-08, 1.000E-01, 1.000E-01,1,6,0,0,24, 6.05100E-03, 1.032217349E-01,49,1,H0.1
MGH17_10,3,H, 1.000E-01,scale, 1.000E-08, 1.000E-01, 1.000E-01,1,7,0,0,24, 6.37700E-03, 1.032354981E-01,49,1,H0.1
MGH17_10,3,H, 1.000E-01,scale, 1.000E-08, 1.000E-01, 1.000E-01,1,8,0,0,24, 7.09200E-03, 1.033020065E-01,49,1,H0.1
MGH17_10,3,H, 1.000E-01,scale, 1.000E-08, 1.000E-01, 1.000E-01,1,9,0,0,24, 7.59400E-03, 1.033347529E-01,49,1,H0.1
MGH17_10,3,H, 1.000E-01,scale, 1.000E-08, 1.000E-01, 1.000E-01,1,10,0,0,24, 6.87200E-03, 1.032489045E-01,49,1,H0.1
MGH17_10,3,H, 1.000E+00,scale, 1.000E-08, 1.000E-01, 1.000E-01,1,1,0,0,4, 2.97900E-03, 3.830374749E-02,6,2,H1
MGH17_10,3,H, 1.000E+00,scale, 1.000E-08, 1.000E-01, 1.000E-01,1,2,0,0,4, 3.08200E-03, 4.433224957E-02,5,2,H1
MGH17_10,3,H, 1.000E+00,scale, 1.000E-08, 1.000E-01, 1.000E-01,1,3,0,0,3, 1.86100E-03, 6.439274686E-02,6,1,H1
MGH17_10,3,H, 1.000E+00,scale, 1.000E-08, 1.000E-01, 1.000E-01,1,4,0,0,3, 2.34500E-03, 7.770445341E-02,4,1,H1
MGH17_10,3,H, 1.000E+00,scale, 1.000E-08, 1.000E-01, 1.000E-01,1,5,0,0,3, 4.23400E-03, 1.009895646E-01,4,1,H1
MGH17_10,3,H, 1.000E+00,scale, 1.000E-08, 1.000E-01, 1.000E-01,1,6,0,0,3, 8.64000E-04, 8.441492796E-02,4,1,H1
MGH17_10,3,H, 1.000E+00,scale, 1.000E-08, 1.000E-01, 1.000E-01,1,7,0,0,4, 2.00300E-03, 3.786437430E-02,5,2,H1
MGH17_10,3,H, 1.000E+00,scale, 1.000E-08, 1.000E-01, 1.000E-01,1,8,0,0,3, 4.67700E-03, 1.089795843E-01,4,1,H1
MGH17_10,3,H, 1.000E+00,scale, 1.000E-08, 1.000E-01, 1.000E-01,1,9,0,0,3, 8.55000E-04, 8.643058419E-02,4,1,H1
MGH17_10,3,H, 1.000E+00,scale, 1.000E-08, 1.000E-01, 1.000E-01,1,10,0,0,3, 9.35000E-04, 6.425136723E-02,4,1,H1
MGH17_10,3,H, 1.000E+01,scale, 1.000E-08, 1.000E-01, 1.000E-01,1,1,0,0,4, 2.76200E-03, 3.830375044E-02,6,2,H10
MGH17_10,3,H, 1.000E+01,scale, 1.000E-08, 1.000E-01, 1.000E-01,1,2,0,0,4, 2.61300E-03, 4.433225238E-02,5,2,H10
MGH17_10,3,H, 1.000E+01,scale, 1.000E-08, 1.000E-01, 1.000E-01,1,3,0,0,3, 1.66500E-03, 6.439276859E-02,6,1,H10
MGH17_10,3,H, 1.000E+01,scale, 1.000E-08, 1.000E-01, 1.000E-01,1,4,0,0,3, 1.87200E-03, 7.770448078E-02,4,1,H10
MGH17_10,3,H, 1.000E+01,scale, 1.000E-08, 1.000E-01, 1.000E-01,1,5,0,0,3, 3.75200E-03, 1.009896004E-01,4,1,H10
MGH17_10,3,H, 1.000E+01,scale, 1.000E-08, 1.000E-01, 1.000E-01,1,6,0,0,3, 7.64000E-04, 8.441495773E-02,4,1,H10
MGH17_10,3,H, 1.000E+01,scale, 1.000E-08, 1.000E-01, 1.000E-01,1,7,0,0,4, 1.38000E-03, 3.786437710E-02,5,2,H10
MGH17_10,3,H, 1.000E+01,scale, 1.000E-08, 1.000E-01, 1.000E-01,1,8,0,0,3, 3.81600E-03, 1.089796229E-01,4,1,H10
MGH17_10,3,H, 1.000E+01,scale, 1.000E-08, 1.000E-01, 1.000E-01,1,9,0,0,3, 9.29000E-04, 8.643061468E-02,4,1,H10
MGH17_10,3,H, 1.000E+01,scale, 1.000E-08, 1.000E-01, 1.000E-01,1,10,0,0,3, 7.25000E-04, 6.425138978E-02,4,1,H10
MGH17_10,3,H, 1.000E+02,scale, 1.000E-08, 1.000E-01, 1.000E-01,1,1,0,0,4, 2.69900E-03, 3.830375044E-02,6,2,H100
MGH17_10,3,H, 1.000E+02,scale, 1.000E-08, 1.000E-01, 1.000E-01,1,2,0,0,4, 2.25700E-03, 4.433225238E-02,5,2,H100
MGH17_10,3,H, 1.000E+02,scale, 1.000E-08, 1.000E-01, 1.000E-01,1,3,0,0,3, 1.55600E-03, 6.439276859E-02,6,1,H100
MGH17_10,3,H, 1.000E+02,scale, 1.000E-08, 1.000E-01, 1.000E-01,1,4,0,0,3, 1.85600E-03, 7.770448078E-02,4,1,H100
MGH17_10,3,H, 1.000E+02,scale, 1.000E-08, 1.000E-01, 1.000E-01,1,5,0,0,3, 3.09200E-03, 1.009896004E-01,4,1,H100
MGH17_10,3,H, 1.000E+02,scale, 1.000E-08, 1.000E-01, 1.000E-01,1,6,0,0,3, 9.21000E-04, 8.441495773E-02,4,1,H100
MGH17_10,3,H, 1.000E+02,scale, 1.000E-08, 1.000E-01, 1.000E-01,1,7,0,0,4, 1.50000E-03, 3.786437710E-02,5,2,H100
MGH17_10,3,H, 1.000E+02,scale, 1.000E-08, 1.000E-01, 1.000E-01,1,8,0,0,3, 3.35100E-03, 1.089796229E-01,4,1,H100
MGH17_10,3,H, 1.000E+02,scale, 1.000E-08, 1.000E-01, 1.000E-01,1,9,0,0,3, 7.13000E-04, 8.643061468E-02,4,1,H100
MGH17_10,3,H, 1.000E+02,scale, 1.000E-08, 1.000E-01, 1.000E-01,1,10,0,0,3, 6.74000E-04, 6.425138978E-02,4,1,H100
MGH17_10,3,H, 1.000E+00,scale, 1.000E-08, 1.000E-01, 1.000E-01,1,1,0,0,4, 2.45800E-03, 3.864200000E-02,7,2,HA1
MGH17_10,3,H, 1.000E+00,scale, 1.000E-08, 1.000E-01, 1.000E-01,1,2,0,0,4, 2.11400E-03, 3.864200000E-02,10,2,HA1
MGH17_10,3,H, 1.000E+00,scale, 1.000E-08, 1.000E-01, 1.000E-01,1,3,0,0,4, 2.44100E-03, 3.864200000E-02,7,2,HA1
MGH17_10,3,H, 1.000E+00,scale, 1.000E-08, 1.000E-01, 1.000E-01,1,4,0,0,4, 2.01200E-03, 3.864199989E-02,7,2,HA1
MGH17_10,3,H, 1.000E+00,scale, 1.000E-08, 1.000E-01, 1.000E-01,1,5,0,0,4, 2.14200E-03, 3.864199998E-02,10,2,HA1
MGH17_10,3,H, 1.000E+00,scale, 1.000E-08, 1.000E-01, 1.000E-01,1,6,0,0,4, 2.38700E-03, 3.864199991E-02,7,2,HA1
MGH17_10,3,H, 1.000E+00,scale, 1.000E-08, 1.000E-01, 1.000E-01,1,7,0,0,4, 2.77800E-03, 3.864199976E-02,9,2,HA1
MGH17_10,3,H, 1.000E+00,scale, 1.000E-08, 1.000E-01, 1.000E-01,1,8,0,0,4, 2.82200E-03, 3.864200000E-02,7,2,HA1
MGH17_10,3,H, 1.000E+00,scale, 1.000E-08, 1.000E-01, 1.000E-01,1,9,0,0,4, 2.29700E-03, 3.864199991E-02,7,2,HA1
MGH17_10,3,H, 1.000E+00,scale, 1.000E-08, 1.000E-01, 1.000E-01,1,10,0,0,4, 1.67200E-03, 3.864199989E-02,7,2,HA1
MGH17_10,3,H, 1.000E+00,scale, 1.000E-08, 1.000E-01, 1.000E-01,1,1,0,0,4, 2.04400E-03, 3.830374749E-02,6,2,HA10
MGH17_10,3,H, 1.000E+00,scale, 1.000E-08, 1.000E-01, 1.000E-01,1,2,0,0,4, 2.64000E-03, 4.433224957E-02,5,2,HA10
MGH17_10,3,H, 1.000E+00,scale, 1.000E-08, 1.000E-01, 1.000E-01,1,3,0,0,3, 1.68700E-03, 6.439274686E-02,6,1,HA10
MGH17_10,3,H, 1.000E+00,scale, 1.000E-08, 1.000E-01, 1.000E-01,1,4,0,0,3, 2.02200E-03, 7.770445341E-02,4,1,HA10
MGH17_10,3,H, 1.000E+00,scale, 1.000E-08, 1.000E-01, 1.000E-01,1,5,0,0,3, 3.52900E-03, 1.009895646E-01,4,1,HA10
MGH17_10,3,H, 1.000E+00,scale, 1.000E-08, 1.000E-01, 1.000E-01,1,6,0,0,3, 1.02100E-03, 8.441492796E-02,4,1,HA10
MGH17_10,3,H, 1.000E+00,scale, 1.000E-08, 1.000E-01, 1.000E-01,1,7,0,0,4, 1.92000E-03, 3.786437430E-02,5,2,HA10
MGH17_10,3,H, 1.000E+00,scale, 1.000E-08, 1.000E-01, 1.000E-01,1,8,0,0,3, 3.72200E-03, 1.089795843E-01,4,1,HA10
MGH17_10,3,H, 1.000E+00,scale, 1.000E-08, 1.000E-01, 1.000E-01,1,9,0,0,3, 1.06000E-03, 8.643058419E-02,4,1,HA10
MGH17_10,3,H, 1.000E+00,scale, 1.000E-08, 1.000E-01, 1.000E-01,1,10,0,0,3, 1.24500E-03, 6.425136723E-02,4,1,HA10
MGH17_10,3,H, 1.000E+00,scale, 1.000E-08, 1.000E-01, 1.000E-01,1,1,0,0,4, 2.06100E-03, 3.830375044E-02,6,2,HA100
MGH17_10,3,H, 1.000E+00,scale, 1.000E-08, 1.000E-01, 1.000E-01,1,2,0,0,4, 2.41200E-03, 4.433225238E-02,5,2,HA100
MGH17_10,3,H, 1.000E+00,scale, 1.000E-08, 1.000E-01, 1.000E-01,1,3,0,0,3, 1.70600E-03, 6.439276859E-02,6,1,HA100
MGH17_10,3,H, 1.000E+00,scale, 1.000E-08, 1.000E-01, 1.000E-01,1,4,0,0,3, 1.99500E-03, 7.770448078E-02,4,1,HA100
MGH17_10,3,H, 1.000E+00,scale, 1.000E-08, 1.000E-01, 1.000E-01,1,5,0,0,3, 3.50200E-03, 1.009896004E-01,4,1,HA100
MGH17_10,3,H, 1.000E+00,scale, 1.000E-08, 1.000E-01, 1.000E-01,1,6,0,0,3, 9.68000E-04, 8.441495773E-02,4,1,HA100
MGH17_10,3,H, 1.000E+00,scale, 1.000E-08, 1.000E-01, 1.000E-01,1,7,0,0,4, 1.97800E-03, 3.786437710E-02,5,2,HA100
MGH17_10,3,H, 1.000E+00,scale, 1.000E-08, 1.000E-01, 1.000E-01,1,8,0,0,3, 4.30800E-03, 1.089796229E-01,4,1,HA100
MGH17_10,3,H, 1.000E+00,scale, 1.000E-08, 1.000E-01, 1.000E-01,1,9,0,0,3, 1.05400E-03, 8.643061468E-02,4,1,HA100
MGH17_10,3,H, 1.000E+00,scale, 1.000E-08, 1.000E-01, 1.000E-01,1,10,0,0,3, 1.12000E-03, 6.425138978E-02,4,1,HA100
MGH17_10,3,H, 1.000E+00,clip, 1.000E-08, 1.000E-01, 1.000E-01,1,1,0,0,4, 2.35500E-03, 3.830374749E-02,6,2,Hc1
MGH17_10,3,H, 1.000E+00,clip, 1.000E-08, 1.000E-01, 1.000E-01,1,2,0,0,4, 2.68500E-03, 4.433224957E-02,5,2,Hc1
MGH17_10,3,H, 1.000E+00,clip, 1.000E-08, 1.000E-01, 1.000E-01,1,3,0,0,3, 1.95200E-03, 6.439274686E-02,6,1,Hc1
MGH17_10,3,H, 1.000E+00,clip, 1.000E-08, 1.000E-01, 1.000E-01,1,4,0,0,3, 2.70100E-03, 7.770445340E-02,4,1,Hc1
MGH17_10,3,H, 1.000E+00,clip, 1.000E-08, 1.000E-01, 1.000E-01,1,5,0,0,3, 3.95100E-03, 1.009895646E-01,4,1,Hc1
MGH17_10,3,H, 1.000E+00,clip, 1.000E-08, 1.000E-01, 1.000E-01,1,6,0,0,3, 9.97000E-04, 8.441492796E-02,4,1,Hc1
MGH17_10,3,H, 1.000E+00,clip, 1.000E-08, 1.000E-01, 1.000E-01,1,7,0,0,4, 1.89200E-03, 3.786437430E-02,5,2,Hc1
MGH17_10,3,H, 1.000E+00,clip, 1.000E-08, 1.000E-01, 1.000E-01,1,8,0,0,3, 3.93700E-03, 1.089795843E-01,4,1,Hc1
MGH17_10,3,H, 1.000E+00,clip, 1.000E-08, 1.000E-01, 1.000E-01,1,9,0,0,3, 9.86000E-04, 8.643058419E-02,4,1,Hc1
MGH17_10,3,H, 1.000E+00,clip, 1.000E-08, 1.000E-01, 1.000E-01,1,10,0,0,3, 1.10600E-03, 6.425136723E-02,4,1,Hc1
MGH17_10,3,H, 1.000E+01,clip, 1.000E-08, 1.000E-01, 1.000E-01,1,1,0,0,4, 2.39500E-03, 3.830375044E-02,6,2,Hc10
MGH17_10,3,H, 1.000E+01,clip, 1.000E-08, 1.000E-01, 1.000E-01,1,2,0,0,4, 2.44800E-03, 4.433225238E-02,5,2,Hc10
MGH17_10,3,H, 1.000E+01,clip, 1.000E-08, 1.000E-01, 1.000E-01,1,3,0,0,3, 1.41800E-03, 6.439276859E-02,6,1,Hc10
MGH17_10,3,H, 1.000E+01,clip, 1.000E-08, 1.000E-01, 1.000E-01,1,4,0,0,3, 1.71200E-03, 7.770448078E-02,4,1,Hc10
MGH17_10,3,H, 1.000E+01,clip, 1.000E-08, 1.000E-01, 1.000E-01,1,5,0,0,3, 3.02300E-03, 1.009896004E-01,4,1,Hc10
MGH17_10,3,H, 1.000E+01,clip, 1.000E-08, 1.000E-01, 1.000E-01,1,6,0,0,3, 6.62000E-04, 8.441495773E-02,4,1,Hc10
MGH17_10,3,H, 1.000E+01,clip, 1.000E-08, 1.000E-01, 1.000E-01,1,7,0,0,4, 1.42500E-03, 3.786437710E-02,5,2,Hc10
MGH17_10,3,H, 1.000E+01,clip, 1.000E-08, 1.000E-01, 1.000E-01,1,8,0,0,3, 4.67600E-03, 1.089796229E-01,4,1,Hc10
MGH17_10,3,H, 1.000E+01,clip, 1.000E-08, 1.000E-01, 1.000E-01,1,9,0,0,3, 6.25000E-04, 8.643061468E-02,4,1,Hc10
MGH17_10,3,H, 1.000E+01,clip, 1.000E-08, 1.000E-01, 1.000E-01,1,10,0,0,3, 6.68000E-04, 6.425138978E-02,4,1,Hc10
MGH17_10,3,QN, 1.000E+04,scale, 1.000E-08, 1.000E-01, 1.000E-01,1,1,0,0,4, 3.14600E-03, 3.830374749E-02,5,2,QN
MGH17_10,3,QN, 1.000E+04,scale, 1.000E-08, 1.000E-01, 1.000E-01,1,2,0,0,4, 3.22700E-03, 4.433224957E-02,10,2,QN
MGH17_10,3,QN, 1.000E+04,scale, 1.000E-08, 1.000E-01, 1.000E-01,1,3,0,0,3, 1.86700E-03, 6.439274686E-02,5,1,QN
MGH17_10,3,QN, 1.000E+04,scale, 1.000E-08, 1.000E-01, 1.000E-01,1,4,0,0,3, 1.00000E-03, 7.770445340E-02,4,1,QN
MGH17_10,3,QN, 1.000E+04,scale, 1.000E-08, 1.000E-01, 1.000E-01,1,5,0,0,3, 8.67000E-04, 1.009895694E-01,4,1,QN
MGH17_10,3,QN, 1.000E+04,scale, 1.000E-08, 1.000E-01, 1.000E-01,1,6,0,0,3, 9.44000E-04, 8.441492796E-02,4,1,QN
MGH17_10,3,QN, 1.000E+04,scale, 1.000E-08, 1.000E-01, 1.000E-01,1,7,0,0,4, 4.78000E-03, 3.786437430E-02,8,2,QN
MGH17_10,3,QN, 1.000E+04,scale, 1.000E-08, 1.000E-01, 1.000E-01,1,8,0,0,3, 4.77900E-03, 1.089795843E-01,4,1,QN
MGH17_10,3,QN, 1.000E+04,scale, 1.000E-08, 1.000E-01, 1.000E-01,1,9,0,0,3, 9.73000E-04, 8.643058419E-02,4,1,QN
MGH17_10,3,QN, 1.000E+04,scale, 1.000E-08, 1.000E-01, 1.000E-01,1,10,0,0,3, 2.29400E-03, 6.425136723E-02,7,1,QN
MGH17_10,3,0, 1.000E+00,scale, 1.000E-08, 1.000E-01, 1.000E-01,2,1,0,0,2, 8.08100E-03, 4.061902327E-02,3,2,FO
MGH17_10,3,0, 1.000E+00,scale, 1.000E-08, 1.000E-01, 1.000E-01,2,2,0,0,1, 8.24200E-03, 1.631623041E-02,2,1,FO
MGH17_10,3,0, 1.000E+00,scale, 1.000E-08, 1.000E-01, 1.000E-01,2,3,0,0,2, 8.04900E-03, 4.085439602E-02,8,1,FO
MGH17_10,3,0, 1.000E+00,scale, 1.000E-08, 1.000E-01, 1.000E-01,2,4,0,0,1, 6.69900E-03, 1.978766894E-02,2,0,FO
MGH17_10,3,0, 1.000E+00,scale, 1.000E-08, 1.000E-01, 1.000E-01,2,5,0,0,1, 7.41300E-03, 1.961049054E-02,2,0,FO
MGH17_10,3,0, 1.000E+00,scale, 1.000E-08, 1.000E-01, 1.000E-01,2,6,0,0,1, 6.70200E-03, 8.338869492E-03,14,1,FO
MGH17_10,3,0, 1.000E+00,scale, 1.000E-08, 1.000E-01, 1.000E-01,2,7,0,0,1, 4.76800E-03, 7.830533496E-03,2,2,FO
MGH17_10,3,0, 1.000E+00,scale, 1.000E-08, 1.000E-01, 1.000E-01,2,8,0,0,4, 1.18720E-02, 2.585961407E-02,6,1,FO
MGH17_10,3,0, 1.000E+00,scale, 1.000E-08, 1.000E-01, 1.000E-01,2,9,0,0,2, 1.03570E-02, 9.830019930E-04,7,3,FO
MGH17_10,3,0, 1.000E+00,scale, 1.000E-08, 1.000E-01, 1.000E-01,2,10,0,0,25, 6.44530E-02, 1.293785450E-02,29,1,FO
MGH17_10,3,GN, 1.000E+04,scale, 1.000E-08, 1.000E-01, 1.000E-01,2,1,0,0,6358, 3.51887E+01, 3.169521549E-02,6359,1,GN
MGH17_10,3,GN, 1.000E+04,scale, 1.000E-08, 1.000E-01, 1.000E-01,2,2,0,0,339, 2.13997E+00, 1.100351229E-02,340,2,GN
MGH17_10,3,GN, 1.000E+04,scale, 1.000E-08, 1.000E-01, 1.000E-01,2,3,0,0,32, 1.02835E-01, 4.639376144E-02,33,0,GN
MGH17_10,3,GN, 1.000E+04,scale, 1.000E-08, 1.000E-01, 1.000E-01,2,4,0,0,1, 4.74600E-03, 1.978786597E-02,2,0,GN
MGH17_10,3,GN, 1.000E+04,scale, 1.000E-08, 1.000E-01, 1.000E-01,2,5,0,0,622, 2.59176E+00, 1.960518130E-02,623,0,GN
MGH17_10,3,GN, 1.000E+04,scale, 1.000E-08, 1.000E-01, 1.000E-01,2,6,0,0,1, 5.18800E-03, 8.338869492E-03,17,1,GN
MGH17_10,3,GN, 1.000E+04,scale, 1.000E-08, 1.000E-01, 1.000E-01,2,7,0,0,1225, 4.93935E+00, 6.225703873E-03,1226,2,GN
MGH17_10,3,GN, 1.000E+04,scale, 1.000E-08, 1.000E-01, 1.000E-01,2,8,0,0,2482, 1.26493E+01, 2.463078122E-02,2491,1,GN
MGH17_10,3,GN, 1.000E+04,scale, 1.000E-08, 1.000E-01, 1.000E-01,2,9,0,0,5, 3.90300E-03, 2.799624518E-02,6,1,GN
MGH17_10,3,GN, 1.000E+04,scale, 1.000E-08, 1.000E-01, 1.000E-01,2,10,0,0,4, 5.49100E-03, 3.106376356E-02,5,1,GN
MGH17_10,3,GN, 1.000E+00,scale, 1.000E-08, 1.000E-01, 1.000E-01,2,1,0,0,12, 3.97750E-02, 4.012400576E-02,13,2,GN1
MGH17_10,3,GN, 1.000E+00,scale, 1.000E-08, 1.000E-01, 1.000E-01,2,2,0,0,1, 5.15400E-03, 1.631622472E-02,2,1,GN1
MGH17_10,3,GN, 1.000E+00,scale, 1.000E-08, 1.000E-01, 1.000E-01,2,3,0,0,2, 9.46500E-03, 7.970268249E-02,6,1,GN1
MGH17_10,3,GN, 1.000E+00,scale, 1.000E-08, 1.000E-01, 1.000E-01,2,4,0,0,1, 4.70500E-03, 1.978767096E-02,2,0,GN1
MGH17_10,3,GN, 1.000E+00,scale, 1.000E-08, 1.000E-01, 1.000E-01,2,5,0,0,1, 5.11900E-03, 1.961049052E-02,2,0,GN1
MGH17_10,3,GN, 1.000E+00,scale, 1.000E-08, 1.000E-01, 1.000E-01,2,6,0,0,1, 4.69100E-03, 8.338869492E-03,14,1,GN1
MGH17_10,3,GN, 1.000E+00,scale, 1.000E-08, 1.000E-01, 1.000E-01,2,7,0,0,1, 3.52000E-03, 7.830533500E-03,3,2,GN1
MGH17_10,3,GN, 1.000E+00,scale, 1.000E-08, 1.000E-01, 1.000E-01,2,8,0,0,6, 1.32800E-02, 2.766126504E-02,7,1,GN1
MGH17_10,3,GN, 1.000E+00,scale, 1.000E-08, 1.000E-01, 1.000E-01,2,9,0,0,15, 4.65890E-02, 1.595270970E-02,16,2,GN1
MGH17_10,3,GN, 1.000E+00,scale, 1.000E-08, 1.000E-01, 1.000E-01,2,10,0,0,2, 4.23000E-03, 1.975849832E-02,5,2,GN1
MGH17_10,3,H, 1.000E+04,scale, 1.000E-08, 1.000E-01, 1.000E-01,2,1,1,0,10000, 6.00699E+01, 3.415260920E-02,10001,1,H
MGH17_10,3,H, 1.000E+04,scale, 1.000E-08, 1.000E-01, 1.000E-01,2,2,0,0,7562, 4.70006E+01, 1.106538546E-02,7579,1,H
MGH17_10,3,H, 1.000E+04,scale, 1.000E-08, 1.000E-01, 1.000E-01,2,3,0,0,2, 1.11750E-02, 3.260355087E-02,7,1,H
MGH17_10,3,H, 1.000E+04,scale, 1.000E-08, 1.000E-01, 1.000E-01,2,4,1,0,10000, 4.46208E+01, 1.866409387E-02,10001,0,H
MGH17_10,3,H, 1.000E+04,scale, 1.000E-08, 1.000E-01, 1.000E-01,2,5,1,0,10000, 4.63955E+01, 1.956449624E-02,10001,0,H
MGH17_10,3,H, 1.000E+04,scale, 1.000E-08, 1.000E-01, 1.000E-01,2,6,1,0,10000, 6.13760E+01, 8.337250390E-03,23679,1,H
MGH17_10,3,H, 1.000E+04,scale, 1.000E-08, 1.000E-01, 1.000E-01,2,7,1,0,10000, 4.80262E+01, 4.471210012E-03,10001,2,H
MGH17_10,3,H, 1.000E+04,scale, 1.000E-08, 1.000E-01, 1.000E-01,2,8,1,0,10000, 5.62797E+01, 3.060390366E-02,10001,1,H
MGH17_10,3,H, 1.000E+04,scale, 1.000E-08, 1.000E-01, 1.000E-01,2,9,1,0,10000, 4.64290E+01, 1.347481463E-02,10002,2,H
MGH17_10,3,H, 1.000E+04,scale, 1.000E-08, 1.000E-01, 1.000E-01,2,10,1,0,10000, 5.56810E+01, 2.286177031E-02,10001,1,H
MGH17_10,3,H, 1.000E-01,scale, 1.000E-08, 1.000E-01, 1.000E-01,2,1,0,0,2, 6.14200E-03, 4.054547087E-02,3,2,H0.1
MGH17_10,3,H, 1.000E-01,scale, 1.000E-08, 1.000E-01, 1.000E-01,2,2,0,0,1, 6.36000E-03, 1.631629357E-02,2,1,H0.1
MGH17_10,3,H, 1.000E-01,scale, 1.000E-08, 1.000E-01, 1.000E-01,2,3,0,0,2, 1.02300E-02, 4.092350927E-02,8,1,H0.1
MGH17_10,3,H, 1.000E-01,scale, 1.000E-08, 1.000E-01, 1.000E-01,2,4,0,0,1, 4.97400E-03, 1.978787419E-02,2,0,H0.1
MGH17_10,3,H, 1.000E-01,scale, 1.000E-08, 1.000E-01, 1.000E-01,2,5,0,0,1, 5.50700E-03, 1.961048785E-02,2,0,H0.1
MGH17_10,3,H, 1.000E-01,scale, 1.000E-08, 1.000E-01, 1.000E-01,2,6,0,0,1, 4.85800E-03, 8.338869492E-03,14,1,H0.1
MGH17_10,3,H, 1.000E-01,scale, 1.000E-08, 1.000E-01, 1.000E-01,2,7,0,0,1, 4.05100E-03, 7.830533489E-03,2,2,H0.1
MGH17_10,3,H, 1.000E-01,scale, 1.000E-08, 1.000E-01, 1.000E-01,2,8,0,0,2, 4.44400E-03, 3.190439807E-02,3,2,H0.1
MGH17_10,3,H, 1.000E-01,scale, 1.000E-08, 1.000E-01, 1.000E-01,2,9,0,0,2, 8.02900E-03, 1.305695332E-03,5,3,H0.1
MGH17_10,3,H, 1.000E-01,scale, 1.000E-08, 1.000E-01, 1.000E-01,2,10,0,0,27, 5.59120E-02, 1.312998229E-02,31,1,H0.1
MGH17_10,3,H, 1.000E+00,scale, 1.000E-08, 1.000E-01, 1.000E-01,2,1,0,0,110, 5.33347E-01, 3.991246862E-02,111,2,H1
MGH17_10,3,H, 1.000E+00,scale, 1.000E-08, 1.000E-01, 1.000E-01,2,2,0,0,1, 5.72500E-03, 1.631712309E-02,2,1,H1
MGH17_10,3,H, 1.000E+00,scale, 1.000E-08, 1.000E-01, 1.000E-01,2,3,0,0,2, 1.13620E-02, 7.982498387E-02,6,1,H1
MGH17_10,3,H, 1.000E+00,scale, 1.000E-08, 1.000E-01, 1.000E-01,2,4,0,0,1, 4.69800E-03, 1.978761502E-02,2,0,H1
MGH17_10,3,H, 1.000E+00,scale, 1.000E-08, 1.000E-01, 1.000E-01,2,5,0,0,1, 5.32200E-03, 1.961048934E-02,2,0,H1
MGH17_10,3,H, 1.000E+00,scale, 1.000E-08, 1.000E-01, 1.000E-01,2,6,0,0,1, 4.54100E-03, 8.338869492E-03,2,1,H1
MGH17_10,3,H, 1.000E+00,scale, 1.000E-08, 1.000E-01, 1.000E-01,2,7,0,0,1, 4.66900E-03, 7.824514780E-03,2,2,H1
MGH17_10,3,H, 1.000E+00,scale, 1.000E-08, 1.000E-01, 1.000E-01,2,8,0,0,41, 2.07257E-01, 2.331102770E-02,42,1,H1
MGH17_10,3,H, 1.000E+00,scale, 1.000E-08, 1.000E-01, 1.000E-01,2,9,0,0,54, 2.36591E-01, 1.994779937E-02,55,2,H1
MGH17_10,3,H, 1.000E+00,scale, 1.000E-08, 1.000E-01, 1.000E-01,2,10,0,0,2, 6.67900E-03, 1.986618494E-02,5,2,H1
MGH17_10,3,H, 1.000E+01,scale, 1.000E-08, 1.000E-01, 1.000E-01,2,1,0,0,179, 8.39023E-01, 2.539732295E-02,180,2,H10
MGH17_10,3,H, 1.000E+01,scale, 1.000E-08, 1.000E-01, 1.000E-01,2,2,0,0,263, 1.72884E+00, 1.221926312E-02,264,1,H10
MGH17_10,3,H, 1.000E+01,scale, 1.000E-08, 1.000E-01, 1.000E-01,2,3,0,0,2, 1.38290E-02, 5.333443133E-02,6,1,H10
MGH17_10,3,H, 1.000E+01,scale, 1.000E-08, 1.000E-01, 1.000E-01,2,4,0,0,1, 6.18000E-03, 1.978787525E-02,2,0,H10
MGH17_10,3,H, 1.000E+01,scale, 1.000E-08, 1.000E-01, 1.000E-01,2,5,0,0,1, 6.69600E-03, 1.961049178E-02,2,0,H10
MGH17_10,3,H, 1.000E+01,scale, 1.000E-08, 1.000E-01, 1.000E-01,2,6,0,0,1, 7.42000E-03, 8.338868616E-03,4,1,H10
MGH17_10,3,H, 1.000E+01,scale, 1.000E-08, 1.000E-01, 1.000E-01,2,7,0,0,1, 7.09500E-03, 7.829747147E-03,2,2,H10
MGH17_10,3,H, 1.000E+01,scale, 1.000E-08, 1.000E-01, 1.000E-01,2,8,0,0,20, 1.23715E-01, 3.175272380E-02,21,1,H10
MGH17_10,3,H, 1.000E+01,scale, 1.000E-08, 1.000E-01, 1.000E-01,2,9,0,0,10, 3.50220E-02, 2.364185678E-02,11,1,H10
MGH17_10,3,H, 1.000E+01,scale, 1.000E-08, 1.000E-01, 1.000E-01,2,10,0,0,2, 9.55900E-03, 5.563278949E-03,8,2,H10
MGH17_10,3,H, 1.000E+02,scale, 1.000E-08, 1.000E-01, 1.000E-01,2,1,0,0,2067, 1.19319E+01, 1.306864858E-02,2068,2,H100
MGH17_10,3,H, 1.000E+02,scale, 1.000E-08, 1.000E-01, 1.000E-01,2,2,0,0,1173, 7.46463E+00, 1.105319738E-02,1177,1,H100
MGH17_10,3,H, 1.000E+02,scale, 1.000E-08, 1.000E-01, 1.000E-01,2,3,0,0,312, 1.93277E+00, 3.816821223E-02,317,1,H100
MGH17_10,3,H, 1.000E+02,scale, 1.000E-08, 1.000E-01, 1.000E-01,2,4,1,0,10000, 4.60818E+01, 1.784540096E-02,10001,0,H100
MGH17_10,3,H, 1.000E+02,scale, 1.000E-08, 1.000E-01, 1.000E-01,2,5,1,0,10000, 4.71025E+01, 1.955060800E-02,10001,0,H100
MGH17_10,3,H, 1.000E+02,scale, 1.000E-08, 1.000E-01, 1.000E-01,2,6,0,0,1, 8.56700E-03, 8.338869049E-03,5,1,H100
MGH17_10,3,H, 1.000E+02,scale, 1.000E-08, 1.000E-01, 1.000E-01,2,7,0,0,8836, 4.10086E+01, 3.534695847E-03,8853,2,H100
MGH17_10,3,H, 1.000E+02,scale, 1.000E-08, 1.000E-01, 1.000E-01,2,8,0,0,4588, 2.42245E+01, 2.455874538E-02,4589,1,H100
MGH17_10,3,H, 1.000E+02,scale, 1.000E-08, 1.000E-01, 1.000E-01,2,9,0,0,1025, 4.72643E+00, 2.223612046E-02,1026,1,H100
MGH17_10,3,H, 1.000E+02,scale, 1.000E-08, 1.000E-01, 1.000E-01,2,10,0,0,127, 5.75018E-01, 1.022268463E-02,131,2,H100
MGH17_10,3,H, 1.000E+00,scale, 1.000E-08, 1.000E-01, 1.000E-01,2,1,0,0,2, 5.67600E-03, 4.054547087E-02,3,2,HA1
MGH17_10,3,H, 1.000E+00,scale, 1.000E-08, 1.000E-01, 1.000E-01,2,2,0,0,1, 5.59700E-03, 1.631629357E-02,2,1,HA1
MGH17_10,3,H, 1.000E+00,scale, 1.000E-08, 1.000E-01, 1.000E-01,2,3,0,0,2, 1.06100E-02, 5.427986707E-02,6,1,HA1
MGH17_10,3,H, 1.000E+00,scale, 1.000E-08, 1.000E-01, 1.000E-01,2,4,0,0,1, 5.17900E-03, 1.978787419E-02,2,0,HA1
MGH17_10,3,H, 1.000E+00,scale, 1.000E-08, 1.000E-01, 1.000E-01,2,5,0,0,1, 6.47900E-03, 1.961048785E-02,2,0,HA1
MGH17_10,3,H, 1.000E+00,scale, 1.000E-08, 1.000E-01, 1.000E-01,2,6,0,0,1, 6.42400E-03, 8.338869492E-03,14,1,HA1
MGH17_10,3,H, 1.000E+00,scale, 1.000E-08, 1.000E-01, 1.000E-01,2,7,0,0,1, 4.38300E-03, 7.830533489E-03,2,2,HA1
MGH17_10,3,H, 1.000E+00,scale, 1.000E-08, 1.000E-01, 1.000E-01,2,8,0,0,2, 4.89600E-03, 3.190439807E-02,3,2,HA1
MGH17_10,3,H, 1.000E+00,scale, 1.000E-08, 1.000E-01, 1.000E-01,2,9,0,0,10, 2.81480E-02, 4.313072371E-02,12,1,HA1
MGH17_10,3,H, 1.000E+00,scale, 1.000E-08, 1.000E-01, 1.000E-01,2,10,0,0,2, 6.18100E-03, 9.948528965E-03,5,2,HA1
MGH17_10,3,H, 1.000E+00,scale, 1.000E-08, 1.000E-01, 1.000E-01,2,1,0,0,110, 5.43539E-01, 3.991246862E-02,111,2,HA10
MGH17_10,3,H, 1.000E+00,scale, 1.000E-08, 1.000E-01, 1.000E-01,2,2,0,0,1, 5.70100E-03, 1.631712309E-02,2,1,HA10
MGH17_10,3,H, 1.000E+00,scale, 1.000E-08, 1.000E-01, 1.000E-01,2,3,0,0,2, 1.42480E-02, 3.720453372E-02,7,1,HA10
MGH17_10,3,H, 1.000E+00,scale, 1.000E-08, 1.000E-01, 1.000E-01,2,4,0,0,1, 5.51500E-03, 1.978761502E-02,2,0,HA10
MGH17_10,3,H, 1.000E+00,scale, 1.000E-08, 1.000E-01, 1.000E-01,2,5,0,0,1, 5.61000E-03, 1.961048934E-02,2,0,HA10
MGH17_10,3,H, 1.000E+00,scale, 1.000E-08, 1.000E-01, 1.000E-01,2,6,0,0,1, 5.02500E-03, 8.338869492E-03,2,1,HA10
MGH17_10,3,H, 1.000E+00,scale, 1.000E-08, 1.000E-01, 1.000E-01,2,7,0,0,1, 5.04500E-03, 7.824514780E-03,2,2,HA10
MGH17_10,3,H, 1.000E+00,scale, 1.000E-08, 1.000E-01, 1.000E-01,2,8,0,0,41, 1.89578E-01, 2.331102770E-02,42,1,HA10
MGH17_10,3,H, 1.000E+00,scale, 1.000E-08, 1.000E-01, 1.000E-01,2,9,0,0,54, 2.12122E-01, 1.994779937E-02,55,2,HA10
MGH17_10,3,H, 1.000E+00,scale, 1.000E-08, 1.000E-01, 1.000E-01,2,10,0,0,2, 4.61100E-03, 6.534283546E-03,4,2,HA10
MGH17_10,3,H, 1.000E+00,scale, 1.000E-08, 1.000E-01, 1.000E-01,2,1,0,0,179, 6.57504E-01, 2.539732295E-02,180,2,HA100
MGH17_10,3,H, 1.000E+00,scale, 1.000E-08, 1.000E-01, 1.000E-01,2,2,0,0,263, 1.59786E+00, 1.221926312E-02,264,1,HA100
MGH17_10,3,H, 1.000E+00,scale, 1.000E-08, 1.000E-01, 1.000E-01,2,3,0,0,2, 7.52300E-03, 2.933348016E-02,6,1,HA100
MGH17_10,3,H, 1.000E+00,scale, 1.000E-08, 1.000E-01, 1.000E-01,2,4,0,0,1, 6.05600E-03, 1.978787525E-02,2,0,HA100
MGH17_10,3,H, 1.000E+00,scale, 1.000E-08, 1.000E-01, 1.000E-01,2,5,0,0,1, 5.99200E-03, 1.961049178E-02,2,0,HA100
MGH17_10,3,H, 1.000E+00,scale, 1.000E-08, 1.000E-01, 1.000E-01,2,6,0,0,1, 7.91900E-03, 8.338869329E-03,4,1,HA100
MGH17_10,3,H, 1.000E+00,scale, 1.000E-08, 1.000E-01, 1.000E-01,2,7,0,0,1, 6.54900E-03, 7.829747147E-03,2,2,HA100
MGH17_10,3,H, 1.000E+00,scale, 1.000E-08, 1.000E-01, 1.000E-01,2,8,0,0,20, 1.07059E-01, 3.175272380E-02,21,1,HA100
MGH17_10,3,H, 1.000E+00,scale, 1.000E-08, 1.000E-01, 1.000E-01,2,9,0,0,10, 2.84850E-02, 2.364185678E-02,11,1,HA100
MGH17_10,3,H, 1.000E+00,scale, 1.000E-08, 1.000E-01, 1.000E-01,2,10,0,0,2, 9.18900E-03, 5.563278949E-03,9,2,HA100
MGH17_10,3,H, 1.000E+00,clip, 1.000E-08, 1.000E-01, 1.000E-01,2,1,0,0,33, 1.15314E-01, 2.167689466E-02,34,2,Hc1
MGH17_10,3,H, 1.000E+00,clip, 1.000E-08, 1.000E-01, 1.000E-01,2,2,0,0,1, 5.20300E-03, 1.633464709E-02,2,1,Hc1
MGH17_10,3,H, 1.000E+00,clip, 1.000E-08, 1.000E-01, 1.000E-01,2,3,0,0,3, 1.65690E-02, 4.122266797E-02,8,1,Hc1
MGH17_10,3,H, 1.000E+00,clip, 1.000E-08, 1.000E-01, 1.000E-01,2,4,0,0,1, 6.85500E-03, 1.978797882E-02,2,0,Hc1
MGH17_10,3,H, 1.000E+00,clip, 1.000E-08, 1.000E-01, 1.000E-01,2,5,0,0,1, 6.11300E-03, 1.961048639E-02,2,0,Hc1
MGH17_10,3,H, 1.000E+00,clip, 1.000E-08, 1.000E-01, 1.000E-01,2,6,0,0,1, 9.60700E-03, 8.338869130E-03,6,1,Hc1
MGH17_10,3,H, 1.000E+00,clip, 1.000E-08, 1.000E-01, 1.000E-01,2,7,0,0,1, 3.19400E-03, 7.830533500E-03,2,2,Hc1
MGH17_10,3,H, 1.000E+00,clip, 1.000E-08, 1.000E-01, 1.000E-01,2,8,0,0,821, 4.29878E+00, 1.861388917E-02,822,1,Hc1
MGH17_10,3,H, 1.000E+00,clip, 1.000E-08, 1.000E-01, 1.000E-01,2,9,0,0,57, 2.36923E-01, 5.463118471E-02,58,1,Hc1
MGH17_10,3,H, 1.000E+00,clip, 1.000E-08, 1.000E-01, 1.000E-01,2,10,0,0,2, 1.08110E-02, 2.887446023E-02,5,1,Hc1
MGH17_10,3,H, 1.000E+01,clip, 1.000E-08, 1.000E-01, 1.000E-01,2,1,0,0,108, 6.88922E-01, 1.750566323E-02,109,2,Hc10
MGH17_10,3,H, 1.000E+01,clip, 1.000E-08, 1.000E-01, 1.000E-01,2,2,0,0,4418, 2.75982E+01, 1.104473904E-02,4434,1,Hc10
MGH17_10,3,H, 1.000E+01,clip, 1.000E-08, 1.000E-01, 1.000E-01,2,3,1,0,10000, 5.57290E+01, 1.312480838E-02,10005,1,Hc10
MGH17_10,3,H, 1.000E+01,clip, 1.000E-08, 1.000E-01, 1.000E-01,2,4,0,0,1, 6.98500E-03, 1.978779918E-02,2,0,Hc10
MGH17_10,3,H, 1.000E+01,clip, 1.000E-08, 1.000E-01, 1.000E-01,2,5,0,0,1, 7.50300E-03, 1.961048864E-02,2,0,Hc10
MGH17_10,3,H, 1.000E+01,clip, 1.000E-08, 1.000E-01, 1.000E-01,2,6,0,0,1, 7.33500E-03, 8.338869444E-03,3,1,Hc10
MGH17_10,3,H, 1.000E+01,clip, 1.000E-08, 1.000E-01, 1.000E-01,2,7,0,0,1, 7.41700E-03, 7.829950689E-03,2,2,Hc10
MGH17_10,3,H, 1.000E+01,clip, 1.000E-08, 1.000E-01, 1.000E-01,2,8,0,0,7815, 4.08444E+01, 2.450128819E-02,7824,1,Hc10
MGH17_10,3,H, 1.000E+01,clip, 1.000E-08, 1.000E-01, 1.000E-01,2,9,0,0,2, 4.49200E-03, 1.400375116E-02,3,2,Hc10
MGH17_10,3,H, 1.000E+01,clip, 1.000E-08, 1.000E-01, 1.000E-01,2,10,0,0,2, 5.31200E-03, 2.665219459E-02,5,2,Hc10
MGH17_10,3,QN, 1.000E+04,scale, 1.000E-08, 1.000E-01, 1.000E-01,2,1,0,0,649, 2.96015E+00, 1.084715981E-02,650,2,QN
MGH17_10,3,QN, 1.000E+04,scale, 1.000E-08, 1.000E-01, 1.000E-01,2,2,0,0,1, 4.95200E-03, 1.633609517E-02,2,1,QN
MGH17_10,3,QN, 1.000E+04,scale, 1.000E-08, 1.000E-01, 1.000E-01,2,3,0,0,3, 1.17320E-02, 4.124955837E-02,11,1,QN
MGH17_10,3,QN, 1.000E+04,scale, 1.000E-08, 1.000E-01, 1.000E-01,2,4,0,0,1, 4.67600E-03, 1.978796805E-02,2,0,QN
MGH17_10,3,QN, 1.000E+04,scale, 1.000E-08, 1.000E-01, 1.000E-01,2,5,0,0,1, 4.20300E-03, 1.961048596E-02,2,0,QN
MGH17_10,3,QN, 1.000E+04,scale, 1.000E-08, 1.000E-01, 1.000E-01,2,6,0,0,1, 4.42000E-03, 8.338869395E-03,4,1,QN
MGH17_10,3,QN, 1.000E+04,scale, 1.000E-08, 1.000E-01, 1.000E-01,2,7,0,0,1, 4.51000E-04, 7.830533456E-03,2,2,QN
MGH17_10,3,QN, 1.000E+04,scale, 1.000E-08, 1.000E-01, 1.000E-01,2,8,0,0,158, 7.28291E-01, 2.737056565E-02,159,1,QN
MGH17_10,3,QN, 1.000E+04,scale, 1.000E-08, 1.000E-01, 1.000E-01,2,9,0,0,2824, 1.47633E+01, 5.604744405E-02,2825,1,QN
MGH17_10,3,QN, 1.000E+04,scale, 1.000E-08, 1.000E-01, 1.000E-01,2,10,0,0,3, 5.09800E-03, 2.867800659E-02,8,1,QN
Misra1a_05,2,0, 1.000E+00,scale, 1.000E-08, 1.000E-01, 1.000E-01,1,1,0,0,1, 1.86880E-02, 4.796404815E+02,47,1,FO
Misra1a_05,2,0, 1.000E+00,scale, 1.000E-08, 1.000E-01, 1.000E-01,1,2,0,0,1, 2.81340E-02, 6.144635760E+02,94,0,FO
Misra1a_05,2,0, 1.000E+00,scale, 1.000E-08, 1.000E-01, 1.000E-01,1,3,0,1,960, 8.38069E-01, 7.160874478E-02,1171,2,FO
Misra1a_05,2,0, 1.000E+00,scale, 1.000E-08, 1.000E-01, 1.000E-01,1,4,1,1,10000, 9.30244E+01, 1.967314911E+03,440031,0,FO
Misra1a_05,2,0, 1.000E+00,scale, 1.000E-08, 1.000E-01, 1.000E-01,1,5,0,1,8, 3.85650E-02, 8.411250627E-02,156,2,FO
Misra1a_05,2,0, 1.000E+00,scale, 1.000E-08, 1.000E-01, 1.000E-01,1,6,0,0,6863, 5.04292E+00, 6.361502285E-02,7002,2,FO
Misra1a_05,2,0, 1.000E+00,scale, 1.000E-08, 1.000E-01, 1.000E-01,1,7,0,0,1, 1.88110E-02, 6.246156631E+02,73,0,FO
Misra1a_05,2,0, 1.000E+00,scale, 1.000E-08, 1.000E-01, 1.000E-01,1,8,0,0,1, 1.80820E-02, 7.156633983E+02,92,0,FO
Misra1a_05,2,0, 1.000E+00,scale, 1.000E-08, 1.000E-01, 1.000E-01,1,9,0,0,1, 1.86680E-02, 9.098429138E+02,99,0,FO
Misra1a_05,2,0, 1.000E+00,scale, 1.000E-08, 1.000E-01, 1.000E-01,1,10,0,1,8, 3.50290E-02, 8.411250627E-02,156,2,FO
Misra1a_05,2,GN, 1.000E+04,scale, 1.000E-08, 1.000E-01, 1.000E-01,1,1,0,0,1, 2.09670E-02, 4.796404815E+02,47,1,GN
Misra1a_05,2,GN, 1.000E+04,scale, 1.000E-08, 1.000E-01, 1.000E-01,1,2,0,0,1, 2.98760E-02, 6.144635760E+02,94,0,GN
Misra1a_05,2,GN, 1.000E+04,scale, 1.000E-08, 1.000E-01, 1.000E-01,1,3,0,1,962, 9.46296E-01, 7.162604326E-02,1173,2,GN
Misra1a_05,2,GN, 1.000E+04,scale, 1.000E-08, 1.000E-01, 1.000E-01,1,4,1,1,10000, 9.20280E+01, 1.967314911E+03,440031,0,GN
Misra1a_05,2,GN, 1.000E+04,scale, 1.000E-08, 1.000E-01, 1.000E-01,1,5,0,1,8, 3.39290E-02, 8.478750311E-02,156,2,GN
Misra1a_05,2,GN, 1.000E+04,scale, 1.000E-08, 1.000E-01, 1.000E-01,1,6,0,0,9200, 8.00874E+00, 5.304570628E-02,9339,2,GN
Misra1a_05,2,GN, 1.000E+04,scale, 1.000E-08, 1.000E-01, 1.000E-01,1,7,0,0,1, 1.78280E-02, 6.246156631E+02,73,0,GN
Misra1a_05,2,GN, 1.000E+04,scale, 1.000E-08, 1.000E-01, 1.000E-01,1,8,0,0,1, 1.64570E-02, 7.156633983E+02,92,0,GN
Misra1a_05,2,GN, 1.000E+04,scale, 1.000E-08, 1.000E-01, 1.000E-01,1,9,0,0,1, 1.78000E-02, 9.098429138E+02,99,0,GN
Misra1a_05,2,GN, 1.000E+04,scale, 1.000E-08, 1.000E-01, 1.000E-01,1,10,0,1,8, 3.49900E-02, 8.478750311E-02,156,2,GN
Misra1a_05,2,GN, 1.000E+00,scale, 1.000E-08, 1.000E-01, 1.000E-01,1,1,0,0,1, 3.38990E-02, 4.796404815E+02,47,1,GN1
Misra1a_05,2,GN, 1.000E+00,scale, 1.000E-08, 1.000E-01, 1.000E-01,1,2,0,0,1, 5.13860E-02, 6.144635760E+02,94,0,GN1
Misra1a_05,2,GN, 1.000E+00,scale, 1.000E-08, 1.000E-01, 1.000E-01,1,3,0,1,960, 1.11433E+00, 7.160874721E-02,1171,2,GN1
Misra1a_05,2,GN, 1.000E+00,scale, 1.000E-08, 1.000E-01, 1.000E-01,1,4,1,1,10000, 9.34205E+01, 1.967314911E+03,440031,0,GN1
Misra1a_05,2,GN, 1.000E+00,scale, 1.000E-08, 1.000E-01, 1.000E-01,1,5,0,1,8, 3.69380E-02, 8.411257362E-02,156,2,GN1
Misra1a_05,2,GN, 1.000E+00,scale, 1.000E-08, 1.000E-01, 1.000E-01,1,6,0,0,6939, 5.40172E+00, 6.348327168E-02,7078,2,GN1
Misra1a_05,2,GN, 1.000E+00,scale, 1.000E-08, 1.000E-01, 1.000E-01,1,7,0,0,1, 2.00880E-02, 6.246156631E+02,73,0,GN1
Misra1a_05,2,GN, 1.000E+00,scale, 1.000E-08, 1.000E-01, 1.000E-01,1,8,0,0,1, 1.94160E-02, 7.156633983E+02,92,0,GN1
Misra1a_05,2,GN, 1.000E+00,scale, 1.000E-08, 1.000E-01, 1.000E-01,1,9,0,0,1, 1.99200E-02, 9.098429138E+02,99,0,GN1
Misra1a_05,2,GN, 1.000E+00,scale, 1.000E-08, 1.000E-01, 1.000E-01,1,10,0,1,8, 3.94030E-02, 8.411257362E-02,156,2,GN1
Misra1a_05,2,H, 1.000E+04,scale, 1.000E-08, 1.000E-01, 1.000E-01,1,1,0,0,1, 2.03830E-02, 4.796404815E+02,47,1,H
Misra1a_05,2,H, 1.000E+04,scale, 1.000E-08, 1.000E-01, 1.000E-01,1,2,0,0,1, 2.94280E-02, 6.144635760E+02,94,0,H
Misra1a_05,2,H, 1.000E+04,scale, 1.000E-08, 1.000E-01, 1.000E-01,1,3,0,1,961, 1.02059E+00, 7.162476678E-02,1172,2,H
Misra1a_05,2,H, 1.000E+04,scale, 1.000E-08, 1.000E-01, 1.000E-01,1,4,1,1,10000, 9.46118E+01, 1.967314911E+03,440031,0,H
Misra1a_05,2,H, 1.000E+04,scale, 1.000E-08, 1.000E-01, 1.000E-01,1,5,0,1,8, 3.46560E-02, 8.479169681E-02,156,2,H
Misra1a_05,2,H, 1.000E+04,scale, 1.000E-08, 1.000E-01, 1.000E-01,1,6,0,0,9288, 8.26786E+00, 5.264666795E-02,9427,2,H
Misra1a_05,2,H, 1.000E+04,scale, 1.000E-08, 1.000E-01, 1.000E-01,1,7,0,0,1, 2.02940E-02, 6.246156631E+02,73,0,H
Misra1a_05,2,H, 1.000E+04,scale, 1.000E-08, 1.000E-01, 1.000E-01,1,8,0,0,1, 2.05540E-02, 7.156633983E+02,92,0,H
Misra1a_05,2,H, 1.000E+04,scale, 1.000E-08, 1.000E-01, 1.000E-01,1,9,0,0,1, 2.04800E-02, 9.098429138E+02,99,0,H
Misra1a_05,2,H, 1.000E+04,scale, 1.000E-08, 1.000E-01, 1.000E-01,1,10,0,1,8, 3.85320E-02, 8.479169681E-02,156,2,H
Misra1a_05,2,H, 1.000E-01,scale, 1.000E-08, 1.000E-01, 1.000E-01,1,1,0,0,1, 3.28620E-02, 4.796404815E+02,47,1,H0.1
Misra1a_05,2,H, 1.000E-01,scale, 1.000E-08, 1.000E-01, 1.000E-01,1,2,0,0,1, 5.08200E-02, 6.144635760E+02,94,0,H0.1
Misra1a_05,2,H, 1.000E-01,scale, 1.000E-08, 1.000E-01, 1.000E-01,1,3,0,1,960, 1.75932E+00, 7.160874498E-02,1171,2,H0.1
Misra1a_05,2,H, 1.000E-01,scale, 1.000E-08, 1.000E-01, 1.000E-01,1,4,0,0,3, 5.73770E-02, 2.049650011E+02,85,1,H0.1
Misra1a_05,2,H, 1.000E-01,scale, 1.000E-08, 1.000E-01, 1.000E-01,1,5,0,1,8, 7.75340E-02, 8.411251305E-02,156,2,H0.1
Misra1a_05,2,H, 1.000E-01,scale, 1.000E-08, 1.000E-01, 1.000E-01,1,6,0,0,6954, 6.95808E+00, 6.331815631E-02,7093,2,H0.1
Misra1a_05,2,H, 1.000E-01,scale, 1.000E-08, 1.000E-01, 1.000E-01,1,7,0,0,1, 2.22180E-02, 6.246156631E+02,73,0,H0.1
Misra1a_05,2,H, 1.000E-01,scale, 1.000E-08, 1.000E-01, 1.000E-01,1,8,0,0,1, 2.10650E-02, 7.156633983E+02,92,0,H0.1
Misra1a_05,2,H, 1.000E-01,scale, 1.000E-08, 1.000E-01, 1.000E-01,1,9,0,0,1, 2.13700E-02, 9.098429138E+02,99,0,H0.1
Misra1a_05,2,H, 1.000E-01,scale, 1.000E-08, 1.000E-01, 1.000E-01,1,10,0,1,8, 4.49170E-02, 8.411251305E-02,156,2,H0.1
Misra1a_05,2,H, 1.000E+00,scale, 1.000E-08, 1.000E-01, 1.000E-01,1,1,0,0,1, 1.92730E-02, 4.796404815E+02,47,1,H1
Misra1a_05,2,H, 1.000E+00,scale, 1.000E-08, 1.000E-01, 1.000E-01,1,2,0,0,1, 2.79200E-02, 6.144635760E+02,94,0,H1
Misra1a_05,2,H, 1.000E+00,scale, 1.000E-08, 1.000E-01, 1.000E-01,1,3,0,1,960, 8.50473E-01, 7.160874673E-02,1171,2,H1
Misra1a_05,2,H, 1.000E+00,scale, 1.000E-08, 1.000E-01, 1.000E-01,1,4,1,1,10000, 9.40077E+01, 1.967314911E+03,440031,0,H1
Misra1a_05,2,H, 1.000E+00,scale, 1.000E-08, 1.000E-01, 1.000E-01,1,5,0,1,8, 3.44230E-02, 8.411257406E-02,156,2,H1
Misra1a_05,2,H, 1.000E+00,scale, 1.000E-08, 1.000E-01, 1.000E-01,1,6,0,0,6961, 5.34805E+00, 6.335085121E-02,7100,2,H1
Misra1a_05,2,H, 1.000E+00,scale, 1.000E-08, 1.000E-01, 1.000E-01,1,7,0,0,1, 1.94770E-02, 6.246156631E+02,73,0,H1
Misra1a_05,2,H, 1.000E+00,scale, 1.000E-08, 1.000E-01, 1.000E-01,1,8,0,0,1, 1.84640E-02, 7.156633983E+02,92,0,H1
Misra1a_05,2,H, 1.000E+00,scale, 1.000E-08, 1.000E-01, 1.000E-01,1,9,0,0,1, 1.90960E-02, 9.098429138E+02,99,0,H1
Misra1a_05,2,H, 1.000E+00,scale, 1.000E-08, 1.000E-01, 1.000E-01,1,10,0,1,8, 3.54810E-02, 8.411257406E-02,156,2,H1
Misra1a_05,2,H, 1.000E+01,scale, 1.000E-08, 1.000E-01, 1.000E-01,1,1,0,0,1, 2.07490E-02, 4.796404815E+02,47,1,H10
Misra1a_05,2,H, 1.000E+01,scale, 1.000E-08, 1.000E-01, 1.000E-01,1,2,0,0,1, 3.14540E-02, 6.144635760E+02,94,0,H10
Misra1a_05,2,H, 1.000E+01,scale, 1.000E-08, 1.000E-01, 1.000E-01,1,3,0,1,960, 8.75754E-01, 7.160876428E-02,1171,2,H10
Misra1a_05,2,H, 1.000E+01,scale, 1.000E-08, 1.000E-01, 1.000E-01,1,4,1,1,10000, 9.59536E+01, 1.967314911E+03,440031,0,H10
Misra1a_05,2,H, 1.000E+01,scale, 1.000E-08, 1.000E-01, 1.000E-01,1,5,0,1,8, 3.48760E-02, 8.411318408E-02,156,2,H10
Misra1a_05,2,H, 1.000E+01,scale, 1.000E-08, 1.000E-01, 1.000E-01,1,6,0,0,6715, 4.94096E+00, 6.432691057E-02,6854,2,H10
Misra1a_05,2,H, 1.000E+01,scale, 1.000E-08, 1.000E-01, 1.000E-01,1,7,0,0,1, 2.11780E-02, 6.246156631E+02,73,0,H10
Misra1a_05,2,H, 1.000E+01,scale, 1.000E-08, 1.000E-01, 1.000E-01,1,8,0,0,1, 2.16380E-02, 7.156633983E+02,92,0,H10
Misra1a_05,2,H, 1.000E+01,scale, 1.000E-08, 1.000E-01, 1.000E-01,1,9,0,0,1, 2.26110E-02, 9.098429138E+02,99,0,H10
Misra1a_05,2,H, 1.000E+01,scale, 1.000E-08, 1.000E-01, 1.000E-01,1,10,0,1,8, 4.13860E-02, 8.411318408E-02,156,2,H10
Misra1a_05,2,H, 1.000E+02,scale, 1.000E-08, 1.000E-01, 1.000E-01,1,1,0,0,1, 2.42730E-02, 4.796404815E+02,47,1,H100
Misra1a_05,2,H, 1.000E+02,scale, 1.000E-08, 1.000E-01, 1.000E-01,1,2,0,0,1, 3.27360E-02, 6.144635760E+02,94,0,H100
Misra1a_05,2,H, 1.000E+02,scale, 1.000E-08, 1.000E-01, 1.000E-01,1,3,0,1,960, 1.01382E+00, 7.160893989E-02,1171,2,H100
Misra1a_05,2,H, 1.000E+02,scale, 1.000E-08, 1.000E-01, 1.000E-01,1,4,1,1,10000, 9.44449E+01, 1.967314911E+03,440031,0,H100
Misra1a_05,2,H, 1.000E+02,scale, 1.000E-08, 1.000E-01, 1.000E-01,1,5,0,1,8, 3.28740E-02, 8.411928423E-02,156,2,H100
Misra1a_05,2,H, 1.000E+02,scale, 1.000E-08, 1.000E-01, 1.000E-01,1,6,0,0,6881, 5.25123E+00, 6.349279205E-02,7020,2,H100
Misra1a_05,2,H, 1.000E+02,scale, 1.000E-08, 1.000E-01, 1.000E-01,1,7,0,0,1, 1.89820E-02, 6.246156631E+02,73,0,H100
Misra1a_05,2,H, 1.000E+02,scale, 1.000E-08, 1.000E-01, 1.000E-01,1,8,0,0,1, 1.64250E-02, 7.156633983E+02,92,0,H100
Misra1a_05,2,H, 1.000E+02,scale, 1.000E-08, 1.000E-01, 1.000E-01,1,9,0,0,1, 1.95320E-02, 9.098429138E+02,99,0,H100
Misra1a_05,2,H, 1.000E+02,scale, 1.000E-08, 1.000E-01, 1.000E-01,1,10,0,1,8, 3.50610E-02, 8.411928423E-02,156,2,H100
Misra1a_05,2,H, 1.000E+00,scale, 1.000E-08, 1.000E-01, 1.000E-01,1,1,0,1,31, 1.54366E-01, 2.936259577E-02,318,2,HA1
Misra1a_05,2,H, 1.000E+00,scale, 1.000E-08, 1.000E-01, 1.000E-01,1,2,1,0,10000, 5.92359E+00, 5.510171890E-02,10087,2,HA1
Misra1a_05,2,H, 1.000E+00,scale, 1.000E-08, 1.000E-01, 1.000E-01,1,3,0,1,13, 8.41330E-02, 9.052180771E-02,238,2,HA1
Misra1a_05,2,H, 1.000E+00,scale, 1.000E-08, 1.000E-01, 1.000E-01,1,4,0,1,31, 9.92180E-02, 2.936259577E-02,318,2,HA1
Misra1a_05,2,H, 1.000E+00,scale, 1.000E-08, 1.000E-01, 1.000E-01,1,5,0,1,31, 1.43364E-01, 2.936259577E-02,318,2,HA1
Misra1a_05,2,H, 1.000E+00,scale, 1.000E-08, 1.000E-01, 1.000E-01,1,6,0,2,16, 1.05880E-01, 5.205711170E-02,372,2,HA1
Misra1a_05,2,H, 1.000E+00,scale, 1.000E-08, 1.000E-01, 1.000E-01,1,7,0,1,13, 3.86948E-01, 2.000993539E+03,1109,0,HA1
Misra1a_05,2,H, 1.000E+00,scale, 1.000E-08, 1.000E-01, 1.000E-01,1,8,0,1,32, 1.47401E-01, 2.936259577E-02,336,2,HA1
Misra1a_05,2,H, 1.000E+00,scale, 1.000E-08, 1.000E-01, 1.000E-01,1,9,0,0,2, 5.86180E-02, 9.098429138E+02,101,0,HA1
Misra1a_05,2,H, 1.000E+00,scale, 1.000E-08, 1.000E-01, 1.000E-01,1,10,1,0,10000, 7.35066E+00, 5.355199977E-02,10087,2,HA1
Misra1a_05,2,H, 1.000E+00,scale, 1.000E-08, 1.000E-01, 1.000E-01,1,1,1,0,10000, 4.62212E+00, 7.489640381E-02,10123,2,HA10
Misra1a_05,2,H, 1.000E+00,scale, 1.000E-08, 1.000E-01, 1.000E-01,1,2,0,0,8043, 4.06358E+00, 7.274511048E-02,8126,2,HA10
Misra1a_05,2,H, 1.000E+00,scale, 1.000E-08, 1.000E-01, 1.000E-01,1,3,0,0,6498, 4.72909E+00, 6.498879950E-02,6624,2,HA10
Misra1a_05,2,H, 1.000E+00,scale, 1.000E-08, 1.000E-01, 1.000E-01,1,4,1,0,10000, 3.78044E+00, 7.299309973E-02,10086,2,HA10
Misra1a_05,2,H, 1.000E+00,scale, 1.000E-08, 1.000E-01, 1.000E-01,1,5,0,0,8554, 5.40009E+00, 6.534080682E-02,8711,2,HA10
Misra1a_05,2,H, 1.000E+00,scale, 1.000E-08, 1.000E-01, 1.000E-01,1,6,0,0,6160, 4.22792E+00, 6.750048282E-02,6352,2,HA10
Misra1a_05,2,H, 1.000E+00,scale, 1.000E-08, 1.000E-01, 1.000E-01,1,7,0,1,9263, 5.53925E+00, 6.492243735E-02,9515,2,HA10
Misra1a_05,2,H, 1.000E+00,scale, 1.000E-08, 1.000E-01, 1.000E-01,1,8,0,0,9340, 5.68196E+00, 6.462586418E-02,9443,2,HA10
Misra1a_05,2,H, 1.000E+00,scale, 1.000E-08, 1.000E-01, 1.000E-01,1,9,0,0,5625, 1.62323E+00, 1.000155122E-01,5744,2,HA10
Misra1a_05,2,H, 1.000E+00,scale, 1.000E-08, 1.000E-01, 1.000E-01,1,10,0,0,4508, 2.00858E+00, 1.000449196E-01,4591,2,HA10
Misra1a_05,2,H, 1.000E+00,scale, 1.000E-08, 1.000E-01, 1.000E-01,1,1,1,0,10000, 2.83378E+00, 6.060891500E-02,10064,2,HA100
Misra1a_05,2,H, 1.000E+00,scale, 1.000E-08, 1.000E-01, 1.000E-01,1,2,0,0,5871, 1.49518E+00, 1.000410963E-01,6059,2,HA100
Misra1a_05,2,H, 1.000E+00,scale, 1.000E-08, 1.000E-01, 1.000E-01,1,3,0,0,6217, 4.44868E+00, 6.569251527E-02,6298,2,HA100
Misra1a_05,2,H, 1.000E+00,scale, 1.000E-08, 1.000E-01, 1.000E-01,1,4,0,0,8400, 2.53661E+00, 1.000074344E-01,8524,2,HA100
Misra1a_05,2,H, 1.000E+00,scale, 1.000E-08, 1.000E-01, 1.000E-01,1,5,0,0,8176, 4.96435E+00, 6.677158882E-02,8354,2,HA100
Misra1a_05,2,H, 1.000E+00,scale, 1.000E-08, 1.000E-01, 1.000E-01,1,6,0,0,6677, 4.93279E+00, 6.472749710E-02,6740,2,HA100
Misra1a_05,2,H, 1.000E+00,scale, 1.000E-08, 1.000E-01, 1.000E-01,1,7,0,0,5895, 1.71789E+00, 1.002494605E-01,6111,2,HA100
Misra1a_05,2,H, 1.000E+00,scale, 1.000E-08, 1.000E-01, 1.000E-01,1,8,0,0,5875, 1.63054E+00, 1.001992684E-01,6034,2,HA100
Misra1a_05,2,H, 1.000E+00,scale, 1.000E-08, 1.000E-01, 1.000E-01,1,9,1,0,10000, 5.17614E+00, 4.452910083E-02,10139,2,HA100
Misra1a_05,2,H, 1.000E+00,scale, 1.000E-08, 1.000E-01, 1.000E-01,1,10,1,0,10000, 7.05767E+00, 5.082867061E-02,10129,2,HA100
Misra1a_05,2,H, 1.000E+00,clip, 1.000E-08, 1.000E-01, 1.000E-01,1,1,0,0,1, 3.17390E-02, 4.796404815E+02,47,1,Hc1
Misra1a_05,2,H, 1.000E+00,clip, 1.000E-08, 1.000E-01, 1.000E-01,1,2,0,0,1, 4.34470E-02, 6.144635760E+02,94,0,Hc1
Misra1a_05,2,H, 1.000E+00,clip, 1.000E-08, 1.000E-01, 1.000E-01,1,3,0,1,1691, 6.43163E-01, 9.399808778E-02,1808,2,Hc1
Misra1a_05,2,H, 1.000E+00,clip, 1.000E-08, 1.000E-01, 1.000E-01,1,4,1,1,10000, 9.49164E+01, 1.967314911E+03,440031,0,Hc1
Misra1a_05,2,H, 1.000E+00,clip, 1.000E-08, 1.000E-01, 1.000E-01,1,5,0,1,8, 3.62410E-02, 8.411303142E-02,156,2,Hc1
Misra1a_05,2,H, 1.000E+00,clip, 1.000E-08, 1.000E-01, 1.000E-01,1,6,0,0,7025, 5.61058E+00, 6.295674235E-02,7164,2,Hc1
Misra1a_05,2,H, 1.000E+00,clip, 1.000E-08, 1.000E-01, 1.000E-01,1,7,0,0,1, 1.88590E-02, 6.246156631E+02,73,0,Hc1
Misra1a_05,2,H, 1.000E+00,clip, 1.000E-08, 1.000E-01, 1.000E-01,1,8,0,0,1, 1.76930E-02, 7.156633983E+02,92,0,Hc1
Misra1a_05,2,H, 1.000E+00,clip, 1.000E-08, 1.000E-01, 1.000E-01,1,9,0,0,1, 1.88130E-02, 9.098429138E+02,99,0,Hc1
Misra1a_05,2,H, 1.000E+00,clip, 1.000E-08, 1.000E-01, 1.000E-01,1,10,0,1,8, 3.62760E-02, 8.411303142E-02,156,2,Hc1
Misra1a_05,2,H, 1.000E+01,clip, 1.000E-08, 1.000E-01, 1.000E-01,1,1,0,0,1, 4.02310E-02, 4.796404815E+02,47,1,Hc10
Misra1a_05,2,H, 1.000E+01,clip, 1.000E-08, 1.000E-01, 1.000E-01,1,2,0,0,1, 5.69900E-02, 6.144635760E+02,94,0,Hc10
Misra1a_05,2,H, 1.000E+01,clip, 1.000E-08, 1.000E-01, 1.000E-01,1,3,0,1,1694, 8.18713E-01, 9.397564800E-02,1811,2,Hc10
Misra1a_05,2,H, 1.000E+01,clip, 1.000E-08, 1.000E-01, 1.000E-01,1,4,1,1,10000, 9.64434E+01, 1.967314911E+03,440031,0,Hc10
Misra1a_05,2,H, 1.000E+01,clip, 1.000E-08, 1.000E-01, 1.000E-01,1,5,0,1,8, 3.38630E-02, 8.411364144E-02,156,2,Hc10
Misra1a_05,2,H, 1.000E+01,clip, 1.000E-08, 1.000E-01, 1.000E-01,1,6,0,0,6863, 5.03451E+00, 6.370687295E-02,7002,2,Hc10
Misra1a_05,2,H, 1.000E+01,clip, 1.000E-08, 1.000E-01, 1.000E-01,1,7,0,0,1, 1.74580E-02, 6.246156631E+02,73,0,Hc10
Misra1a_05,2,H, 1.000E+01,clip, 1.000E-08, 1.000E-01, 1.000E-01,1,8,0,0,1, 1.68820E-02, 7.156633983E+02,92,0,Hc10
Misra1a_05,2,H, 1.000E+01,clip, 1.000E-08, 1.000E-01, 1.000E-01,1,9,0,0,1, 1.81800E-02, 9.098429138E+02,99,0,Hc10
Misra1a_05,2,H, 1.000E+01,clip, 1.000E-08, 1.000E-01, 1.000E-01,1,10,0,1,8, 3.26010E-02, 8.411364144E-02,156,2,Hc10
Misra1a_05,2,QN, 1.000E+04,scale, 1.000E-08, 1.000E-01, 1.000E-01,1,1,0,0,1, 2.05630E-02, 4.796404815E+02,47,1,QN
Misra1a_05,2,QN, 1.000E+04,scale, 1.000E-08, 1.000E-01, 1.000E-01,1,2,0,0,1, 2.94200E-02, 6.144635760E+02,94,0,QN
Misra1a_05,2,QN, 1.000E+04,scale, 1.000E-08, 1.000E-01, 1.000E-01,1,3,0,1,960, 9.66932E-01, 7.163016001E-02,1171,2,QN
Misra1a_05,2,QN, 1.000E+04,scale, 1.000E-08, 1.000E-01, 1.000E-01,1,4,1,1,10000, 9.42688E+01, 1.967314911E+03,440031,0,QN
Misra1a_05,2,QN, 1.000E+04,scale, 1.000E-08, 1.000E-01, 1.000E-01,1,5,0,1,8, 3.47860E-02, 8.570564518E-02,156,2,QN
Misra1a_05,2,QN, 1.000E+04,scale, 1.000E-08, 1.000E-01, 1.000E-01,1,6,0,0,9671, 8.17607E+00, 5.093386239E-02,9810,2,QN
Misra1a_05,2,QN, 1.000E+04,scale, 1.000E-08, 1.000E-01, 1.000E-01,1,7,0,0,1, 1.82560E-02, 6.246156631E+02,73,0,QN
Misra1a_05,2,QN, 1.000E+04,scale, 1.000E-08, 1.000E-01, 1.000E-01,1,8,0,0,1, 1.77060E-02, 7.156633983E+02,92,0,QN
Misra1a_05,2,QN, 1.000E+04,scale, 1.000E-08, 1.000E-01, 1.000E-01,1,9,0,0,1, 1.86220E-02, 9.098429138E+02,99,0,QN
Misra1a_05,2,QN, 1.000E+04,scale, 1.000E-08, 1.000E-01, 1.000E-01,1,10,0,1,8, 3.53380E-02, 8.566915252E-02,156,2,QN
Misra1a_05,2,0, 1.000E+00,scale, 1.000E-08, 1.000E-01, 1.000E-01,2,1,0,0,1807, 7.47104E-01, 1.000844973E-01,1972,2,FO
Misra1a_05,2,0, 1.000E+00,scale, 1.000E-08, 1.000E-01, 1.000E-01,2,2,0,0,2799, 1.35701E+00, 4.271533350E-02,2848,2,FO
Misra1a_05,2,0, 1.000E+00,scale, 1.000E-08, 1.000E-01, 1.000E-01,2,3,0,0,1511, 9.20600E-01, 1.000102449E-01,1624,2,FO
Misra1a_05,2,0, 1.000E+00,scale, 1.000E-08, 1.000E-01, 1.000E-01,2,4,0,0,3006, 1.32179E+00, 5.661977429E-02,3137,2,FO
Misra1a_05,2,0, 1.000E+00,scale, 1.000E-08, 1.000E-01, 1.000E-01,2,5,0,0,964, 2.99465E-01, 9.999894061E-02,1029,2,FO
Misra1a_05,2,0, 1.000E+00,scale, 1.000E-08, 1.000E-01, 1.000E-01,2,6,0,1,2256, 2.25483E+00, 7.512844587E-02,2421,2,FO
Misra1a_05,2,0, 1.000E+00,scale, 1.000E-08, 1.000E-01, 1.000E-01,2,7,0,0,4722, 4.82398E+00, 4.368673574E-02,4770,2,FO
Misra1a_05,2,0, 1.000E+00,scale, 1.000E-08, 1.000E-01, 1.000E-01,2,8,0,0,2889, 1.31324E+00, 5.373040859E-02,3003,2,FO
Misra1a_05,2,0, 1.000E+00,scale, 1.000E-08, 1.000E-01, 1.000E-01,2,9,0,0,593, 2.25835E-01, 1.001553874E-01,643,2,FO
Misra1a_05,2,0, 1.000E+00,scale, 1.000E-08, 1.000E-01, 1.000E-01,2,10,0,1,1020, 3.26459E-01, 9.997807880E-02,1232,2,FO
Misra1a_05,2,GN, 1.000E+04,scale, 1.000E-08, 1.000E-01, 1.000E-01,2,1,0,0,1805, 6.98155E-01, 1.000927270E-01,1970,2,GN
Misra1a_05,2,GN, 1.000E+04,scale, 1.000E-08, 1.000E-01, 1.000E-01,2,2,0,0,2801, 7.32699E-01, 4.271374332E-02,2850,2,GN
Misra1a_05,2,GN, 1.000E+04,scale, 1.000E-08, 1.000E-01, 1.000E-01,2,3,0,0,1511, 7.04290E-01, 1.000095683E-01,1624,2,GN
Misra1a_05,2,GN, 1.000E+04,scale, 1.000E-08, 1.000E-01, 1.000E-01,2,4,0,0,3007, 8.33435E-01, 5.669933055E-02,3138,2,GN
Misra1a_05,2,GN, 1.000E+04,scale, 1.000E-08, 1.000E-01, 1.000E-01,2,5,0,0,966, 3.38838E-01, 9.998573210E-02,1031,2,GN
Misra1a_05,2,GN, 1.000E+04,scale, 1.000E-08, 1.000E-01, 1.000E-01,2,6,0,1,2257, 2.49977E+00, 7.511790586E-02,2422,2,GN
Misra1a_05,2,GN, 1.000E+04,scale, 1.000E-08, 1.000E-01, 1.000E-01,2,7,0,0,4724, 5.25974E+00, 4.368375786E-02,4772,2,GN
Misra1a_05,2,GN, 1.000E+04,scale, 1.000E-08, 1.000E-01, 1.000E-01,2,8,0,0,2891, 7.98296E-01, 5.374554363E-02,3005,2,GN
Misra1a_05,2,GN, 1.000E+04,scale, 1.000E-08, 1.000E-01, 1.000E-01,2,9,0,0,593, 2.57162E-01, 1.001531055E-01,643,2,GN
Misra1a_05,2,GN, 1.000E+04,scale, 1.000E-08, 1.000E-01, 1.000E-01,2,10,0,1,1017, 3.56963E-01, 1.000123006E-01,1197,2,GN
Misra1a_05,2,GN, 1.000E+00,scale, 1.000E-08, 1.000E-01, 1.000E-01,2,1,0,0,1805, 8.16497E-01, 1.000841051E-01,1970,2,GN1
Misra1a_05,2,GN, 1.000E+00,scale, 1.000E-08, 1.000E-01, 1.000E-01,2,2,0,0,2799, 1.27517E+00, 4.271491752E-02,2848,2,GN1
Misra1a_05,2,GN, 1.000E+00,scale, 1.000E-08, 1.000E-01, 1.000E-01,2,3,0,0,1511, 6.89786E-01, 1.000107778E-01,1624,2,GN1
Misra1a_05,2,GN, 1.000E+00,scale, 1.000E-08, 1.000E-01, 1.000E-01,2,4,0,1,3009, 1.44266E+00, 5.662861727E-02,3303,2,GN1
Misra1a_05,2,GN, 1.000E+00,scale, 1.000E-08, 1.000E-01, 1.000E-01,2,5,0,0,966, 2.99491E-01, 9.998651712E-02,1031,2,GN1
Misra1a_05,2,GN, 1.000E+00,scale, 1.000E-08, 1.000E-01, 1.000E-01,2,6,0,1,2256, 2.26158E+00, 7.512844610E-02,2421,2,GN1
Misra1a_05,2,GN, 1.000E+00,scale, 1.000E-08, 1.000E-01, 1.000E-01,2,7,0,0,4722, 4.80594E+00, 4.368673578E-02,4770,2,GN1
Misra1a_05,2,GN, 1.000E+00,scale, 1.000E-08, 1.000E-01, 1.000E-01,2,8,0,0,2889, 1.68455E+00, 5.373541822E-02,3003,2,GN1
Misra1a_05,2,GN, 1.000E+00,scale, 1.000E-08, 1.000E-01, 1.000E-01,2,9,0,0,593, 2.26592E-01, 1.001550816E-01,643,2,GN1
Misra1a_05,2,GN, 1.000E+00,scale, 1.000E-08, 1.000E-01, 1.000E-01,2,10,0,0,1268, 6.81037E-01, 1.001271561E-01,1365,2,GN1
Misra1a_05,2,H, 1.000E+04,scale, 1.000E-08, 1.000E-01, 1.000E-01,2,1,0,0,1794, 7.02290E-01, 1.000943417E-01,1959,2,H
Misra1a_05,2,H, 1.000E+04,scale, 1.000E-08, 1.000E-01, 1.000E-01,2,2,0,0,2801, 7.51526E-01, 4.271375466E-02,2850,2,H
Misra1a_05,2,H, 1.000E+04,scale, 1.000E-08, 1.000E-01, 1.000E-01,2,3,0,0,1511, 7.18803E-01, 1.000095696E-01,1624,2,H
Misra1a_05,2,H, 1.000E+04,scale, 1.000E-08, 1.000E-01, 1.000E-01,2,4,0,0,3007, 8.89218E-01, 5.669997622E-02,3138,2,H
Misra1a_05,2,H, 1.000E+04,scale, 1.000E-08, 1.000E-01, 1.000E-01,2,5,0,0,966, 3.40720E-01, 9.998578689E-02,1031,2,H
Misra1a_05,2,H, 1.000E+04,scale, 1.000E-08, 1.000E-01, 1.000E-01,2,6,0,1,2258, 2.65316E+00, 7.510817578E-02,2423,2,H
Misra1a_05,2,H, 1.000E+04,scale, 1.000E-08, 1.000E-01, 1.000E-01,2,7,0,0,4724, 5.79281E+00, 4.368375791E-02,4772,2,H
Misra1a_05,2,H, 1.000E+04,scale, 1.000E-08, 1.000E-01, 1.000E-01,2,8,0,0,2891, 8.58870E-01, 5.372870407E-02,3005,2,H
Misra1a_05,2,H, 1.000E+04,scale, 1.000E-08, 1.000E-01, 1.000E-01,2,9,0,0,593, 2.72825E-01, 1.001531061E-01,643,2,H
Misra1a_05,2,H, 1.000E+04,scale, 1.000E-08, 1.000E-01, 1.000E-01,2,10,0,2,1132, 3.97356E-01, 1.000306410E-01,1363,2,H
Misra1a_05,2,H, 1.000E-01,scale, 1.000E-08, 1.000E-01, 1.000E-01,2,1,0,0,1855, 7.80010E-01, 1.000463262E-01,2020,2,H0.1
Misra1a_05,2,H, 1.000E-01,scale, 1.000E-08, 1.000E-01, 1.000E-01,2,2,0,0,2799, 1.27726E+00, 4.272858365E-02,2848,2,H0.1
Misra1a_05,2,H, 1.000E-01,scale, 1.000E-08, 1.000E-01, 1.000E-01,2,3,0,0,1511, 6.98500E-01, 1.000102465E-01,1624,2,H0.1
Misra1a_05,2,H, 1.000E-01,scale, 1.000E-08, 1.000E-01, 1.000E-01,2,4,0,0,3005, 1.36442E+00, 5.670416051E-02,3136,2,H0.1
Misra1a_05,2,H, 1.000E-01,scale, 1.000E-08, 1.000E-01, 1.000E-01,2,5,0,0,964, 3.06002E-01, 9.999470036E-02,1029,2,H0.1
Misra1a_05,2,H, 1.000E-01,scale, 1.000E-08, 1.000E-01, 1.000E-01,2,6,0,1,2256, 2.28717E+00, 7.512844588E-02,2421,2,H0.1
Misra1a_05,2,H, 1.000E-01,scale, 1.000E-08, 1.000E-01, 1.000E-01,2,7,0,0,4722, 4.84894E+00, 4.368673587E-02,4770,2,H0.1
Misra1a_05,2,H, 1.000E-01,scale, 1.000E-08, 1.000E-01, 1.000E-01,2,8,0,0,2889, 1.63109E+00, 5.368311966E-02,3003,2,H0.1
Misra1a_05,2,H, 1.000E-01,scale, 1.000E-08, 1.000E-01, 1.000E-01,2,9,0,0,593, 2.27477E-01, 1.001550818E-01,643,2,H0.1
Misra1a_05,2,H, 1.000E-01,scale, 1.000E-08, 1.000E-01, 1.000E-01,2,10,0,0,1268, 6.90141E-01, 1.001269189E-01,1365,2,H0.1
Misra1a_05,2,H, 1.000E+00,scale, 1.000E-08, 1.000E-01, 1.000E-01,2,1,0,0,1776, 6.84643E-01, 1.001224288E-01,1941,2,H1
Misra1a_05,2,H, 1.000E+00,scale, 1.000E-08, 1.000E-01, 1.000E-01,2,2,0,0,2799, 1.29441E+00, 4.271491467E-02,2848,2,H1
Misra1a_05,2,H, 1.000E+00,scale, 1.000E-08, 1.000E-01, 1.000E-01,2,3,0,0,1511, 6.85651E-01, 1.000102445E-01,1624,2,H1
Misra1a_05,2,H, 1.000E+00,scale, 1.000E-08, 1.000E-01, 1.000E-01,2,4,0,0,3005, 1.38546E+00, 5.670358663E-02,3136,2,H1
Misra1a_05,2,H, 1.000E+00,scale, 1.000E-08, 1.000E-01, 1.000E-01,2,5,0,0,964, 2.99125E-01, 9.999092642E-02,1029,2,H1
Misra1a_05,2,H, 1.000E+00,scale, 1.000E-08, 1.000E-01, 1.000E-01,2,6,0,1,2256, 2.40882E+00, 7.512844617E-02,2421,2,H1
Misra1a_05,2,H, 1.000E+00,scale, 1.000E-08, 1.000E-01, 1.000E-01,2,7,0,0,4722, 4.65971E+00, 4.368673573E-02,4770,2,H1
Misra1a_05,2,H, 1.000E+00,scale, 1.000E-08, 1.000E-01, 1.000E-01,2,8,0,0,2889, 1.37689E+00, 5.373539931E-02,3003,2,H1
Misra1a_05,2,H, 1.000E+00,scale, 1.000E-08, 1.000E-01, 1.000E-01,2,9,0,0,593, 2.40566E-01, 1.001550816E-01,643,2,H1
Misra1a_05,2,H, 1.000E+00,scale, 1.000E-08, 1.000E-01, 1.000E-01,2,10,0,0,1268, 6.87291E-01, 1.001269209E-01,1365,2,H1
Misra1a_05,2,H, 1.000E+01,scale, 1.000E-08, 1.000E-01, 1.000E-01,2,1,0,0,1819, 7.33066E-01, 1.000779588E-01,1984,2,H10
Misra1a_05,2,H, 1.000E+01,scale, 1.000E-08, 1.000E-01, 1.000E-01,2,2,0,1,2842, 6.74485E-01, 4.384989601E-02,3086,2,H10
Misra1a_05,2,H, 1.000E+01,scale, 1.000E-08, 1.000E-01, 1.000E-01,2,3,0,0,1513, 7.00413E-01, 1.000033105E-01,1626,2,H10
Misra1a_05,2,H, 1.000E+01,scale, 1.000E-08, 1.000E-01, 1.000E-01,2,4,0,0,3005, 7.61925E-01, 5.671078037E-02,3136,2,H10
Misra1a_05,2,H, 1.000E+01,scale, 1.000E-08, 1.000E-01, 1.000E-01,2,5,0,0,966, 3.04816E-01, 9.998669164E-02,1031,2,H10
Misra1a_05,2,H, 1.000E+01,scale, 1.000E-08, 1.000E-01, 1.000E-01,2,6,0,1,2256, 2.29268E+00, 7.512844676E-02,2421,2,H10
Misra1a_05,2,H, 1.000E+01,scale, 1.000E-08, 1.000E-01, 1.000E-01,2,7,0,0,4722, 4.78505E+00, 4.368673599E-02,4770,2,H10
Misra1a_05,2,H, 1.000E+01,scale, 1.000E-08, 1.000E-01, 1.000E-01,2,8,0,0,2889, 7.36239E-01, 5.372889374E-02,3003,2,H10
Misra1a_05,2,H, 1.000E+01,scale, 1.000E-08, 1.000E-01, 1.000E-01,2,9,0,0,593, 2.30042E-01, 1.001550798E-01,643,2,H10
Misra1a_05,2,H, 1.000E+01,scale, 1.000E-08, 1.000E-01, 1.000E-01,2,10,0,0,1268, 6.98729E-01, 1.001338182E-01,1365,2,H10
Misra1a_05,2,H, 1.000E+02,scale, 1.000E-08, 1.000E-01, 1.000E-01,2,1,0,0,1799, 6.03012E-01, 1.000932315E-01,1964,2,H100
Misra1a_05,2,H, 1.000E+02,scale, 1.000E-08, 1.000E-01, 1.000E-01,2,2,0,0,2799, 1.45112E+00, 4.271800725E-02,2848,2,H100
Misra1a_05,2,H, 1.000E+02,scale, 1.000E-08, 1.000E-01, 1.000E-01,2,3,0,0,1512, 6.14692E-01, 1.000125732E-01,1625,2,H100
Misra1a_05,2,H, 1.000E+02,scale, 1.000E-08, 1.000E-01, 1.000E-01,2,4,0,0,3006, 1.54715E+00, 5.662283665E-02,3137,2,H100
Misra1a_05,2,H, 1.000E+02,scale, 1.000E-08, 1.000E-01, 1.000E-01,2,5,0,0,964, 3.31264E-01, 9.997970908E-02,1029,2,H100
Misra1a_05,2,H, 1.000E+02,scale, 1.000E-08, 1.000E-01, 1.000E-01,2,6,0,1,2256, 2.54828E+00, 7.512845412E-02,2421,2,H100
Misra1a_05,2,H, 1.000E+02,scale, 1.000E-08, 1.000E-01, 1.000E-01,2,7,0,0,4722, 5.35361E+00, 4.368673739E-02,4770,2,H100
Misra1a_05,2,H, 1.000E+02,scale, 1.000E-08, 1.000E-01, 1.000E-01,2,8,0,0,2889, 1.52348E+00, 5.373538673E-02,3003,2,H100
Misra1a_05,2,H, 1.000E+02,scale, 1.000E-08, 1.000E-01, 1.000E-01,2,9,0,0,593, 2.35158E-01, 1.001550620E-01,643,2,H100
Misra1a_05,2,H, 1.000E+02,scale, 1.000E-08, 1.000E-01, 1.000E-01,2,10,0,1,1017, 3.44577E-01, 9.999846239E-02,1229,2,H100
Misra1a_05,2,H, 1.000E+00,scale, 1.000E-08, 1.000E-01, 1.000E-01,2,1,0,0,1573, 4.40955E-01, 1.000577497E-01,1623,2,HA1
Misra1a_05,2,H, 1.000E+00,scale, 1.000E-08, 1.000E-01, 1.000E-01,2,2,0,0,2265, 9.76741E-01, 8.103265459E-02,2372,2,HA1
Misra1a_05,2,H, 1.000E+00,scale, 1.000E-08, 1.000E-01, 1.000E-01,2,3,0,0,1516, 7.05091E-01, 9.999258491E-02,1581,2,HA1
Misra1a_05,2,H, 1.000E+00,scale, 1.000E-08, 1.000E-01, 1.000E-01,2,4,0,0,2180, 8.10978E-01, 8.603164644E-02,2227,2,HA1
Misra1a_05,2,H, 1.000E+00,scale, 1.000E-08, 1.000E-01, 1.000E-01,2,5,0,0,1151, 6.01288E-01, 1.001375204E-01,1216,2,HA1
Misra1a_05,2,H, 1.000E+00,scale, 1.000E-08, 1.000E-01, 1.000E-01,2,6,0,0,452, 5.50014E-01, 7.465967484E-02,517,2,HA1
Misra1a_05,2,H, 1.000E+00,scale, 1.000E-08, 1.000E-01, 1.000E-01,2,7,0,0,8275, 7.24523E+00, 2.933607068E-02,8323,2,HA1
Misra1a_05,2,H, 1.000E+00,scale, 1.000E-08, 1.000E-01, 1.000E-01,2,8,0,0,2888, 1.26202E+00, 5.799157833E-02,2967,2,HA1
Misra1a_05,2,H, 1.000E+00,scale, 1.000E-08, 1.000E-01, 1.000E-01,2,9,0,0,6657, 5.65622E+00, 7.790454625E-02,6738,2,HA1
Misra1a_05,2,H, 1.000E+00,scale, 1.000E-08, 1.000E-01, 1.000E-01,2,10,0,0,1293, 6.64977E-01, 1.000026288E-01,1358,2,HA1
Misra1a_05,2,H, 1.000E+00,scale, 1.000E-08, 1.000E-01, 1.000E-01,2,1,0,0,1503, 3.58539E-01, 1.002458801E-01,1535,2,HA10
Misra1a_05,2,H, 1.000E+00,scale, 1.000E-08, 1.000E-01, 1.000E-01,2,2,0,0,2831, 1.29014E+00, 4.273083087E-02,2919,2,HA10
Misra1a_05,2,H, 1.000E+00,scale, 1.000E-08, 1.000E-01, 1.000E-01,2,3,0,0,4450, 4.45777E+00, 6.473323196E-02,4466,2,HA10
Misra1a_05,2,H, 1.000E+00,scale, 1.000E-08, 1.000E-01, 1.000E-01,2,4,0,0,2998, 1.41967E+00, 5.865846213E-02,3047,2,HA10
Misra1a_05,2,H, 1.000E+00,scale, 1.000E-08, 1.000E-01, 1.000E-01,2,5,0,0,907, 3.07624E-01, 1.001918400E-01,923,2,HA10
Misra1a_05,2,H, 1.000E+00,scale, 1.000E-08, 1.000E-01, 1.000E-01,2,6,0,0,68, 5.70560E-02, 1.005444478E-01,99,2,HA10
Misra1a_05,2,H, 1.000E+00,scale, 1.000E-08, 1.000E-01, 1.000E-01,2,7,0,0,478, 2.70034E-01, 8.349432519E-02,524,2,HA10
Misra1a_05,2,H, 1.000E+00,scale, 1.000E-08, 1.000E-01, 1.000E-01,2,8,0,0,2764, 1.32915E+00, 6.796265706E-02,2855,2,HA10
Misra1a_05,2,H, 1.000E+00,scale, 1.000E-08, 1.000E-01, 1.000E-01,2,9,0,0,812, 4.42948E-01, 1.007644375E-01,875,2,HA10
Misra1a_05,2,H, 1.000E+00,scale, 1.000E-08, 1.000E-01, 1.000E-01,2,10,0,0,1297, 7.31127E-01, 9.999581352E-02,1360,2,HA10
Misra1a_05,2,H, 1.000E+00,scale, 1.000E-08, 1.000E-01, 1.000E-01,2,1,0,0,1955, 8.23933E-01, 9.999693619E-02,1986,2,HA100
Misra1a_05,2,H, 1.000E+00,scale, 1.000E-08, 1.000E-01, 1.000E-01,2,2,0,0,2861, 6.49534E-01, 4.615306400E-02,2919,2,HA100
Misra1a_05,2,H, 1.000E+00,scale, 1.000E-08, 1.000E-01, 1.000E-01,2,3,0,0,1194, 4.98295E-01, 1.002917611E-01,1283,2,HA100
Misra1a_05,2,H, 1.000E+00,scale, 1.000E-08, 1.000E-01, 1.000E-01,2,4,0,0,1550, 3.76115E-01, 9.415442656E-02,1640,2,HA100
Misra1a_05,2,H, 1.000E+00,scale, 1.000E-08, 1.000E-01, 1.000E-01,2,5,0,0,1363, 6.93708E-01, 1.000073794E-01,1478,2,HA100
Misra1a_05,2,H, 1.000E+00,scale, 1.000E-08, 1.000E-01, 1.000E-01,2,6,0,0,7, 2.53550E-02, 7.850080437E-02,88,2,HA100
Misra1a_05,2,H, 1.000E+00,scale, 1.000E-08, 1.000E-01, 1.000E-01,2,7,0,0,7225, 6.49723E+00, 3.050557570E-02,7291,2,HA100
Misra1a_05,2,H, 1.000E+00,scale, 1.000E-08, 1.000E-01, 1.000E-01,2,8,0,0,2735, 7.78822E-01, 6.910202651E-02,2795,2,HA100
Misra1a_05,2,H, 1.000E+00,scale, 1.000E-08, 1.000E-01, 1.000E-01,2,9,0,0,819, 4.93745E-01, 1.008959349E-01,1000,2,HA100
Misra1a_05,2,H, 1.000E+00,scale, 1.000E-08, 1.000E-01, 1.000E-01,2,10,0,0,1294, 8.26222E-01, 1.000056875E-01,1384,2,HA100
Misra1a_05,2,H, 1.000E+00,clip, 1.000E-08, 1.000E-01, 1.000E-01,2,1,0,0,1801, 7.12491E-01, 1.000964566E-01,1966,2,Hc1
Misra1a_05,2,H, 1.000E+00,clip, 1.000E-08, 1.000E-01, 1.000E-01,2,2,0,0,2815, 1.34571E+00, 4.261486229E-02,2864,2,Hc1
Misra1a_05,2,H, 1.000E+00,clip, 1.000E-08, 1.000E-01, 1.000E-01,2,3,0,1,1586, 8.29635E-01, 1.002161866E-01,1832,2,Hc1
Misra1a_05,2,H, 1.000E+00,clip, 1.000E-08, 1.000E-01, 1.000E-01,2,4,0,0,3032, 1.47139E+00, 5.947691123E-02,3163,2,Hc1
Misra1a_05,2,H, 1.000E+00,clip, 1.000E-08, 1.000E-01, 1.000E-01,2,5,0,0,968, 3.19635E-01, 9.999053669E-02,1033,2,Hc1
Misra1a_05,2,H, 1.000E+00,clip, 1.000E-08, 1.000E-01, 1.000E-01,2,6,0,1,2281, 2.64645E+00, 7.488881570E-02,2446,2,Hc1
Misra1a_05,2,H, 1.000E+00,clip, 1.000E-08, 1.000E-01, 1.000E-01,2,7,0,0,4747, 4.87060E+00, 4.364950011E-02,4795,2,Hc1
Misra1a_05,2,H, 1.000E+00,clip, 1.000E-08, 1.000E-01, 1.000E-01,2,8,0,0,2923, 1.43947E+00, 5.136529485E-02,3037,2,Hc1
Misra1a_05,2,H, 1.000E+00,clip, 1.000E-08, 1.000E-01, 1.000E-01,2,9,0,0,593, 2.41011E-01, 1.001797928E-01,643,2,Hc1
Misra1a_05,2,H, 1.000E+00,clip, 1.000E-08, 1.000E-01, 1.000E-01,2,10,0,0,1268, 7.77706E-01, 1.001341889E-01,1365,2,Hc1
Misra1a_05,2,H, 1.000E+01,clip, 1.000E-08, 1.000E-01, 1.000E-01,2,1,0,0,1788, 6.88439E-01, 1.001062097E-01,1953,2,Hc10
Misra1a_05,2,H, 1.000E+01,clip, 1.000E-08, 1.000E-01, 1.000E-01,2,2,0,1,2858, 7.36524E-01, 4.385909984E-02,3102,2,Hc10
Misra1a_05,2,H, 1.000E+01,clip, 1.000E-08, 1.000E-01, 1.000E-01,2,3,0,0,1514, 7.59597E-01, 1.000093232E-01,1627,2,Hc10
Misra1a_05,2,H, 1.000E+01,clip, 1.000E-08, 1.000E-01, 1.000E-01,2,4,0,0,3033, 8.86527E-01, 5.924820836E-02,3164,2,Hc10
Misra1a_05,2,H, 1.000E+01,clip, 1.000E-08, 1.000E-01, 1.000E-01,2,5,0,0,968, 3.98001E-01, 9.999204072E-02,1033,2,Hc10
Misra1a_05,2,H, 1.000E+01,clip, 1.000E-08, 1.000E-01, 1.000E-01,2,6,0,1,2281, 2.66838E+00, 7.488881630E-02,2446,2,Hc10
Misra1a_05,2,H, 1.000E+01,clip, 1.000E-08, 1.000E-01, 1.000E-01,2,7,0,0,4747, 5.38653E+00, 4.364950019E-02,4795,2,Hc10
Misra1a_05,2,H, 1.000E+01,clip, 1.000E-08, 1.000E-01, 1.000E-01,2,8,0,0,2923, 8.00474E-01, 5.136566967E-02,3037,2,Hc10
Misra1a_05,2,H, 1.000E+01,clip, 1.000E-08, 1.000E-01, 1.000E-01,2,9,0,0,593, 2.52504E-01, 1.001797910E-01,643,2,Hc10
Misra1a_05,2,H, 1.000E+01,clip, 1.000E-08, 1.000E-01, 1.000E-01,2,10,0,0,1268, 7.17663E-01, 1.001341830E-01,1365,2,Hc10
Misra1a_05,2,QN, 1.000E+04,scale, 1.000E-08, 1.000E-01, 1.000E-01,2,1,0,0,1806, 7.24911E-01, 1.000832394E-01,1971,2,QN
Misra1a_05,2,QN, 1.000E+04,scale, 1.000E-08, 1.000E-01, 1.000E-01,2,2,0,0,2799, 7.60081E-01, 4.271859447E-02,2848,2,QN
Misra1a_05,2,QN, 1.000E+04,scale, 1.000E-08, 1.000E-01, 1.000E-01,2,3,0,0,1511, 7.29384E-01, 1.000098366E-01,1624,2,QN
Misra1a_05,2,QN, 1.000E+04,scale, 1.000E-08, 1.000E-01, 1.000E-01,2,4,0,0,2777, 8.40416E-01, 7.436803170E-02,2924,2,QN
Misra1a_05,2,QN, 1.000E+04,scale, 1.000E-08, 1.000E-01, 1.000E-01,2,5,0,0,966, 3.41883E-01, 9.998612762E-02,1031,2,QN
Misra1a_05,2,QN, 1.000E+04,scale, 1.000E-08, 1.000E-01, 1.000E-01,2,6,0,1,2256, 2.56905E+00, 7.512829094E-02,2421,2,QN
Misra1a_05,2,QN, 1.000E+04,scale, 1.000E-08, 1.000E-01, 1.000E-01,2,7,0,0,4722, 5.18960E+00, 4.368704473E-02,4770,2,QN
Misra1a_05,2,QN, 1.000E+04,scale, 1.000E-08, 1.000E-01, 1.000E-01,2,8,0,0,3000, 8.85334E-01, 5.337937270E-02,3113,2,QN
Misra1a_05,2,QN, 1.000E+04,scale, 1.000E-08, 1.000E-01, 1.000E-01,2,9,0,0,593, 2.97241E-01, 1.001546600E-01,643,2,QN
Misra1a_05,2,QN, 1.000E+04,scale, 1.000E-08, 1.000E-01, 1.000E-01,2,10,0,0,1267, 7.45944E-01, 1.001320697E-01,1364,2,QN
Misra1a_10,2,0, 1.000E+00,scale, 1.000E-08, 1.000E-01, 1.000E-01,1,1,1,1,10000, 2.23951E+02, 1.967890317E+03,314091,1,FO
Misra1a_10,2,0, 1.000E+00,scale, 1.000E-08, 1.000E-01, 1.000E-01,1,2,0,0,1, 3.44210E-02, 5.150941786E+02,95,1,FO
Misra1a_10,2,0, 1.000E+00,scale, 1.000E-08, 1.000E-01, 1.000E-01,1,3,0,1,1149, 3.45967E-01, 3.953338442E-02,1359,2,FO
Misra1a_10,2,0, 1.000E+00,scale, 1.000E-08, 1.000E-01, 1.000E-01,1,4,1,1,10000, 2.08202E+02, 1.967315053E+03,440031,1,FO
Misra1a_10,2,0, 1.000E+00,scale, 1.000E-08, 1.000E-01, 1.000E-01,1,5,0,1,9, 7.48140E-02, 6.939735355E-02,173,2,FO
Misra1a_10,2,0, 1.000E+00,scale, 1.000E-08, 1.000E-01, 1.000E-01,1,6,0,1,12, 8.14200E-02, 6.466200730E-02,224,2,FO
Misra1a_10,2,0, 1.000E+00,scale, 1.000E-08, 1.000E-01, 1.000E-01,1,7,0,0,1, 3.49190E-02, 5.372558976E+02,76,1,FO
Misra1a_10,2,0, 1.000E+00,scale, 1.000E-08, 1.000E-01, 1.000E-01,1,8,0,0,1, 3.32260E-02, 7.156633983E+02,92,1,FO
Misra1a_10,2,0, 1.000E+00,scale, 1.000E-08, 1.000E-01, 1.000E-01,1,9,0,0,1, 3.34910E-02, 9.098429138E+02,99,1,FO
Misra1a_10,2,0, 1.000E+00,scale, 1.000E-08, 1.000E-01, 1.000E-01,1,10,0,0,1, 2.09430E-02, 5.751184492E+02,63,1,FO
Misra1a_10,2,GN, 1.000E+04,scale, 1.000E-08, 1.000E-01, 1.000E-01,1,1,1,1,10000, 9.46679E+01, 1.967867846E+03,315381,1,GN
Misra1a_10,2,GN, 1.000E+04,scale, 1.000E-08, 1.000E-01, 1.000E-01,1,2,0,0,1, 1.63990E-02, 5.150941786E+02,95,1,GN
Misra1a_10,2,GN, 1.000E+04,scale, 1.000E-08, 1.000E-01, 1.000E-01,1,3,0,1,1152, 3.40852E-01, 3.951336969E-02,1362,2,GN
Misra1a_10,2,GN, 1.000E+04,scale, 1.000E-08, 1.000E-01, 1.000E-01,1,4,1,1,10000, 9.08896E+01, 1.967315053E+03,440031,1,GN
Misra1a_10,2,GN, 1.000E+04,scale, 1.000E-08, 1.000E-01, 1.000E-01,1,5,0,1,9, 3.69370E-02, 6.974823000E-02,173,2,GN
Misra1a_10,2,GN, 1.000E+04,scale, 1.000E-08, 1.000E-01, 1.000E-01,1,6,0,1,12, 5.20940E-02, 6.473259273E-02,224,2,GN
Misra1a_10,2,GN, 1.000E+04,scale, 1.000E-08, 1.000E-01, 1.000E-01,1,7,0,0,1, 1.80250E-02, 5.372558976E+02,76,1,GN
Misra1a_10,2,GN, 1.000E+04,scale, 1.000E-08, 1.000E-01, 1.000E-01,1,8,0,0,1, 1.91210E-02, 7.156633983E+02,92,1,GN
Misra1a_10,2,GN, 1.000E+04,scale, 1.000E-08, 1.000E-01, 1.000E-01,1,9,0,0,1, 1.90910E-02, 9.098429138E+02,99,1,GN
Misra1a_10,2,GN, 1.000E+04,scale, 1.000E-08, 1.000E-01, 1.000E-01,1,10,0,0,1, 1.34660E-02, 5.751184492E+02,60,1,GN
Misra1a_10,2,GN, 1.000E+00,scale, 1.000E-08, 1.000E-01, 1.000E-01,1,1,1,1,10000, 1.15391E+02, 1.967890317E+03,314091,1,GN1
Misra1a_10,2,GN, 1.000E+00,scale, 1.000E-08, 1.000E-01, 1.000E-01,1,2,0,0,1, 1.89770E-02, 5.150941786E+02,95,1,GN1
Misra1a_10,2,GN, 1.000E+00,scale, 1.000E-08, 1.000E-01, 1.000E-01,1,3,0,1,1149, 2.15349E-01, 3.953338375E-02,1359,2,GN1
Misra1a_10,2,GN, 1.000E+00,scale, 1.000E-08, 1.000E-01, 1.000E-01,1,4,1,1,10000, 9.28622E+01, 1.967315053E+03,440031,1,GN1
Misra1a_10,2,GN, 1.000E+00,scale, 1.000E-08, 1.000E-01, 1.000E-01,1,5,0,1,9, 4.26570E-02, 6.939739641E-02,173,2,GN1
Misra1a_10,2,GN, 1.000E+00,scale, 1.000E-08, 1.000E-01, 1.000E-01,1,6,0,1,12, 5.34620E-02, 6.466201436E-02,224,2,GN1
Misra1a_10,2,GN, 1.000E+00,scale, 1.000E-08, 1.000E-01, 1.000E-01,1,7,0,0,1, 2.16100E-02, 5.372558976E+02,76,1,GN1
Misra1a_10,2,GN, 1.000E+00,scale, 1.000E-08, 1.000E-01, 1.000E-01,1,8,0,0,1, 2.15960E-02, 7.156633983E+02,92,1,GN1
Misra1a_10,2,GN, 1.000E+00,scale, 1.000E-08, 1.000E-01, 1.000E-01,1,9,0,0,1, 2.23760E-02, 9.098429138E+02,99,1,GN1
Misra1a_10,2,GN, 1.000E+00,scale, 1.000E-08, 1.000E-01, 1.000E-01,1,10,0,0,1, 1.49590E-02, 5.751184492E+02,63,1,GN1
Misra1a_10,2,H, 1.000E+04,scale, 1.000E-08, 1.000E-01, 1.000E-01,1,1,1,1,10000, 1.17565E+02, 1.967884307E+03,314436,1,H
Misra1a_10,2,H, 1.000E+04,scale, 1.000E-08, 1.000E-01, 1.000E-01,1,2,0,0,1, 1.78590E-02, 5.150941786E+02,95,1,H
Misra1a_10,2,H, 1.000E+04,scale, 1.000E-08, 1.000E-01, 1.000E-01,1,3,0,1,1151, 3.43303E-01, 3.951932191E-02,1361,2,H
Misra1a_10,2,H, 1.000E+04,scale, 1.000E-08, 1.000E-01, 1.000E-01,1,4,1,1,10000, 9.37104E+01, 1.967315053E+03,440031,1,H
Misra1a_10,2,H, 1.000E+04,scale, 1.000E-08, 1.000E-01, 1.000E-01,1,5,0,1,9, 3.58250E-02, 6.975040806E-02,173,2,H
Misra1a_10,2,H, 1.000E+04,scale, 1.000E-08, 1.000E-01, 1.000E-01,1,6,0,1,12, 5.08870E-02, 6.471115466E-02,224,2,H
Misra1a_10,2,H, 1.000E+04,scale, 1.000E-08, 1.000E-01, 1.000E-01,1,7,0,0,1, 1.77990E-02, 5.372558976E+02,76,1,H
Misra1a_10,2,H, 1.000E+04,scale, 1.000E-08, 1.000E-01, 1.000E-01,1,8,0,0,1, 1.85490E-02, 7.156633983E+02,92,1,H
Misra1a_10,2,H, 1.000E+04,scale, 1.000E-08, 1.000E-01, 1.000E-01,1,9,0,0,1, 1.89510E-02, 9.098429138E+02,99,1,H
Misra1a_10,2,H, 1.000E+04,scale, 1.000E-08, 1.000E-01, 1.000E-01,1,10,0,0,1, 1.34220E-02, 5.751184492E+02,63,1,H
Misra1a_10,2,H, 1.000E-01,scale, 1.000E-08, 1.000E-01, 1.000E-01,1,1,1,1,10000, 1.06915E+02, 1.967890317E+03,314091,1,H0.1
Misra1a_10,2,H, 1.000E-01,scale, 1.000E-08, 1.000E-01, 1.000E-01,1,2,0,0,1, 1.89160E-02, 5.150941786E+02,95,1,H0.1
Misra1a_10,2,H, 1.000E-01,scale, 1.000E-08, 1.000E-01, 1.000E-01,1,3,0,1,1149, 2.16663E-01, 3.953338436E-02,1359,2,H0.1
Misra1a_10,2,H, 1.000E-01,scale, 1.000E-08, 1.000E-01, 1.000E-01,1,4,1,1,10000, 9.54859E+01, 1.967314969E+03,440031,1,H0.1
Misra1a_10,2,H, 1.000E-01,scale, 1.000E-08, 1.000E-01, 1.000E-01,1,5,0,1,9, 3.82840E-02, 6.939734924E-02,173,2,H0.1
Misra1a_10,2,H, 1.000E-01,scale, 1.000E-08, 1.000E-01, 1.000E-01,1,6,0,1,12, 4.71850E-02, 6.466200780E-02,224,2,H0.1
Misra1a_10,2,H, 1.000E-01,scale, 1.000E-08, 1.000E-01, 1.000E-01,1,7,0,0,1, 1.88310E-02, 5.372558976E+02,76,1,H0.1
Misra1a_10,2,H, 1.000E-01,scale, 1.000E-08, 1.000E-01, 1.000E-01,1,8,0,0,1, 1.86230E-02, 7.156633983E+02,92,1,H0.1
Misra1a_10,2,H, 1.000E-01,scale, 1.000E-08, 1.000E-01, 1.000E-01,1,9,0,0,1, 1.96190E-02, 9.098429138E+02,99,1,H0.1
Misra1a_10,2,H, 1.000E-01,scale, 1.000E-08, 1.000E-01, 1.000E-01,1,10,0,0,1, 1.30800E-02, 5.751184492E+02,63,1,H0.1
Misra1a_10,2,H, 1.000E+00,scale, 1.000E-08, 1.000E-01, 1.000E-01,1,1,1,1,10000, 1.22870E+02, 1.967890317E+03,314091,1,H1
Misra1a_10,2,H, 1.000E+00,scale, 1.000E-08, 1.000E-01, 1.000E-01,1,2,0,0,1, 2.07230E-02, 5.150941786E+02,95,1,H1
Misra1a_10,2,H, 1.000E+00,scale, 1.000E-08, 1.000E-01, 1.000E-01,1,3,0,1,1149, 2.67034E-01, 3.953338390E-02,1359,2,H1
Misra1a_10,2,H, 1.000E+00,scale, 1.000E-08, 1.000E-01, 1.000E-01,1,4,1,1,10000, 1.20732E+02, 1.967315053E+03,440031,1,H1
Misra1a_10,2,H, 1.000E+00,scale, 1.000E-08, 1.000E-01, 1.000E-01,1,5,0,1,9, 4.99100E-02, 6.939739665E-02,173,2,H1
Misra1a_10,2,H, 1.000E+00,scale, 1.000E-08, 1.000E-01, 1.000E-01,1,6,0,1,12, 6.15000E-02, 6.466201221E-02,224,2,H1
Misra1a_10,2,H, 1.000E+00,scale, 1.000E-08, 1.000E-01, 1.000E-01,1,7,0,0,1, 1.99320E-02, 5.372558976E+02,76,1,H1
Misra1a_10,2,H, 1.000E+00,scale, 1.000E-08, 1.000E-01, 1.000E-01,1,8,0,0,1, 2.37680E-02, 7.156633983E+02,92,1,H1
Misra1a_10,2,H, 1.000E+00,scale, 1.000E-08, 1.000E-01, 1.000E-01,1,9,0,0,1, 2.10100E-02, 9.098429138E+02,99,1,H1
Misra1a_10,2,H, 1.000E+00,scale, 1.000E-08, 1.000E-01, 1.000E-01,1,10,0,0,1, 1.56470E-02, 5.751184492E+02,63,1,H1
Misra1a_10,2,H, 1.000E+01,scale, 1.000E-08, 1.000E-01, 1.000E-01,1,1,1,1,10000, 1.14348E+02, 1.967890317E+03,314091,1,H10
Misra1a_10,2,H, 1.000E+01,scale, 1.000E-08, 1.000E-01, 1.000E-01,1,2,0,0,1, 1.83420E-02, 5.150941786E+02,95,1,H10
Misra1a_10,2,H, 1.000E+01,scale, 1.000E-08, 1.000E-01, 1.000E-01,1,3,0,1,1149, 2.16860E-01, 3.953337616E-02,1359,2,H10
Misra1a_10,2,H, 1.000E+01,scale, 1.000E-08, 1.000E-01, 1.000E-01,1,4,1,1,10000, 9.34241E+01, 1.967315053E+03,440031,1,H10
Misra1a_10,2,H, 1.000E+01,scale, 1.000E-08, 1.000E-01, 1.000E-01,1,5,0,1,9, 3.98040E-02, 6.939771386E-02,173,2,H10
Misra1a_10,2,H, 1.000E+01,scale, 1.000E-08, 1.000E-01, 1.000E-01,1,6,0,1,12, 4.87720E-02, 6.466205608E-02,224,2,H10
Misra1a_10,2,H, 1.000E+01,scale, 1.000E-08, 1.000E-01, 1.000E-01,1,7,0,0,1, 1.74020E-02, 5.372558976E+02,76,1,H10
Misra1a_10,2,H, 1.000E+01,scale, 1.000E-08, 1.000E-01, 1.000E-01,1,8,0,0,1, 1.78430E-02, 7.156633983E+02,92,1,H10
Misra1a_10,2,H, 1.000E+01,scale, 1.000E-08, 1.000E-01, 1.000E-01,1,9,0,0,1, 1.88440E-02, 9.098429138E+02,99,1,H10
Misra1a_10,2,H, 1.000E+01,scale, 1.000E-08, 1.000E-01, 1.000E-01,1,10,0,0,1, 1.29170E-02, 5.751184492E+02,63,1,H10
Misra1a_10,2,H, 1.000E+02,scale, 1.000E-08, 1.000E-01, 1.000E-01,1,1,1,1,10000, 1.25925E+02, 1.967890317E+03,314091,1,H100
Misra1a_10,2,H, 1.000E+02,scale, 1.000E-08, 1.000E-01, 1.000E-01,1,2,0,0,1, 1.77140E-02, 5.150941786E+02,95,1,H100
Misra1a_10,2,H, 1.000E+02,scale, 1.000E-08, 1.000E-01, 1.000E-01,1,3,0,1,1149, 2.47561E-01, 3.952989805E-02,1359,2,H100
Misra1a_10,2,H, 1.000E+02,scale, 1.000E-08, 1.000E-01, 1.000E-01,1,4,1,1,10000, 9.54869E+01, 1.967315053E+03,440031,1,H100
Misra1a_10,2,H, 1.000E+02,scale, 1.000E-08, 1.000E-01, 1.000E-01,1,5,0,1,9, 3.90290E-02, 6.940087999E-02,173,2,H100
Misra1a_10,2,H, 1.000E+02,scale, 1.000E-08, 1.000E-01, 1.000E-01,1,6,0,1,12, 5.01810E-02, 6.466249875E-02,224,2,H100
Misra1a_10,2,H, 1.000E+02,scale, 1.000E-08, 1.000E-01, 1.000E-01,1,7,0,0,1, 1.81460E-02, 5.372558976E+02,76,1,H100
Misra1a_10,2,H, 1.000E+02,scale, 1.000E-08, 1.000E-01, 1.000E-01,1,8,0,0,1, 1.64440E-02, 7.156633983E+02,92,1,H100
Misra1a_10,2,H, 1.000E+02,scale, 1.000E-08, 1.000E-01, 1.000E-01,1,9,0,0,1, 1.93550E-02, 9.098429138E+02,99,1,H100
Misra1a_10,2,H, 1.000E+02,scale, 1.000E-08, 1.000E-01, 1.000E-01,1,10,0,0,1, 1.32890E-02, 5.751184492E+02,63,1,H100
Misra1a_10,2,H, 1.000E+00,scale, 1.000E-08, 1.000E-01, 1.000E-01,1,1,0,1,18, 1.47619E-01, 1.265939895E-02,324,2,HA1
Misra1a_10,2,H, 1.000E+00,scale, 1.000E-08, 1.000E-01, 1.000E-01,1,2,0,0,1, 3.00640E-02, 5.150941786E+02,93,1,HA1
Misra1a_10,2,H, 1.000E+00,scale, 1.000E-08, 1.000E-01, 1.000E-01,1,3,0,1,13, 7.25330E-02, 6.619138642E-02,234,2,HA1
Misra1a_10,2,H, 1.000E+00,scale, 1.000E-08, 1.000E-01, 1.000E-01,1,4,0,1,18, 1.51484E-01, 1.265939895E-02,324,2,HA1
Misra1a_10,2,H, 1.000E+00,scale, 1.000E-08, 1.000E-01, 1.000E-01,1,5,0,1,18, 1.53842E-01, 1.265939895E-02,324,2,HA1
Misra1a_10,2,H, 1.000E+00,scale, 1.000E-08, 1.000E-01, 1.000E-01,1,6,0,2,18, 1.21430E-01, 6.981837862E-02,400,2,HA1
Misra1a_10,2,H, 1.000E+00,scale, 1.000E-08, 1.000E-01, 1.000E-01,1,7,0,0,1, 3.44090E-02, 5.372558976E+02,92,1,HA1
Misra1a_10,2,H, 1.000E+00,scale, 1.000E-08, 1.000E-01, 1.000E-01,1,8,0,1,19, 1.57321E-01, 1.265939895E-02,342,2,HA1
Misra1a_10,2,H, 1.000E+00,scale, 1.000E-08, 1.000E-01, 1.000E-01,1,9,0,0,2, 6.09450E-02, 9.098429138E+02,101,1,HA1
Misra1a_10,2,H, 1.000E+00,scale, 1.000E-08, 1.000E-01, 1.000E-01,1,10,1,1286,10000, 1.26095E+02, 2.023961749E+03,517205,1,HA1
Misra1a_10,2,H, 1.000E+00,scale, 1.000E-08, 1.000E-01, 1.000E-01,1,1,1,0,10000, 1.32036E+00, 1.714848573E-01,10069,2,HA10
Misra1a_10,2,H, 1.000E+00,scale, 1.000E-08, 1.000E-01, 1.000E-01,1,2,1,0,10000, 4.25556E+00, 7.403840308E-02,10118,2,HA10
Misra1a_10,2,H, 1.000E+00,scale, 1.000E-08, 1.000E-01, 1.000E-01,1,3,0,0,4771, 1.76801E+00, 1.000025494E-01,4836,2,HA10
Misra1a_10,2,H, 1.000E+00,scale, 1.000E-08, 1.000E-01, 1.000E-01,1,4,1,0,10000, 4.26570E+00, 2.596922591E-01,10070,2,HA10
Misra1a_10,2,H, 1.000E+00,scale, 1.000E-08, 1.000E-01, 1.000E-01,1,5,1,0,10000, 5.11150E+00, 6.950932010E-02,10083,2,HA10
Misra1a_10,2,H, 1.000E+00,scale, 1.000E-08, 1.000E-01, 1.000E-01,1,6,0,0,5076, 2.31270E+00, 9.999953991E-02,5172,2,HA10
Misra1a_10,2,H, 1.000E+00,scale, 1.000E-08, 1.000E-01, 1.000E-01,1,7,1,0,10000, 4.13755E+00, 7.450946469E-02,10118,2,HA10
Misra1a_10,2,H, 1.000E+00,scale, 1.000E-08, 1.000E-01, 1.000E-01,1,8,1,0,10000, 3.79156E+00, 7.384645416E-02,10118,2,HA10
Misra1a_10,2,H, 1.000E+00,scale, 1.000E-08, 1.000E-01, 1.000E-01,1,9,1,0,10000, 5.51074E+00, 8.549725453E-02,10136,2,HA10
Misra1a_10,2,H, 1.000E+00,scale, 1.000E-08, 1.000E-01, 1.000E-01,1,10,0,0,6819, 3.15146E+00, 1.000075773E-01,6948,2,HA10
Misra1a_10,2,H, 1.000E+00,scale, 1.000E-08, 1.000E-01, 1.000E-01,1,1,1,0,10000, 3.15130E+00, 2.375801258E-01,10141,2,HA100
Misra1a_10,2,H, 1.000E+00,scale, 1.000E-08, 1.000E-01, 1.000E-01,1,2,1,0,10000, 4.96232E+00, 8.751156440E-02,10114,2,HA100
Misra1a_10,2,H, 1.000E+00,scale, 1.000E-08, 1.000E-01, 1.000E-01,1,3,0,0,4753, 1.83227E+00, 9.999329193E-02,4850,2,HA100
Misra1a_10,2,H, 1.000E+00,scale, 1.000E-08, 1.000E-01, 1.000E-01,1,4,1,0,10000, 4.04738E+00, 2.540968542E-01,10183,2,HA100
Misra1a_10,2,H, 1.000E+00,scale, 1.000E-08, 1.000E-01, 1.000E-01,1,5,1,0,10000, 6.22952E+00, 8.430614937E-02,10118,2,HA100
Misra1a_10,2,H, 1.000E+00,scale, 1.000E-08, 1.000E-01, 1.000E-01,1,6,0,0,9400, 6.38457E+00, 8.480776409E-02,9497,2,HA100
Misra1a_10,2,H, 1.000E+00,scale, 1.000E-08, 1.000E-01, 1.000E-01,1,7,1,0,10000, 4.72801E+00, 9.253266687E-02,10114,2,HA100
Misra1a_10,2,H, 1.000E+00,scale, 1.000E-08, 1.000E-01, 1.000E-01,1,8,1,0,10000, 4.74215E+00, 8.711909576E-02,10098,2,HA100
Misra1a_10,2,H, 1.000E+00,scale, 1.000E-08, 1.000E-01, 1.000E-01,1,9,1,0,10000, 5.39186E+00, 8.590320621E-02,10148,2,HA100
Misra1a_10,2,H, 1.000E+00,scale, 1.000E-08, 1.000E-01, 1.000E-01,1,10,0,0,6852, 2.90110E+00, 9.999465988E-02,6983,2,HA100
Misra1a_10,2,H, 1.000E+00,clip, 1.000E-08, 1.000E-01, 1.000E-01,1,1,1,1,10000, 1.14684E+02, 1.967890317E+03,314091,1,Hc1
Misra1a_10,2,H, 1.000E+00,clip, 1.000E-08, 1.000E-01, 1.000E-01,1,2,0,0,1, 2.06770E-02, 5.150941786E+02,95,1,Hc1
Misra1a_10,2,H, 1.000E+00,clip, 1.000E-08, 1.000E-01, 1.000E-01,1,3,0,1,1092, 3.39119E-01, 1.000385388E-01,1240,2,Hc1
Misra1a_10,2,H, 1.000E+00,clip, 1.000E-08, 1.000E-01, 1.000E-01,1,4,1,1,10000, 9.09492E+01, 1.967315053E+03,440031,1,Hc1
Misra1a_10,2,H, 1.000E+00,clip, 1.000E-08, 1.000E-01, 1.000E-01,1,5,0,1,9, 3.70860E-02, 6.939763312E-02,173,2,Hc1
Misra1a_10,2,H, 1.000E+00,clip, 1.000E-08, 1.000E-01, 1.000E-01,1,6,1,4998,10000, 1.40238E+02, 7.624461974E-01,584772,2,Hc1
Misra1a_10,2,H, 1.000E+00,clip, 1.000E-08, 1.000E-01, 1.000E-01,1,7,0,0,1, 1.87540E-02, 5.372558976E+02,76,1,Hc1
Misra1a_10,2,H, 1.000E+00,clip, 1.000E-08, 1.000E-01, 1.000E-01,1,8,0,0,1, 1.78280E-02, 7.156633983E+02,92,1,Hc1
Misra1a_10,2,H, 1.000E+00,clip, 1.000E-08, 1.000E-01, 1.000E-01,1,9,0,0,1, 1.91450E-02, 9.098429138E+02,99,1,Hc1
Misra1a_10,2,H, 1.000E+00,clip, 1.000E-08, 1.000E-01, 1.000E-01,1,10,0,0,1, 1.30760E-02, 5.751184492E+02,63,1,Hc1
Misra1a_10,2,H, 1.000E+01,clip, 1.000E-08, 1.000E-01, 1.000E-01,1,1,1,1,10000, 1.44092E+02, 1.967890317E+03,314091,1,Hc10
Misra1a_10,2,H, 1.000E+01,clip, 1.000E-08, 1.000E-01, 1.000E-01,1,2,0,0,1, 1.88170E-02, 5.150941786E+02,95,1,Hc10
Misra1a_10,2,H, 1.000E+01,clip, 1.000E-08, 1.000E-01, 1.000E-01,1,3,0,1,1102, 3.44655E-01, 1.000484320E-01,1250,2,Hc10
Misra1a_10,2,H, 1.000E+01,clip, 1.000E-08, 1.000E-01, 1.000E-01,1,4,1,1,10000, 9.47535E+01, 1.967315053E+03,440031,1,Hc10
Misra1a_10,2,H, 1.000E+01,clip, 1.000E-08, 1.000E-01, 1.000E-01,1,5,0,1,9, 3.77700E-02, 6.939795034E-02,173,2,Hc10
Misra1a_10,2,H, 1.000E+01,clip, 1.000E-08, 1.000E-01, 1.000E-01,1,6,1,4998,10000, 1.46905E+02, 7.624454641E-01,584772,2,Hc10
Misra1a_10,2,H, 1.000E+01,clip, 1.000E-08, 1.000E-01, 1.000E-01,1,7,0,0,1, 1.76820E-02, 5.372558976E+02,76,1,Hc10
Misra1a_10,2,H, 1.000E+01,clip, 1.000E-08, 1.000E-01, 1.000E-01,1,8,0,0,1, 1.77950E-02, 7.156633983E+02,92,1,Hc10
Misra1a_10,2,H, 1.000E+01,clip, 1.000E-08, 1.000E-01, 1.000E-01,1,9,0,0,1, 1.92170E-02, 9.098429138E+02,99,1,Hc10
Misra1a_10,2,H, 1.000E+01,clip, 1.000E-08, 1.000E-01, 1.000E-01,1,10,0,0,1, 1.30530E-02, 5.751184492E+02,63,1,Hc10
Misra1a_10,2,QN, 1.000E+04,scale, 1.000E-08, 1.000E-01, 1.000E-01,1,1,1,1,10000, 9.57266E+01, 1.967884307E+03,314436,1,QN
Misra1a_10,2,QN, 1.000E+04,scale, 1.000E-08, 1.000E-01, 1.000E-01,1,2,0,0,1, 1.75940E-02, 5.150941786E+02,95,1,QN
Misra1a_10,2,QN, 1.000E+04,scale, 1.000E-08, 1.000E-01, 1.000E-01,1,3,0,1,1150, 3.48184E-01, 3.952319761E-02,1360,2,QN
Misra1a_10,2,QN, 1.000E+04,scale, 1.000E-08, 1.000E-01, 1.000E-01,1,4,1,1,10000, 9.65096E+01, 1.967315053E+03,440031,1,QN
Misra1a_10,2,QN, 1.000E+04,scale, 1.000E-08, 1.000E-01, 1.000E-01,1,5,0,1,9, 4.03030E-02, 7.022555760E-02,173,2,QN
Misra1a_10,2,QN, 1.000E+04,scale, 1.000E-08, 1.000E-01, 1.000E-01,1,6,0,1,12, 4.79670E-02, 6.472951131E-02,224,2,QN
Misra1a_10,2,QN, 1.000E+04,scale, 1.000E-08, 1.000E-01, 1.000E-01,1,7,0,0,1, 1.81050E-02, 5.372558976E+02,76,1,QN
Misra1a_10,2,QN, 1.000E+04,scale, 1.000E-08, 1.000E-01, 1.000E-01,1,8,0,0,1, 1.70620E-02, 7.156633983E+02,92,1,QN
Misra1a_10,2,QN, 1.000E+04,scale, 1.000E-08, 1.000E-01, 1.000E-01,1,9,0,0,1, 1.77430E-02, 9.098429138E+02,99,1,QN
Misra1a_10,2,QN, 1.000E+04,scale, 1.000E-08, 1.000E-01, 1.000E-01,1,10,0,0,1, 1.24850E-02, 5.751184492E+02,63,1,QN
Misra1a_10,2,0, 1.000E+00,scale, 1.000E-08, 1.000E-01, 1.000E-01,2,1,1,0,10000, 8.18023E+00, 5.323218102E-02,10050,2,FO
Misra1a_10,2,0, 1.000E+00,scale, 1.000E-08, 1.000E-01, 1.000E-01,2,2,0,0,2398, 4.15025E-01, 4.790221174E-02,2463,2,FO
Misra1a_10,2,0, 1.000E+00,scale, 1.000E-08, 1.000E-01, 1.000E-01,2,3,0,0,1653, 8.33023E-01, 1.001415695E-01,1718,2,FO
Misra1a_10,2,0, 1.000E+00,scale, 1.000E-08, 1.000E-01, 1.000E-01,2,4,0,0,2238, 1.23408E+00, 9.403673300E-02,2351,2,FO
Misra1a_10,2,0, 1.000E+00,scale, 1.000E-08, 1.000E-01, 1.000E-01,2,5,0,0,1289, 6.15643E-01, 1.004512041E-01,1338,2,FO
Misra1a_10,2,0, 1.000E+00,scale, 1.000E-08, 1.000E-01, 1.000E-01,2,6,0,0,3889, 2.72949E+00, 5.210257351E-02,3937,2,FO
Misra1a_10,2,0, 1.000E+00,scale, 1.000E-08, 1.000E-01, 1.000E-01,2,7,0,0,3, 1.13600E-02, 6.786045371E-02,36,2,FO
Misra1a_10,2,0, 1.000E+00,scale, 1.000E-08, 1.000E-01, 1.000E-01,2,8,0,0,2858, 1.88595E+00, 7.042165986E-02,3004,2,FO
Misra1a_10,2,0, 1.000E+00,scale, 1.000E-08, 1.000E-01, 1.000E-01,2,9,0,0,2684, 2.98193E+00, 8.883823230E-02,2764,2,FO
Misra1a_10,2,0, 1.000E+00,scale, 1.000E-08, 1.000E-01, 1.000E-01,2,10,0,0,1253, 6.01788E-01, 1.002263519E-01,1302,2,FO
Misra1a_10,2,GN, 1.000E+04,scale, 1.000E-08, 1.000E-01, 1.000E-01,2,1,1,0,10000, 9.37146E+00, 5.308085289E-02,10050,2,GN
Misra1a_10,2,GN, 1.000E+04,scale, 1.000E-08, 1.000E-01, 1.000E-01,2,2,0,0,2400, 7.07615E-01, 4.790245342E-02,2465,2,GN
Misra1a_10,2,GN, 1.000E+04,scale, 1.000E-08, 1.000E-01, 1.000E-01,2,3,0,0,1655, 8.53533E-01, 1.001380142E-01,1720,2,GN
Misra1a_10,2,GN, 1.000E+04,scale, 1.000E-08, 1.000E-01, 1.000E-01,2,4,0,0,2239, 1.51318E+00, 9.410243365E-02,2352,2,GN
Misra1a_10,2,GN, 1.000E+04,scale, 1.000E-08, 1.000E-01, 1.000E-01,2,5,0,0,1289, 5.92221E-01, 1.004488735E-01,1338,2,GN
Misra1a_10,2,GN, 1.000E+04,scale, 1.000E-08, 1.000E-01, 1.000E-01,2,6,0,0,3891, 3.03938E+00, 5.209082299E-02,3939,2,GN
Misra1a_10,2,GN, 1.000E+04,scale, 1.000E-08, 1.000E-01, 1.000E-01,2,7,0,0,3, 8.92200E-03, 6.786047427E-02,36,2,GN
Misra1a_10,2,GN, 1.000E+04,scale, 1.000E-08, 1.000E-01, 1.000E-01,2,8,0,0,2858, 2.24326E+00, 7.048328505E-02,3004,2,GN
Misra1a_10,2,GN, 1.000E+04,scale, 1.000E-08, 1.000E-01, 1.000E-01,2,9,0,0,2684, 3.34812E+00, 8.883877387E-02,2764,2,GN
Misra1a_10,2,GN, 1.000E+04,scale, 1.000E-08, 1.000E-01, 1.000E-01,2,10,0,0,1253, 5.81657E-01, 1.002244611E-01,1302,2,GN
Misra1a_10,2,GN, 1.000E+00,scale, 1.000E-08, 1.000E-01, 1.000E-01,2,1,1,0,10000, 8.19135E+00, 5.320329492E-02,10050,2,GN1
Misra1a_10,2,GN, 1.000E+00,scale, 1.000E-08, 1.000E-01, 1.000E-01,2,2,0,0,2398, 4.31918E-01, 4.790221179E-02,2463,2,GN1
Misra1a_10,2,GN, 1.000E+00,scale, 1.000E-08, 1.000E-01, 1.000E-01,2,3,0,0,1655, 7.99973E-01, 1.001361224E-01,1720,2,GN1
Misra1a_10,2,GN, 1.000E+00,scale, 1.000E-08, 1.000E-01, 1.000E-01,2,4,0,0,2238, 1.14843E+00, 9.403753041E-02,2351,2,GN1
Misra1a_10,2,GN, 1.000E+00,scale, 1.000E-08, 1.000E-01, 1.000E-01,2,5,0,0,1289, 5.98546E-01, 1.004493034E-01,1338,2,GN1
Misra1a_10,2,GN, 1.000E+00,scale, 1.000E-08, 1.000E-01, 1.000E-01,2,6,0,0,3889, 2.69397E+00, 5.210257340E-02,3937,2,GN1
Misra1a_10,2,GN, 1.000E+00,scale, 1.000E-08, 1.000E-01, 1.000E-01,2,7,0,0,3, 1.13580E-02, 6.786045371E-02,36,2,GN1
Misra1a_10,2,GN, 1.000E+00,scale, 1.000E-08, 1.000E-01, 1.000E-01,2,8,0,0,2857, 1.91388E+00, 7.046347304E-02,3003,2,GN1
Misra1a_10,2,GN, 1.000E+00,scale, 1.000E-08, 1.000E-01, 1.000E-01,2,9,0,0,2684, 3.30901E+00, 8.883823235E-02,2764,2,GN1
Misra1a_10,2,GN, 1.000E+00,scale, 1.000E-08, 1.000E-01, 1.000E-01,2,10,0,0,1253, 5.87870E-01, 1.002263517E-01,1302,2,GN1
Misra1a_10,2,H, 1.000E+04,scale, 1.000E-08, 1.000E-01, 1.000E-01,2,1,1,0,10000, 9.44117E+00, 5.320778503E-02,10050,2,H
Misra1a_10,2,H, 1.000E+04,scale, 1.000E-08, 1.000E-01, 1.000E-01,2,2,0,0,2400, 7.08819E-01, 4.789680242E-02,2465,2,H
Misra1a_10,2,H, 1.000E+04,scale, 1.000E-08, 1.000E-01, 1.000E-01,2,3,0,0,1655, 8.75591E-01, 1.001380158E-01,1720,2,H
Misra1a_10,2,H, 1.000E+04,scale, 1.000E-08, 1.000E-01, 1.000E-01,2,4,0,0,2239, 1.41723E+00, 9.410062025E-02,2352,2,H
Misra1a_10,2,H, 1.000E+04,scale, 1.000E-08, 1.000E-01, 1.000E-01,2,5,0,0,1289, 5.85304E-01, 1.004488741E-01,1338,2,H
Misra1a_10,2,H, 1.000E+04,scale, 1.000E-08, 1.000E-01, 1.000E-01,2,6,0,0,3892, 3.02394E+00, 5.208552444E-02,3940,2,H
Misra1a_10,2,H, 1.000E+04,scale, 1.000E-08, 1.000E-01, 1.000E-01,2,7,0,0,3, 8.38500E-03, 6.786047427E-02,36,2,H
Misra1a_10,2,H, 1.000E+04,scale, 1.000E-08, 1.000E-01, 1.000E-01,2,8,0,0,2859, 2.30583E+00, 7.046240635E-02,3005,2,H
Misra1a_10,2,H, 1.000E+04,scale, 1.000E-08, 1.000E-01, 1.000E-01,2,9,0,0,2685, 3.59005E+00, 8.883696588E-02,2765,2,H
Misra1a_10,2,H, 1.000E+04,scale, 1.000E-08, 1.000E-01, 1.000E-01,2,10,0,0,1253, 5.77374E-01, 1.002244618E-01,1302,2,H
Misra1a_10,2,H, 1.000E-01,scale, 1.000E-08, 1.000E-01, 1.000E-01,2,1,1,0,10000, 8.25526E+00, 5.313292161E-02,10050,2,H0.1
Misra1a_10,2,H, 1.000E-01,scale, 1.000E-08, 1.000E-01, 1.000E-01,2,2,0,0,2398, 5.88775E-01, 4.790221175E-02,2463,2,H0.1
Misra1a_10,2,H, 1.000E-01,scale, 1.000E-08, 1.000E-01, 1.000E-01,2,3,0,0,1655, 9.56456E-01, 1.001382065E-01,1720,2,H0.1
Misra1a_10,2,H, 1.000E-01,scale, 1.000E-08, 1.000E-01, 1.000E-01,2,4,0,0,2241, 1.17158E+00, 9.394849876E-02,2354,2,H0.1
Misra1a_10,2,H, 1.000E-01,scale, 1.000E-08, 1.000E-01, 1.000E-01,2,5,0,0,1289, 5.96563E-01, 1.004512036E-01,1338,2,H0.1
Misra1a_10,2,H, 1.000E-01,scale, 1.000E-08, 1.000E-01, 1.000E-01,2,6,0,0,3889, 2.67469E+00, 5.210257350E-02,3937,2,H0.1
Misra1a_10,2,H, 1.000E-01,scale, 1.000E-08, 1.000E-01, 1.000E-01,2,7,0,0,3, 1.17440E-02, 6.786045371E-02,36,2,H0.1
Misra1a_10,2,H, 1.000E-01,scale, 1.000E-08, 1.000E-01, 1.000E-01,2,8,0,0,2857, 1.89469E+00, 7.046346317E-02,3003,2,H0.1
Misra1a_10,2,H, 1.000E-01,scale, 1.000E-08, 1.000E-01, 1.000E-01,2,9,0,0,2684, 3.02473E+00, 8.883823230E-02,2764,2,H0.1
Misra1a_10,2,H, 1.000E-01,scale, 1.000E-08, 1.000E-01, 1.000E-01,2,10,0,0,1253, 5.98170E-01, 1.002263522E-01,1302,2,H0.1
Misra1a_10,2,H, 1.000E+00,scale, 1.000E-08, 1.000E-01, 1.000E-01,2,1,1,0,10000, 8.72416E+00, 5.315362190E-02,10050,2,H1
Misra1a_10,2,H, 1.000E+00,scale, 1.000E-08, 1.000E-01, 1.000E-01,2,2,0,0,2398, 4.49237E-01, 4.790221179E-02,2463,2,H1
Misra1a_10,2,H, 1.000E+00,scale, 1.000E-08, 1.000E-01, 1.000E-01,2,3,0,0,1652, 8.04574E-01, 1.001390561E-01,1717,2,H1
Misra1a_10,2,H, 1.000E+00,scale, 1.000E-08, 1.000E-01, 1.000E-01,2,4,0,0,2238, 1.19774E+00, 9.404236746E-02,2351,2,H1
Misra1a_10,2,H, 1.000E+00,scale, 1.000E-08, 1.000E-01, 1.000E-01,2,5,0,0,1289, 6.14769E-01, 1.004512042E-01,1338,2,H1
Misra1a_10,2,H, 1.000E+00,scale, 1.000E-08, 1.000E-01, 1.000E-01,2,6,0,0,3889, 2.86232E+00, 5.210257340E-02,3937,2,H1
Misra1a_10,2,H, 1.000E+00,scale, 1.000E-08, 1.000E-01, 1.000E-01,2,7,0,0,3, 1.36040E-02, 6.786045371E-02,36,2,H1
Misra1a_10,2,H, 1.000E+00,scale, 1.000E-08, 1.000E-01, 1.000E-01,2,8,0,0,2857, 2.25815E+00, 7.046347805E-02,3003,2,H1
Misra1a_10,2,H, 1.000E+00,scale, 1.000E-08, 1.000E-01, 1.000E-01,2,9,0,0,2684, 3.18886E+00, 8.883823235E-02,2764,2,H1
Misra1a_10,2,H, 1.000E+00,scale, 1.000E-08, 1.000E-01, 1.000E-01,2,10,0,0,1253, 5.93390E-01, 1.002263526E-01,1302,2,H1
Misra1a_10,2,H, 1.000E+01,scale, 1.000E-08, 1.000E-01, 1.000E-01,2,1,1,0,10000, 8.34123E+00, 5.321990116E-02,10050,2,H10
Misra1a_10,2,H, 1.000E+01,scale, 1.000E-08, 1.000E-01, 1.000E-01,2,2,0,0,2398, 4.71036E-01, 4.790227574E-02,2463,2,H10
Misra1a_10,2,H, 1.000E+01,scale, 1.000E-08, 1.000E-01, 1.000E-01,2,3,0,0,1652, 8.08630E-01, 1.001390775E-01,1717,2,H10
Misra1a_10,2,H, 1.000E+01,scale, 1.000E-08, 1.000E-01, 1.000E-01,2,4,0,0,2233, 1.26798E+00, 9.418583368E-02,2346,2,H10
Misra1a_10,2,H, 1.000E+01,scale, 1.000E-08, 1.000E-01, 1.000E-01,2,5,0,0,1289, 5.96884E-01, 1.004512018E-01,1338,2,H10
Misra1a_10,2,H, 1.000E+01,scale, 1.000E-08, 1.000E-01, 1.000E-01,2,6,0,0,3889, 2.74295E+00, 5.210257236E-02,3937,2,H10
Misra1a_10,2,H, 1.000E+01,scale, 1.000E-08, 1.000E-01, 1.000E-01,2,7,0,0,3, 1.24250E-02, 6.786045373E-02,36,2,H10
Misra1a_10,2,H, 1.000E+01,scale, 1.000E-08, 1.000E-01, 1.000E-01,2,8,0,0,2858, 2.05181E+00, 7.042961782E-02,3004,2,H10
Misra1a_10,2,H, 1.000E+01,scale, 1.000E-08, 1.000E-01, 1.000E-01,2,9,0,0,2684, 3.32283E+00, 8.883823284E-02,2764,2,H10
Misra1a_10,2,H, 1.000E+01,scale, 1.000E-08, 1.000E-01, 1.000E-01,2,10,0,0,1253, 5.96967E-01, 1.002263499E-01,1302,2,H10
Misra1a_10,2,H, 1.000E+02,scale, 1.000E-08, 1.000E-01, 1.000E-01,2,1,1,0,10000, 8.55716E+00, 5.326858473E-02,10050,2,H100
Misra1a_10,2,H, 1.000E+02,scale, 1.000E-08, 1.000E-01, 1.000E-01,2,2,0,0,2398, 7.45316E-01, 4.790532959E-02,2463,2,H100
Misra1a_10,2,H, 1.000E+02,scale, 1.000E-08, 1.000E-01, 1.000E-01,2,3,0,0,1652, 9.00871E-01, 1.001368336E-01,1717,2,H100
Misra1a_10,2,H, 1.000E+02,scale, 1.000E-08, 1.000E-01, 1.000E-01,2,4,0,0,2238, 1.30441E+00, 9.404712065E-02,2351,2,H100
Misra1a_10,2,H, 1.000E+02,scale, 1.000E-08, 1.000E-01, 1.000E-01,2,5,0,0,1289, 5.70947E-01, 1.004511806E-01,1338,2,H100
Misra1a_10,2,H, 1.000E+02,scale, 1.000E-08, 1.000E-01, 1.000E-01,2,6,0,0,3889, 2.95293E+00, 5.210256201E-02,3937,2,H100
Misra1a_10,2,H, 1.000E+02,scale, 1.000E-08, 1.000E-01, 1.000E-01,2,7,0,0,3, 1.11400E-02, 6.786045392E-02,36,2,H100
Misra1a_10,2,H, 1.000E+02,scale, 1.000E-08, 1.000E-01, 1.000E-01,2,8,0,0,2858, 2.07025E+00, 7.042822559E-02,3004,2,H100
Misra1a_10,2,H, 1.000E+02,scale, 1.000E-08, 1.000E-01, 1.000E-01,2,9,0,0,2684, 3.23235E+00, 8.883823772E-02,2764,2,H100
Misra1a_10,2,H, 1.000E+02,scale, 1.000E-08, 1.000E-01, 1.000E-01,2,10,0,0,1253, 5.32969E-01, 1.002263324E-01,1302,2,H100
Misra1a_10,2,H, 1.000E+00,scale, 1.000E-08, 1.000E-01, 1.000E-01,2,1,0,0,2293, 1.22759E+00, 1.001646554E-01,2310,2,HA1
Misra1a_10,2,H, 1.000E+00,scale, 1.000E-08, 1.000E-01, 1.000E-01,2,2,0,0,1981, 1.28829E+00, 7.212930928E-02,2058,2,HA1
Misra1a_10,2,H, 1.000E+00,scale, 1.000E-08, 1.000E-01, 1.000E-01,2,3,0,0,1754, 8.22647E-01, 1.000022505E-01,1851,2,HA1
Misra1a_10,2,H, 1.000E+00,scale, 1.000E-08, 1.000E-01, 1.000E-01,2,4,0,0,2275, 1.11503E+00, 9.278608129E-02,2307,2,HA1
Misra1a_10,2,H, 1.000E+00,scale, 1.000E-08, 1.000E-01, 1.000E-01,2,5,0,1,798, 2.64616E-01, 1.000476849E-01,1240,2,HA1
Misra1a_10,2,H, 1.000E+00,scale, 1.000E-08, 1.000E-01, 1.000E-01,2,6,0,0,6317, 4.97851E+00, 3.910838181E-02,6398,2,HA1
Misra1a_10,2,H, 1.000E+00,scale, 1.000E-08, 1.000E-01, 1.000E-01,2,7,0,0,5, 3.39770E-02, 6.475271444E-02,69,2,HA1
Misra1a_10,2,H, 1.000E+00,scale, 1.000E-08, 1.000E-01, 1.000E-01,2,8,0,0,3180, 1.72464E+00, 6.169767851E-02,3197,2,HA1
Misra1a_10,2,H, 1.000E+00,scale, 1.000E-08, 1.000E-01, 1.000E-01,2,9,0,0,5274, 6.19301E+00, 7.874135436E-02,5339,2,HA1
Misra1a_10,2,H, 1.000E+00,scale, 1.000E-08, 1.000E-01, 1.000E-01,2,10,0,0,1178, 6.41759E-01, 1.005026905E-01,1259,2,HA1
Misra1a_10,2,H, 1.000E+00,scale, 1.000E-08, 1.000E-01, 1.000E-01,2,1,0,0,8459, 8.12830E+00, 7.434318956E-02,8491,2,HA10
Misra1a_10,2,H, 1.000E+00,scale, 1.000E-08, 1.000E-01, 1.000E-01,2,2,0,0,2509, 1.20638E+00, 6.055818900E-02,2596,2,HA10
Misra1a_10,2,H, 1.000E+00,scale, 1.000E-08, 1.000E-01, 1.000E-01,2,3,0,0,1696, 7.91973E-01, 1.000659740E-01,1759,2,HA10
Misra1a_10,2,H, 1.000E+00,scale, 1.000E-08, 1.000E-01, 1.000E-01,2,4,0,0,2389, 1.41573E+00, 8.933037926E-02,2421,2,HA10
Misra1a_10,2,H, 1.000E+00,scale, 1.000E-08, 1.000E-01, 1.000E-01,2,5,0,0,1373, 7.45852E-01, 1.002934362E-01,1436,2,HA10
Misra1a_10,2,H, 1.000E+00,scale, 1.000E-08, 1.000E-01, 1.000E-01,2,6,0,0,5, 3.37770E-02, 7.237892249E-02,65,2,HA10
Misra1a_10,2,H, 1.000E+00,scale, 1.000E-08, 1.000E-01, 1.000E-01,2,7,0,0,27, 4.27720E-02, 1.029476358E-01,72,2,HA10
Misra1a_10,2,H, 1.000E+00,scale, 1.000E-08, 1.000E-01, 1.000E-01,2,8,0,0,3034, 2.21223E+00, 6.566578285E-02,3152,2,HA10
Misra1a_10,2,H, 1.000E+00,scale, 1.000E-08, 1.000E-01, 1.000E-01,2,9,0,0,8701, 1.01556E+01, 6.270826241E-02,8747,2,HA10
Misra1a_10,2,H, 1.000E+00,scale, 1.000E-08, 1.000E-01, 1.000E-01,2,10,0,0,1239, 6.34790E-01, 1.002783485E-01,1302,2,HA10
Misra1a_10,2,H, 1.000E+00,scale, 1.000E-08, 1.000E-01, 1.000E-01,2,1,0,0,8391, 8.18206E+00, 7.525773925E-02,8438,2,HA100
Misra1a_10,2,H, 1.000E+00,scale, 1.000E-08, 1.000E-01, 1.000E-01,2,2,0,0,1093, 6.08623E-01, 8.514409967E-02,1135,2,HA100
Misra1a_10,2,H, 1.000E+00,scale, 1.000E-08, 1.000E-01, 1.000E-01,2,3,0,0,1462, 7.09966E-01, 1.006143240E-01,1599,2,HA100
Misra1a_10,2,H, 1.000E+00,scale, 1.000E-08, 1.000E-01, 1.000E-01,2,4,0,0,940, 2.95377E-01, 1.000561138E-01,1015,2,HA100
Misra1a_10,2,H, 1.000E+00,scale, 1.000E-08, 1.000E-01, 1.000E-01,2,5,0,0,1417, 7.65689E-01, 1.001329242E-01,1558,2,HA100
Misra1a_10,2,H, 1.000E+00,scale, 1.000E-08, 1.000E-01, 1.000E-01,2,6,0,0,1583, 9.74996E-01, 7.572776261E-02,1636,2,HA100
Misra1a_10,2,H, 1.000E+00,scale, 1.000E-08, 1.000E-01, 1.000E-01,2,7,0,0,512, 3.14372E-01, 1.021659042E-01,552,2,HA100
Misra1a_10,2,H, 1.000E+00,scale, 1.000E-08, 1.000E-01, 1.000E-01,2,8,0,0,668, 1.43485E-01, 1.000522351E-01,711,2,HA100
Misra1a_10,2,H, 1.000E+00,scale, 1.000E-08, 1.000E-01, 1.000E-01,2,9,0,0,4074, 4.68285E+00, 8.367362118E-02,4155,2,HA100
Misra1a_10,2,H, 1.000E+00,scale, 1.000E-08, 1.000E-01, 1.000E-01,2,10,0,0,1240, 7.20987E-01, 1.001192811E-01,1381,2,HA100
Misra1a_10,2,H, 1.000E+00,clip, 1.000E-08, 1.000E-01, 1.000E-01,2,1,1,0,10000, 8.27424E+00, 5.317466603E-02,10050,2,Hc1
Misra1a_10,2,H, 1.000E+00,clip, 1.000E-08, 1.000E-01, 1.000E-01,2,2,0,0,2412, 4.78650E-01, 4.787629345E-02,2477,2,Hc1
Misra1a_10,2,H, 1.000E+00,clip, 1.000E-08, 1.000E-01, 1.000E-01,2,3,0,0,1654, 1.04718E+00, 1.001350431E-01,1719,2,Hc1
Misra1a_10,2,H, 1.000E+00,clip, 1.000E-08, 1.000E-01, 1.000E-01,2,4,0,0,821, 2.18836E-01, 1.000481428E-01,919,2,Hc1
Misra1a_10,2,H, 1.000E+00,clip, 1.000E-08, 1.000E-01, 1.000E-01,2,5,0,0,1290, 5.85662E-01, 1.004509564E-01,1339,2,Hc1
Misra1a_10,2,H, 1.000E+00,clip, 1.000E-08, 1.000E-01, 1.000E-01,2,6,0,0,3910, 2.64121E+00, 5.200035403E-02,3958,2,Hc1
Misra1a_10,2,H, 1.000E+00,clip, 1.000E-08, 1.000E-01, 1.000E-01,2,7,0,0,3, 1.07850E-02, 6.786045404E-02,36,2,Hc1
Misra1a_10,2,H, 1.000E+00,clip, 1.000E-08, 1.000E-01, 1.000E-01,2,8,0,0,7, 2.38610E-02, 1.130324217E-02,95,2,Hc1
Misra1a_10,2,H, 1.000E+00,clip, 1.000E-08, 1.000E-01, 1.000E-01,2,9,0,0,2712, 2.96684E+00, 8.878892418E-02,2792,2,Hc1
Misra1a_10,2,H, 1.000E+00,clip, 1.000E-08, 1.000E-01, 1.000E-01,2,10,0,0,1252, 5.93235E-01, 1.002327444E-01,1301,2,Hc1
Misra1a_10,2,H, 1.000E+01,clip, 1.000E-08, 1.000E-01, 1.000E-01,2,1,1,0,10000, 8.27264E+00, 5.313333289E-02,10050,2,Hc10
Misra1a_10,2,H, 1.000E+01,clip, 1.000E-08, 1.000E-01, 1.000E-01,2,2,0,0,2412, 4.50887E-01, 4.787112523E-02,2477,2,Hc10
Misra1a_10,2,H, 1.000E+01,clip, 1.000E-08, 1.000E-01, 1.000E-01,2,3,0,0,1654, 7.91384E-01, 1.001350420E-01,1719,2,Hc10
Misra1a_10,2,H, 1.000E+01,clip, 1.000E-08, 1.000E-01, 1.000E-01,2,4,0,0,815, 2.06531E-01, 1.000435861E-01,913,2,Hc10
Misra1a_10,2,H, 1.000E+01,clip, 1.000E-08, 1.000E-01, 1.000E-01,2,5,0,0,1291, 5.92239E-01, 1.004480568E-01,1340,2,Hc10
Misra1a_10,2,H, 1.000E+01,clip, 1.000E-08, 1.000E-01, 1.000E-01,2,6,0,0,3910, 2.68856E+00, 5.200035299E-02,3958,2,Hc10
Misra1a_10,2,H, 1.000E+01,clip, 1.000E-08, 1.000E-01, 1.000E-01,2,7,0,0,3, 1.17470E-02, 6.786045406E-02,36,2,Hc10
Misra1a_10,2,H, 1.000E+01,clip, 1.000E-08, 1.000E-01, 1.000E-01,2,8,0,0,7, 2.48020E-02, 1.130324223E-02,95,2,Hc10
Misra1a_10,2,H, 1.000E+01,clip, 1.000E-08, 1.000E-01, 1.000E-01,2,9,0,0,2712, 3.06339E+00, 8.878892467E-02,2792,2,Hc10
Misra1a_10,2,H, 1.000E+01,clip, 1.000E-08, 1.000E-01, 1.000E-01,2,10,0,0,1252, 6.17620E-01, 1.002327427E-01,1301,2,Hc10
Misra1a_10,2,QN, 1.000E+04,scale, 1.000E-08, 1.000E-01, 1.000E-01,2,1,1,0,10000, 9.38795E+00, 5.334878731E-02,10050,2,QN
Misra1a_10,2,QN, 1.000E+04,scale, 1.000E-08, 1.000E-01, 1.000E-01,2,2,0,0,2398, 7.05078E-01, 4.790257543E-02,2463,2,QN
Misra1a_10,2,QN, 1.000E+04,scale, 1.000E-08, 1.000E-01, 1.000E-01,2,3,0,0,1652, 9.32911E-01, 1.001392402E-01,1717,2,QN
Misra1a_10,2,QN, 1.000E+04,scale, 1.000E-08, 1.000E-01, 1.000E-01,2,4,0,0,963, 1.92400E-01, 1.005644474E-01,1043,2,QN
Misra1a_10,2,QN, 1.000E+04,scale, 1.000E-08, 1.000E-01, 1.000E-01,2,5,0,0,1289, 5.79670E-01, 1.004512499E-01,1338,2,QN
Misra1a_10,2,QN, 1.000E+04,scale, 1.000E-08, 1.000E-01, 1.000E-01,2,6,0,1,1703, 1.13015E+00, 9.075481592E-02,1882,2,QN
Misra1a_10,2,QN, 1.000E+04,scale, 1.000E-08, 1.000E-01, 1.000E-01,2,7,0,0,3, 1.15450E-02, 6.786038886E-02,36,2,QN
Misra1a_10,2,QN, 1.000E+04,scale, 1.000E-08, 1.000E-01, 1.000E-01,2,8,0,0,2636, 1.79936E+00, 8.534873445E-02,2748,2,QN
Misra1a_10,2,QN, 1.000E+04,scale, 1.000E-08, 1.000E-01, 1.000E-01,2,9,0,0,2684, 3.23896E+00, 8.883837108E-02,2764,2,QN
Misra1a_10,2,QN, 1.000E+04,scale, 1.000E-08, 1.000E-01, 1.000E-01,2,10,0,0,1253, 5.79516E-01, 1.002263946E-01,1302,2,QN
Poly_ref,10,0, 1.000E+00,scale, 1.000E-08, 1.000E-01, 1.000E-01,1,1,0,0,39, 2.10010E-02, 7.672364850E-02,209,10,FO
Poly_ref,10,0, 1.000E+00,scale, 1.000E-08, 1.000E-01, 1.000E-01,1,2,0,0,18, 9.20700E-03, 8.738792123E-02,86,10,FO
Poly_ref,10,0, 1.000E+00,scale, 1.000E-08, 1.000E-01, 1.000E-01,1,3,0,0,16, 6.74200E-03, 7.629217529E+00,95,4,FO
Poly_ref,10,0, 1.000E+00,scale, 1.000E-08, 1.000E-01, 1.000E-01,1,4,0,0,28, 1.49330E-02, 5.448951795E+00,148,1,FO
Poly_ref,10,0, 1.000E+00,scale, 1.000E-08, 1.000E-01, 1.000E-01,1,5,0,0,12, 3.11900E-03, 1.343557651E+01,42,0,FO
Poly_ref,10,0, 1.000E+00,scale, 1.000E-08, 1.000E-01, 1.000E-01,1,6,0,0,27, 1.36780E-02, 9.684683005E-02,141,10,FO
Poly_ref,10,0, 1.000E+00,scale, 1.000E-08, 1.000E-01, 1.000E-01,1,7,0,0,20, 8.20600E-03, 6.068425513E+00,92,2,FO
Poly_ref,10,0, 1.000E+00,scale, 1.000E-08, 1.000E-01, 1.000E-01,1,8,0,0,46, 1.82710E-02, 5.355158380E+00,225,2,FO
Poly_ref,10,0, 1.000E+00,scale, 1.000E-08, 1.000E-01, 1.000E-01,1,9,0,0,40, 1.49880E-02, 5.891801555E-02,216,10,FO
Poly_ref,10,0, 1.000E+00,scale, 1.000E-08, 1.000E-01, 1.000E-01,1,10,0,0,18, 6.51400E-03, 5.545239520E+00,72,3,FO
Poly_ref,10,GN, 1.000E+04,scale, 1.000E-08, 1.000E-01, 1.000E-01,1,1,0,0,25, 2.47540E-02, 8.591972111E+00,136,1,GN
Poly_ref,10,GN, 1.000E+04,scale, 1.000E-08, 1.000E-01, 1.000E-01,1,2,0,0,36, 2.92730E-02, 1.058413193E-01,188,10,GN
Poly_ref,10,GN, 1.000E+04,scale, 1.000E-08, 1.000E-01, 1.000E-01,1,3,0,0,13, 1.01420E-02, 7.504172615E+00,45,0,GN
Poly_ref,10,GN, 1.000E+04,scale, 1.000E-08, 1.000E-01, 1.000E-01,1,4,0,0,24, 1.75670E-02, 5.649533860E+00,148,0,GN
Poly_ref,10,GN, 1.000E+04,scale, 1.000E-08, 1.000E-01, 1.000E-01,1,5,0,0,12, 3.71200E-03, 1.343568976E+01,42,0,GN
Poly_ref,10,GN, 1.000E+04,scale, 1.000E-08, 1.000E-01, 1.000E-01,1,6,0,0,40, 2.53270E-02, 1.017207501E-01,208,10,GN
Poly_ref,10,GN, 1.000E+04,scale, 1.000E-08, 1.000E-01, 1.000E-01,1,7,0,0,31, 1.75810E-02, 7.586628009E-02,145,10,GN
Poly_ref,10,GN, 1.000E+04,scale, 1.000E-08, 1.000E-01, 1.000E-01,1,8,0,0,25, 1.22630E-02, 5.361481483E+00,114,2,GN
Poly_ref,10,GN, 1.000E+04,scale, 1.000E-08, 1.000E-01, 1.000E-01,1,9,0,0,37, 1.23490E-02, 8.537880656E+00,169,4,GN
Poly_ref,10,GN, 1.000E+04,scale, 1.000E-08, 1.000E-01, 1.000E-01,1,10,0,0,19, 8.67900E-03, 5.349256914E+00,80,2,GN
Poly_ref,10,GN, 1.000E+00,scale, 1.000E-08, 1.000E-01, 1.000E-01,1,1,0,0,35, 1.97710E-02, 4.384573044E+00,197,0,GN1
Poly_ref,10,GN, 1.000E+00,scale, 1.000E-08, 1.000E-01, 1.000E-01,1,2,0,0,25, 1.35800E-02, 7.768052311E-02,134,10,GN1
Poly_ref,10,GN, 1.000E+00,scale, 1.000E-08, 1.000E-01, 1.000E-01,1,3,0,0,14, 5.93600E-03, 8.054396405E+00,60,3,GN1
Poly_ref,10,GN, 1.000E+00,scale, 1.000E-08, 1.000E-01, 1.000E-01,1,4,0,0,27, 1.70780E-02, 5.447758457E+00,139,1,GN1
Poly_ref,10,GN, 1.000E+00,scale, 1.000E-08, 1.000E-01, 1.000E-01,1,5,0,0,12, 4.77200E-03, 1.343555762E+01,42,0,GN1
Poly_ref,10,GN, 1.000E+00,scale, 1.000E-08, 1.000E-01, 1.000E-01,1,6,0,0,33, 1.99070E-02, 5.534577153E-02,196,10,GN1
Poly_ref,10,GN, 1.000E+00,scale, 1.000E-08, 1.000E-01, 1.000E-01,1,7,0,0,29, 1.67980E-02, 5.625596248E+00,163,2,GN1
Poly_ref,10,GN, 1.000E+00,scale, 1.000E-08, 1.000E-01, 1.000E-01,1,8,0,0,48, 2.71100E-02, 5.333627759E+00,231,2,GN1
Poly_ref,10,GN, 1.000E+00,scale, 1.000E-08, 1.000E-01, 1.000E-01,1,9,0,0,26, 1.10620E-02, 5.262619565E+00,134,0,GN1
Poly_ref,10,GN, 1.000E+00,scale, 1.000E-08, 1.000E-01, 1.000E-01,1,10,0,0,26, 2.08900E-02, 5.939870191E+00,124,4,GN1
Poly_ref,10,H, 1.000E+04,scale, 1.000E-08, 1.000E-01, 1.000E-01,1,1,0,0,25, 1.66580E-02, 8.591971993E+00,136,1,H
Poly_ref,10,H, 1.000E+04,scale, 1.000E-08, 1.000E-01, 1.000E-01,1,2,0,0,36, 1.63290E-02, 1.058413840E-01,188,10,H
Poly_ref,10,H, 1.000E+04,scale, 1.000E-08, 1.000E-01, 1.000E-01,1,3,0,0,13, 5.30700E-03, 7.504172627E+00,45,0,H
Poly_ref,10,H, 1.000E+04,scale, 1.000E-08, 1.000E-01, 1.000E-01,1,4,0,0,24, 1.25990E-02, 5.649533761E+00,148,0,H
Poly_ref,10,H, 1.000E+04,scale, 1.000E-08, 1.000E-01, 1.000E-01,1,5,0,0,12, 3.88700E-03, 1.343568977E+01,42,0,H
Poly_ref,10,H, 1.000E+04,scale, 1.000E-08, 1.000E-01, 1.000E-01,1,6,0,0,40, 2.46980E-02, 1.017210096E-01,208,10,H
Poly_ref,10,H, 1.000E+04,scale, 1.000E-08, 1.000E-01, 1.000E-01,1,7,0,0,31, 2.01910E-02, 7.586623353E-02,145,10,H
Poly_ref,10,H, 1.000E+04,scale, 1.000E-08, 1.000E-01, 1.000E-01,1,8,0,0,25, 2.09780E-02, 5.361481439E+00,114,2,H
Poly_ref,10,H, 1.000E+04,scale, 1.000E-08, 1.000E-01, 1.000E-01,1,9,0,0,37, 1.77720E-02, 8.537881205E+00,169,4,H
Poly_ref,10,H, 1.000E+04,scale, 1.000E-08, 1.000E-01, 1.000E-01,1,10,0,0,19, 9.03800E-03, 5.349256921E+00,80,2,H
Poly_ref,10,H, 1.000E-01,scale, 1.000E-08, 1.000E-01, 1.000E-01,1,1,0,0,32, 2.26200E-02, 8.142195426E-02,164,10,H0.1
Poly_ref,10,H, 1.000E-01,scale, 1.000E-08, 1.000E-01, 1.000E-01,1,2,0,0,24, 1.66720E-02, 6.142553412E-02,119,10,H0.1
Poly_ref,10,H, 1.000E-01,scale, 1.000E-08, 1.000E-01, 1.000E-01,1,3,0,0,16, 7.37200E-03, 7.623545326E+00,89,4,H0.1
Poly_ref,10,H, 1.000E-01,scale, 1.000E-08, 1.000E-01, 1.000E-01,1,4,0,0,26, 1.31450E-02, 5.446518403E+00,127,1,H0.1
Poly_ref,10,H, 1.000E-01,scale, 1.000E-08, 1.000E-01, 1.000E-01,1,5,0,0,12, 3.99800E-03, 1.343557472E+01,42,0,H0.1
Poly_ref,10,H, 1.000E-01,scale, 1.000E-08, 1.000E-01, 1.000E-01,1,6,0,0,31, 1.53330E-02, 9.728651015E-02,178,10,H0.1
Poly_ref,10,H, 1.000E-01,scale, 1.000E-08, 1.000E-01, 1.000E-01,1,7,0,0,22, 1.28370E-02, 1.124664534E-01,94,10,H0.1
Poly_ref,10,H, 1.000E-01,scale, 1.000E-08, 1.000E-01, 1.000E-01,1,8,0,0,40, 1.69590E-02, 5.353492603E+00,192,2,H0.1
Poly_ref,10,H, 1.000E-01,scale, 1.000E-08, 1.000E-01, 1.000E-01,1,9,0,0,34, 1.46130E-02, 7.312600900E+00,188,4,H0.1
Poly_ref,10,H, 1.000E-01,scale, 1.000E-08, 1.000E-01, 1.000E-01,1,10,0,0,27, 1.32850E-02, 5.564639761E+00,126,3,H0.1
Poly_ref,10,H, 1.000E+00,scale, 1.000E-08, 1.000E-01, 1.000E-01,1,1,0,0,35, 1.79320E-02, 4.384572964E+00,197,0,H1
Poly_ref,10,H, 1.000E+00,scale, 1.000E-08, 1.000E-01, 1.000E-01,1,2,0,0,25, 1.08460E-02, 7.768052569E-02,134,10,H1
Poly_ref,10,H, 1.000E+00,scale, 1.000E-08, 1.000E-01, 1.000E-01,1,3,0,0,14, 5.29600E-03, 8.054396411E+00,60,3,H1
Poly_ref,10,H, 1.000E+00,scale, 1.000E-08, 1.000E-01, 1.000E-01,1,4,0,0,27, 1.41910E-02, 5.447758465E+00,139,1,H1
Poly_ref,10,H, 1.000E+00,scale, 1.000E-08, 1.000E-01, 1.000E-01,1,5,0,0,12, 4.54200E-03, 1.343555762E+01,53,0,H1
Poly_ref,10,H, 1.000E+00,scale, 1.000E-08, 1.000E-01, 1.000E-01,1,6,0,0,33, 1.67590E-02, 5.534577752E-02,185,10,H1
Poly_ref,10,H, 1.000E+00,scale, 1.000E-08, 1.000E-01, 1.000E-01,1,7,0,0,29, 1.47140E-02, 5.625596248E+00,163,2,H1
Poly_ref,10,H, 1.000E+00,scale, 1.000E-08, 1.000E-01, 1.000E-01,1,8,0,0,48, 2.39790E-02, 5.333627771E+00,231,2,H1
Poly_ref,10,H, 1.000E+00,scale, 1.000E-08, 1.000E-01, 1.000E-01,1,9,0,0,26, 9.94000E-03, 5.262619582E+00,134,0,H1
Poly_ref,10,H, 1.000E+00,scale, 1.000E-08, 1.000E-01, 1.000E-01,1,10,0,0,26, 1.85320E-02, 5.939870203E+00,124,4,H1
Poly_ref,10,H, 1.000E+01,scale, 1.000E-08, 1.000E-01, 1.000E-01,1,1,0,0,33, 1.93910E-02, 7.513143189E+00,183,3,H10
Poly_ref,10,H, 1.000E+01,scale, 1.000E-08, 1.000E-01, 1.000E-01,1,2,0,0,28, 1.38560E-02, 5.252981798E-02,146,10,H10
Poly_ref,10,H, 1.000E+01,scale, 1.000E-08, 1.000E-01, 1.000E-01,1,3,0,0,24, 9.67900E-03, 7.990137342E+00,122,2,H10
Poly_ref,10,H, 1.000E+01,scale, 1.000E-08, 1.000E-01, 1.000E-01,1,4,0,0,32, 1.76560E-02, 5.445658579E+00,174,1,H10
Poly_ref,10,H, 1.000E+01,scale, 1.000E-08, 1.000E-01, 1.000E-01,1,5,0,0,12, 3.97300E-03, 1.343568748E+01,42,0,H10
Poly_ref,10,H, 1.000E+01,scale, 1.000E-08, 1.000E-01, 1.000E-01,1,6,0,0,37, 2.27890E-02, 3.863397721E-02,169,10,H10
Poly_ref,10,H, 1.000E+01,scale, 1.000E-08, 1.000E-01, 1.000E-01,1,7,0,0,26, 1.70610E-02, 5.659104966E+00,133,2,H10
Poly_ref,10,H, 1.000E+01,scale, 1.000E-08, 1.000E-01, 1.000E-01,1,8,0,0,25, 1.33950E-02, 5.356710633E+00,116,2,H10
Poly_ref,10,H, 1.000E+01,scale, 1.000E-08, 1.000E-01, 1.000E-01,1,9,0,0,31, 1.26880E-02, 5.200044119E+00,154,0,H10
Poly_ref,10,H, 1.000E+01,scale, 1.000E-08, 1.000E-01, 1.000E-01,1,10,0,0,31, 1.72380E-02, 5.365391613E+00,147,2,H10
Poly_ref,10,H, 1.000E+02,scale, 1.000E-08, 1.000E-01, 1.000E-01,1,1,0,0,21, 1.48620E-02, 7.390521324E+00,88,0,H100
Poly_ref,10,H, 1.000E+02,scale, 1.000E-08, 1.000E-01, 1.000E-01,1,2,0,0,29, 1.80490E-02, 9.248460079E-02,142,10,H100
Poly_ref,10,H, 1.000E+02,scale, 1.000E-08, 1.000E-01, 1.000E-01,1,3,0,0,26, 1.35910E-02, 7.937287494E+00,109,0,H100
Poly_ref,10,H, 1.000E+02,scale, 1.000E-08, 1.000E-01, 1.000E-01,1,4,0,0,32, 1.93110E-02, 5.456361231E+00,172,1,H100
Poly_ref,10,H, 1.000E+02,scale, 1.000E-08, 1.000E-01, 1.000E-01,1,5,0,0,12, 4.61300E-03, 1.343568821E+01,42,0,H100
Poly_ref,10,H, 1.000E+02,scale, 1.000E-08, 1.000E-01, 1.000E-01,1,6,0,0,34, 2.26070E-02, 5.569025227E+00,177,3,H100
Poly_ref,10,H, 1.000E+02,scale, 1.000E-08, 1.000E-01, 1.000E-01,1,7,0,0,34, 2.93000E-02, 7.577488722E-02,175,10,H100
Poly_ref,10,H, 1.000E+02,scale, 1.000E-08, 1.000E-01, 1.000E-01,1,8,0,0,25, 1.39330E-02, 5.357053466E+00,128,2,H100
Poly_ref,10,H, 1.000E+02,scale, 1.000E-08, 1.000E-01, 1.000E-01,1,9,0,0,39, 2.15150E-02, 9.923590874E-02,197,10,H100
Poly_ref,10,H, 1.000E+02,scale, 1.000E-08, 1.000E-01, 1.000E-01,1,10,0,0,29, 1.37840E-02, 4.378239620E+00,148,0,H100
Poly_ref,10,H, 1.000E+00,scale, 1.000E-08, 1.000E-01, 1.000E-01,1,1,0,0,30, 1.93100E-02, 5.650572450E+00,187,0,HA1
Poly_ref,10,H, 1.000E+00,scale, 1.000E-08, 1.000E-01, 1.000E-01,1,2,0,0,30, 1.69500E-02, 4.079616482E+00,150,1,HA1
Poly_ref,10,H, 1.000E+00,scale, 1.000E-08, 1.000E-01, 1.000E-01,1,3,0,0,19, 8.77600E-03, 8.156799129E+00,87,5,HA1
Poly_ref,10,H, 1.000E+00,scale, 1.000E-08, 1.000E-01, 1.000E-01,1,4,0,0,35, 2.31050E-02, 5.453849436E+00,191,1,HA1
Poly_ref,10,H, 1.000E+00,scale, 1.000E-08, 1.000E-01, 1.000E-01,1,5,0,0,12, 6.55100E-03, 1.343567796E+01,42,0,HA1
Poly_ref,10,H, 1.000E+00,scale, 1.000E-08, 1.000E-01, 1.000E-01,1,6,0,0,19, 9.75400E-03, 6.527538174E+00,90,3,HA1
Poly_ref,10,H, 1.000E+00,scale, 1.000E-08, 1.000E-01, 1.000E-01,1,7,0,0,19, 1.30160E-02, 8.023247289E-02,91,10,HA1
Poly_ref,10,H, 1.000E+00,scale, 1.000E-08, 1.000E-01, 1.000E-01,1,8,0,0,38, 2.12940E-02, 3.151834664E-02,184,10,HA1
Poly_ref,10,H, 1.000E+00,scale, 1.000E-08, 1.000E-01, 1.000E-01,1,9,0,0,28, 1.70450E-02, 5.623582319E+00,139,2,HA1
Poly_ref,10,H, 1.000E+00,scale, 1.000E-08, 1.000E-01, 1.000E-01,1,10,0,0,20, 1.43600E-02, 5.351087683E+00,83,2,HA1
Poly_ref,10,H, 1.000E+00,scale, 1.000E-08, 1.000E-01, 1.000E-01,1,1,0,0,45, 2.42280E-02, 4.095444143E+00,222,1,HA10
Poly_ref,10,H, 1.000E+00,scale, 1.000E-08, 1.000E-01, 1.000E-01,1,2,0,0,25, 1.45950E-02, 5.439281984E+00,121,1,HA10
Poly_ref,10,H, 1.000E+00,scale, 1.000E-08, 1.000E-01, 1.000E-01,1,3,0,0,12, 5.59200E-03, 6.902461748E+00,55,2,HA10
Poly_ref,10,H, 1.000E+00,scale, 1.000E-08, 1.000E-01, 1.000E-01,1,4,0,0,33, 2.03020E-02, 5.462497664E+00,172,1,HA10
Poly_ref,10,H, 1.000E+00,scale, 1.000E-08, 1.000E-01, 1.000E-01,1,5,0,0,12, 7.07500E-03, 1.343558577E+01,53,0,HA10
Poly_ref,10,H, 1.000E+00,scale, 1.000E-08, 1.000E-01, 1.000E-01,1,6,0,0,29, 1.67770E-02, 5.601751201E+00,151,3,HA10
Poly_ref,10,H, 1.000E+00,scale, 1.000E-08, 1.000E-01, 1.000E-01,1,7,0,0,23, 1.92070E-02, 5.616164598E+00,115,2,HA10
Poly_ref,10,H, 1.000E+00,scale, 1.000E-08, 1.000E-01, 1.000E-01,1,8,0,0,27, 1.34680E-02, 5.361449664E+00,133,2,HA10
Poly_ref,10,H, 1.000E+00,scale, 1.000E-08, 1.000E-01, 1.000E-01,1,9,0,0,38, 1.80370E-02, 4.384784833E+00,203,0,HA10
Poly_ref,10,H, 1.000E+00,scale, 1.000E-08, 1.000E-01, 1.000E-01,1,10,0,0,19, 1.02480E-02, 5.339172896E+00,76,2,HA10
Poly_ref,10,H, 1.000E+00,scale, 1.000E-08, 1.000E-01, 1.000E-01,1,1,0,0,19, 8.41800E-03, 6.476663453E+00,82,3,HA100
Poly_ref,10,H, 1.000E+00,scale, 1.000E-08, 1.000E-01, 1.000E-01,1,2,0,0,29, 1.79540E-02, 2.639906942E-02,130,10,HA100
Poly_ref,10,H, 1.000E+00,scale, 1.000E-08, 1.000E-01, 1.000E-01,1,3,0,0,11, 4.15700E-03, 1.093866994E+01,44,1,HA100
Poly_ref,10,H, 1.000E+00,scale, 1.000E-08, 1.000E-01, 1.000E-01,1,4,0,0,32, 2.37510E-02, 5.466519223E+00,166,1,HA100
Poly_ref,10,H, 1.000E+00,scale, 1.000E-08, 1.000E-01, 1.000E-01,1,5,0,0,12, 7.55700E-03, 1.343568768E+01,42,0,HA100
Poly_ref,10,H, 1.000E+00,scale, 1.000E-08, 1.000E-01, 1.000E-01,1,6,0,0,29, 2.27020E-02, 5.598658009E+00,143,3,HA100
Poly_ref,10,H, 1.000E+00,scale, 1.000E-08, 1.000E-01, 1.000E-01,1,7,0,0,33, 1.76220E-02, 4.421440993E+00,156,0,HA100
Poly_ref,10,H, 1.000E+00,scale, 1.000E-08, 1.000E-01, 1.000E-01,1,8,0,0,28, 1.37600E-02, 5.348238395E+00,137,2,HA100
Poly_ref,10,H, 1.000E+00,scale, 1.000E-08, 1.000E-01, 1.000E-01,1,9,0,0,29, 1.75370E-02, 5.637204331E+00,160,0,HA100
Poly_ref,10,H, 1.000E+00,scale, 1.000E-08, 1.000E-01, 1.000E-01,1,10,0,0,17, 9.70100E-03, 5.355377440E+00,72,2,HA100
Poly_ref,10,H, 1.000E+00,clip, 1.000E-08, 1.000E-01, 1.000E-01,1,1,0,0,35, 1.98860E-02, 4.384572982E+00,197,0,Hc1
Poly_ref,10,H, 1.000E+00,clip, 1.000E-08, 1.000E-01, 1.000E-01,1,2,0,0,25, 1.31020E-02, 7.768052605E-02,134,10,Hc1
Poly_ref,10,H, 1.000E+00,clip, 1.000E-08, 1.000E-01, 1.000E-01,1,3,0,0,14, 5.84500E-03, 8.054396408E+00,60,3,Hc1
Poly_ref,10,H, 1.000E+00,clip, 1.000E-08, 1.000E-01, 1.000E-01,1,4,0,0,27, 1.66500E-02, 5.447758465E+00,139,1,Hc1
Poly_ref,10,H, 1.000E+00,clip, 1.000E-08, 1.000E-01, 1.000E-01,1,5,0,0,12, 4.59100E-03, 1.343555762E+01,42,0,Hc1
Poly_ref,10,H, 1.000E+00,clip, 1.000E-08, 1.000E-01, 1.000E-01,1,6,0,0,33, 1.95410E-02, 5.534575557E-02,185,10,Hc1
Poly_ref,10,H, 1.000E+00,clip, 1.000E-08, 1.000E-01, 1.000E-01,1,7,0,0,29, 1.68640E-02, 5.625596247E+00,163,2,Hc1
Poly_ref,10,H, 1.000E+00,clip, 1.000E-08, 1.000E-01, 1.000E-01,1,8,0,0,48, 2.71160E-02, 5.333627770E+00,231,2,Hc1
Poly_ref,10,H, 1.000E+00,clip, 1.000E-08, 1.000E-01, 1.000E-01,1,9,0,0,26, 1.12540E-02, 5.262619555E+00,134,0,Hc1
Poly_ref,10,H, 1.000E+00,clip, 1.000E-08, 1.000E-01, 1.000E-01,1,10,0,0,26, 2.03410E-02, 5.939870202E+00,124,4,Hc1
Poly_ref,10,H, 1.000E+01,clip, 1.000E-08, 1.000E-01, 1.000E-01,1,1,0,0,33, 2.12840E-02, 7.513143171E+00,183,3,Hc10
Poly_ref,10,H, 1.000E+01,clip, 1.000E-08, 1.000E-01, 1.000E-01,1,2,0,0,28, 1.56550E-02, 5.252982148E-02,146,10,Hc10
Poly_ref,10,H, 1.000E+01,clip, 1.000E-08, 1.000E-01, 1.000E-01,1,3,0,0,24, 1.10580E-02, 7.990137342E+00,122,2,Hc10
Poly_ref,10,H, 1.000E+01,clip, 1.000E-08, 1.000E-01, 1.000E-01,1,4,0,0,32, 1.99070E-02, 5.445658580E+00,174,1,Hc10
Poly_ref,10,H, 1.000E+01,clip, 1.000E-08, 1.000E-01, 1.000E-01,1,5,0,0,12, 4.45600E-03, 1.343568748E+01,42,0,Hc10
Poly_ref,10,H, 1.000E+01,clip, 1.000E-08, 1.000E-01, 1.000E-01,1,6,0,0,37, 2.26830E-02, 3.863399038E-02,169,10,Hc10
Poly_ref,10,H, 1.000E+01,clip, 1.000E-08, 1.000E-01, 1.000E-01,1,7,0,0,26, 1.72100E-02, 5.659104858E+00,133,2,Hc10
Poly_ref,10,H, 1.000E+01,clip, 1.000E-08, 1.000E-01, 1.000E-01,1,8,0,0,25, 1.34190E-02, 5.356710634E+00,116,2,Hc10
Poly_ref,10,H, 1.000E+01,clip, 1.000E-08, 1.000E-01, 1.000E-01,1,9,0,0,31, 1.31100E-02, 5.200044125E+00,154,0,Hc10
Poly_ref,10,H, 1.000E+01,clip, 1.000E-08, 1.000E-01, 1.000E-01,1,10,0,0,31, 1.67850E-02, 5.365391613E+00,147,2,Hc10
Poly_ref,10,QN, 1.000E+04,scale, 1.000E-08, 1.000E-01, 1.000E-01,1,1,0,0,23, 1.58970E-02, 6.059203416E+00,98,4,QN
Poly_ref,10,QN, 1.000E+04,scale, 1.000E-08, 1.000E-01, 1.000E-01,1,2,0,0,13, 4.89700E-03, 7.442258141E-02,53,10,QN
Poly_ref,10,QN, 1.000E+04,scale, 1.000E-08, 1.000E-01, 1.000E-01,1,3,0,0,17, 6.19700E-03, 7.915974038E+00,60,0,QN
Poly_ref,10,QN, 1.000E+04,scale, 1.000E-08, 1.000E-01, 1.000E-01,1,4,0,0,18, 9.24700E-03, 5.623630549E+00,105,0,QN
Poly_ref,10,QN, 1.000E+04,scale, 1.000E-08, 1.000E-01, 1.000E-01,1,5,0,0,10, 3.33700E-03, 1.343640263E+01,27,0,QN
Poly_ref,10,QN, 1.000E+04,scale, 1.000E-08, 1.000E-01, 1.000E-01,1,6,0,0,26, 1.33470E-02, 1.028865042E-01,131,10,QN
Poly_ref,10,QN, 1.000E+04,scale, 1.000E-08, 1.000E-01, 1.000E-01,1,7,0,0,14, 5.37400E-03, 6.661245561E+00,55,3,QN
Poly_ref,10,QN, 1.000E+04,scale, 1.000E-08, 1.000E-01, 1.000E-01,1,8,0,0,28, 1.60490E-02, 5.347597058E+00,124,2,QN
Poly_ref,10,QN, 1.000E+04,scale, 1.000E-08, 1.000E-01, 1.000E-01,1,9,0,0,25, 1.54250E-02, 8.303479606E+00,113,2,QN
Poly_ref,10,QN, 1.000E+04,scale, 1.000E-08, 1.000E-01, 1.000E-01,1,10,0,0,30, 2.10530E-02, 5.754060288E+00,151,3,QN
Rat43_05,2,0, 1.000E+00,scale, 1.000E-08, 1.000E-01, 1.000E-01,1,1,0,0,1147, 7.42483E+00, 1.069699286E+03,14420,2,FO
Rat43_05,2,0, 1.000E+00,scale, 1.000E-08, 1.000E-01, 1.000E-01,1,2,0,0,879, 4.13026E+00, 1.069699511E+03,10230,2,FO
Rat43_05,2,0, 1.000E+00,scale, 1.000E-08, 1.000E-01, 1.000E-01,1,3,0,0,837, 3.30169E+00, 1.069688438E+03,9822,2,FO
Rat43_05,2,0, 1.000E+00,scale, 1.000E-08, 1.000E-01, 1.000E-01,1,4,0,0,670, 2.62516E+00, 1.069692777E+03,7800,2,FO
Rat43_05,2,0, 1.000E+00,scale, 1.000E-08, 1.000E-01, 1.000E-01,1,5,0,0,840, 3.73925E+00, 1.069682241E+03,10006,2,FO
Rat43_05,2,0, 1.000E+00,scale, 1.000E-08, 1.000E-01, 1.000E-01,1,6,0,0,924, 3.80466E+00, 1.069693822E+03,10869,2,FO
Rat43_05,2,0, 1.000E+00,scale, 1.000E-08, 1.000E-01, 1.000E-01,1,7,0,0,866, 3.62489E+00, 1.069699487E+03,10117,2,FO
Rat43_05,2,0, 1.000E+00,scale, 1.000E-08, 1.000E-01, 1.000E-01,1,8,0,0,549, 2.89848E+00, 2.847042924E+04,5826,1,FO
Rat43_05,2,0, 1.000E+00,scale, 1.000E-08, 1.000E-01, 1.000E-01,1,9,0,0,601, 5.34128E-01, 3.067425989E+04,4478,0,FO
Rat43_05,2,0, 1.000E+00,scale, 1.000E-08, 1.000E-01, 1.000E-01,1,10,0,0,897, 3.80489E+00, 1.069684007E+03,10614,2,FO
Rat43_05,2,GN, 1.000E+04,scale, 1.000E-08, 1.000E-01, 1.000E-01,1,1,0,0,1178, 6.49306E+00, 1.069703909E+03,16578,2,GN
Rat43_05,2,GN, 1.000E+04,scale, 1.000E-08, 1.000E-01, 1.000E-01,1,2,0,0,1119, 6.54337E+00, 1.069689732E+03,15438,2,GN
Rat43_05,2,GN, 1.000E+04,scale, 1.000E-08, 1.000E-01, 1.000E-01,1,3,0,0,1591, 8.35475E+00, 1.069711309E+03,20290,2,GN
Rat43_05,2,GN, 1.000E+04,scale, 1.000E-08, 1.000E-01, 1.000E-01,1,4,0,0,314, 1.29734E+00, 1.069683048E+03,3980,2,GN
Rat43_05,2,GN, 1.000E+04,scale, 1.000E-08, 1.000E-01, 1.000E-01,1,5,0,0,2315, 1.18647E+01, 1.069685531E+03,29385,2,GN
Rat43_05,2,GN, 1.000E+04,scale, 1.000E-08, 1.000E-01, 1.000E-01,1,6,0,0,666, 2.29591E+00, 1.069682424E+03,7678,2,GN
Rat43_05,2,GN, 1.000E+04,scale, 1.000E-08, 1.000E-01, 1.000E-01,1,7,0,0,1035, 5.79364E+00, 1.069705233E+03,14632,2,GN
Rat43_05,2,GN, 1.000E+04,scale, 1.000E-08, 1.000E-01, 1.000E-01,1,8,0,0,998, 5.51318E+00, 1.069665017E+03,13906,2,GN
Rat43_05,2,GN, 1.000E+04,scale, 1.000E-08, 1.000E-01, 1.000E-01,1,9,0,0,960, 5.56627E+00, 1.069679579E+03,13373,2,GN
Rat43_05,2,GN, 1.000E+04,scale, 1.000E-08, 1.000E-01, 1.000E-01,1,10,0,0,297, 9.97939E-01, 1.069674860E+03,3529,2,GN
Rat43_05,2,GN, 1.000E+00,scale, 1.000E-08, 1.000E-01, 1.000E-01,1,1,0,0,1156, 5.76503E+00, 1.069716508E+03,14101,2,GN1
Rat43_05,2,GN, 1.000E+00,scale, 1.000E-08, 1.000E-01, 1.000E-01,1,2,0,0,1061, 6.95149E+00, 1.069691269E+03,14426,2,GN1
Rat43_05,2,GN, 1.000E+00,scale, 1.000E-08, 1.000E-01, 1.000E-01,1,3,0,0,1384, 7.23585E+00, 1.069665611E+03,17216,2,GN1
Rat43_05,2,GN, 1.000E+00,scale, 1.000E-08, 1.000E-01, 1.000E-01,1,4,0,0,620, 2.14765E+00, 1.069692981E+03,7108,2,GN1
Rat43_05,2,GN, 1.000E+00,scale, 1.000E-08, 1.000E-01, 1.000E-01,1,5,0,0,737, 2.43618E+00, 1.069703069E+03,8524,2,GN1
Rat43_05,2,GN, 1.000E+00,scale, 1.000E-08, 1.000E-01, 1.000E-01,1,6,0,0,898, 3.70848E+00, 1.069713799E+03,10743,2,GN1
Rat43_05,2,GN, 1.000E+00,scale, 1.000E-08, 1.000E-01, 1.000E-01,1,7,0,0,2790, 1.76350E+01, 1.069700701E+03,36535,2,GN1
Rat43_05,2,GN, 1.000E+00,scale, 1.000E-08, 1.000E-01, 1.000E-01,1,8,0,0,1742, 1.12870E+01, 1.069702208E+03,23027,2,GN1
Rat43_05,2,GN, 1.000E+00,scale, 1.000E-08, 1.000E-01, 1.000E-01,1,9,0,0,1773, 1.14928E+01, 1.069698887E+03,22715,2,GN1
Rat43_05,2,GN, 1.000E+00,scale, 1.000E-08, 1.000E-01, 1.000E-01,1,10,0,0,852, 3.39544E+00, 1.069694528E+03,10241,2,GN1
Rat43_05,2,H, 1.000E+04,scale, 1.000E-08, 1.000E-01, 1.000E-01,1,1,0,0,668, 1.95763E+00, 1.069719639E+03,6518,2,H
Rat43_05,2,H, 1.000E+04,scale, 1.000E-08, 1.000E-01, 1.000E-01,1,2,0,0,7506, 2.54480E+01, 1.069699666E+03,75197,2,H
Rat43_05,2,H, 1.000E+04,scale, 1.000E-08, 1.000E-01, 1.000E-01,1,3,1,0,10000, 3.97273E+01, 2.849185137E+04,93619,1,H
Rat43_05,2,H, 1.000E+04,scale, 1.000E-08, 1.000E-01, 1.000E-01,1,4,0,0,901, 4.60908E+00, 1.069683335E+03,11569,2,H
Rat43_05,2,H, 1.000E+04,scale, 1.000E-08, 1.000E-01, 1.000E-01,1,5,0,0,850, 4.65623E+00, 1.069675842E+03,11133,2,H
Rat43_05,2,H, 1.000E+04,scale, 1.000E-08, 1.000E-01, 1.000E-01,1,6,1,0,10000, 3.15237E+01, 1.069838315E+03,88385,2,H
Rat43_05,2,H, 1.000E+04,scale, 1.000E-08, 1.000E-01, 1.000E-01,1,7,0,0,124, 3.98866E-01, 1.069670002E+03,1355,2,H
Rat43_05,2,H, 1.000E+04,scale, 1.000E-08, 1.000E-01, 1.000E-01,1,8,0,0,710, 2.28961E+00, 1.069672245E+03,7911,2,H
Rat43_05,2,H, 1.000E+04,scale, 1.000E-08, 1.000E-01, 1.000E-01,1,9,0,0,344, 1.21285E+00, 1.069666502E+03,4004,2,H
Rat43_05,2,H, 1.000E+04,scale, 1.000E-08, 1.000E-01, 1.000E-01,1,10,0,0,4196, 1.43536E+01, 1.069674454E+03,49484,2,H
Rat43_05,2,H, 1.000E-01,scale, 1.000E-08, 1.000E-01, 1.000E-01,1,1,0,0,1100, 7.67271E+00, 1.069699304E+03,13843,2,H0.1
Rat43_05,2,H, 1.000E-01,scale, 1.000E-08, 1.000E-01, 1.000E-01,1,2,0,0,770, 2.57729E+00, 1.069700023E+03,9085,2,H0.1
Rat43_05,2,H, 1.000E-01,scale, 1.000E-08, 1.000E-01, 1.000E-01,1,3,0,0,179, 2.24338E-01, 3.067427467E+04,1552,0,H0.1
Rat43_05,2,H, 1.000E-01,scale, 1.000E-08, 1.000E-01, 1.000E-01,1,4,0,0,834, 3.06147E+00, 1.069702696E+03,9914,2,H0.1
Rat43_05,2,H, 1.000E-01,scale, 1.000E-08, 1.000E-01, 1.000E-01,1,5,0,0,1095, 5.05815E+00, 1.069701454E+03,13729,2,H0.1
Rat43_05,2,H, 1.000E-01,scale, 1.000E-08, 1.000E-01, 1.000E-01,1,6,0,0,795, 2.81344E+00, 1.069698709E+03,9353,2,H0.1
Rat43_05,2,H, 1.000E-01,scale, 1.000E-08, 1.000E-01, 1.000E-01,1,7,0,0,842, 2.90030E+00, 1.069679031E+03,9879,2,H0.1
Rat43_05,2,H, 1.000E-01,scale, 1.000E-08, 1.000E-01, 1.000E-01,1,8,0,0,537, 2.53744E+00, 2.847044519E+04,5697,1,H0.1
Rat43_05,2,H, 1.000E-01,scale, 1.000E-08, 1.000E-01, 1.000E-01,1,9,0,0,715, 6.54697E-01, 3.067427993E+04,5361,0,H0.1
Rat43_05,2,H, 1.000E-01,scale, 1.000E-08, 1.000E-01, 1.000E-01,1,10,0,0,839, 2.93831E+00, 1.069700502E+03,9981,2,H0.1
Rat43_05,2,H, 1.000E+00,scale, 1.000E-08, 1.000E-01, 1.000E-01,1,1,0,0,1108, 6.93805E+00, 1.069701686E+03,13996,2,H1
Rat43_05,2,H, 1.000E+00,scale, 1.000E-08, 1.000E-01, 1.000E-01,1,2,0,0,811, 2.08987E+00, 1.069693843E+03,9705,2,H1
Rat43_05,2,H, 1.000E+00,scale, 1.000E-08, 1.000E-01, 1.000E-01,1,3,0,0,826, 2.00576E+00, 1.069694032E+03,9718,2,H1
Rat43_05,2,H, 1.000E+00,scale, 1.000E-08, 1.000E-01, 1.000E-01,1,4,0,0,876, 2.03005E+00, 1.069696454E+03,10251,2,H1
Rat43_05,2,H, 1.000E+00,scale, 1.000E-08, 1.000E-01, 1.000E-01,1,5,0,0,1064, 4.89859E+00, 1.069669154E+03,14983,2,H1
Rat43_05,2,H, 1.000E+00,scale, 1.000E-08, 1.000E-01, 1.000E-01,1,6,0,0,1082, 3.41763E+00, 1.069683926E+03,13647,2,H1
Rat43_05,2,H, 1.000E+00,scale, 1.000E-08, 1.000E-01, 1.000E-01,1,7,0,0,915, 2.59124E+00, 1.069697556E+03,10912,2,H1
Rat43_05,2,H, 1.000E+00,scale, 1.000E-08, 1.000E-01, 1.000E-01,1,8,0,0,1253, 7.48642E-01, 3.067425328E+04,9490,0,H1
Rat43_05,2,H, 1.000E+00,scale, 1.000E-08, 1.000E-01, 1.000E-01,1,9,0,0,1287, 7.58623E-01, 3.067425776E+04,9653,0,H1
Rat43_05,2,H, 1.000E+00,scale, 1.000E-08, 1.000E-01, 1.000E-01,1,10,0,0,916, 2.19800E+00, 1.069694237E+03,10831,2,H1
Rat43_05,2,H, 1.000E+01,scale, 1.000E-08, 1.000E-01, 1.000E-01,1,1,0,0,608, 2.73335E+00, 1.069694594E+03,6993,2,H10
Rat43_05,2,H, 1.000E+01,scale, 1.000E-08, 1.000E-01, 1.000E-01,1,2,0,0,747, 2.63860E+00, 1.069716382E+03,9147,2,H10
Rat43_05,2,H, 1.000E+01,scale, 1.000E-08, 1.000E-01, 1.000E-01,1,3,0,0,418, 1.02274E+00, 1.069680801E+03,4827,2,H10
Rat43_05,2,H, 1.000E+01,scale, 1.000E-08, 1.000E-01, 1.000E-01,1,4,0,0,1159, 5.76020E+00, 1.069676246E+03,16156,2,H10
Rat43_05,2,H, 1.000E+01,scale, 1.000E-08, 1.000E-01, 1.000E-01,1,5,0,0,1145, 5.73684E+00, 1.069684073E+03,15902,2,H10
Rat43_05,2,H, 1.000E+01,scale, 1.000E-08, 1.000E-01, 1.000E-01,1,6,0,0,1100, 4.09218E+00, 1.069695778E+03,14327,2,H10
Rat43_05,2,H, 1.000E+01,scale, 1.000E-08, 1.000E-01, 1.000E-01,1,7,0,0,644, 1.56824E+00, 1.069695357E+03,7541,2,H10
Rat43_05,2,H, 1.000E+01,scale, 1.000E-08, 1.000E-01, 1.000E-01,1,8,0,0,1756, 1.36077E+00, 3.067425073E+04,12995,0,H10
Rat43_05,2,H, 1.000E+01,scale, 1.000E-08, 1.000E-01, 1.000E-01,1,9,0,0,1559, 1.34286E+00, 3.067425983E+04,11795,0,H10
Rat43_05,2,H, 1.000E+01,scale, 1.000E-08, 1.000E-01, 1.000E-01,1,10,0,0,907, 2.46355E+00, 1.069675611E+03,10975,2,H10
Rat43_05,2,H, 1.000E+02,scale, 1.000E-08, 1.000E-01, 1.000E-01,1,1,0,0,1196, 1.20058E+00, 3.067425572E+04,9105,0,H100
Rat43_05,2,H, 1.000E+02,scale, 1.000E-08, 1.000E-01, 1.000E-01,1,2,0,0,1227, 1.27856E+00, 3.067426179E+04,9234,0,H100
Rat43_05,2,H, 1.000E+02,scale, 1.000E-08, 1.000E-01, 1.000E-01,1,3,0,0,1023, 3.71299E+00, 1.069658397E+03,11712,2,H100
Rat43_05,2,H, 1.000E+02,scale, 1.000E-08, 1.000E-01, 1.000E-01,1,4,0,0,1077, 7.92588E+00, 1.069676301E+03,15080,2,H100
Rat43_05,2,H, 1.000E+02,scale, 1.000E-08, 1.000E-01, 1.000E-01,1,5,0,0,1175, 8.74165E+00, 1.069702023E+03,16513,2,H100
Rat43_05,2,H, 1.000E+02,scale, 1.000E-08, 1.000E-01, 1.000E-01,1,6,0,0,1099, 4.32243E+00, 1.069663501E+03,12539,2,H100
Rat43_05,2,H, 1.000E+02,scale, 1.000E-08, 1.000E-01, 1.000E-01,1,7,0,0,789, 9.62891E-01, 3.067427697E+04,5934,0,H100
Rat43_05,2,H, 1.000E+02,scale, 1.000E-08, 1.000E-01, 1.000E-01,1,8,0,0,752, 2.79805E+00, 1.069740475E+03,8901,2,H100
Rat43_05,2,H, 1.000E+02,scale, 1.000E-08, 1.000E-01, 1.000E-01,1,9,0,0,944, 4.33600E+00, 2.847042591E+04,10687,1,H100
Rat43_05,2,H, 1.000E+02,scale, 1.000E-08, 1.000E-01, 1.000E-01,1,10,0,0,1309, 1.28363E+00, 3.067425972E+04,9823,0,H100
Rat43_05,2,H, 1.000E+00,scale, 1.000E-08, 1.000E-01, 1.000E-01,1,1,0,0,957, 3.06912E+00, 1.069683814E+03,11197,2,HA1
Rat43_05,2,H, 1.000E+00,scale, 1.000E-08, 1.000E-01, 1.000E-01,1,2,0,0,485, 4.30544E-01, 3.067424250E+04,4061,0,HA1
Rat43_05,2,H, 1.000E+00,scale, 1.000E-08, 1.000E-01, 1.000E-01,1,3,0,0,1195, 3.99674E+00, 1.069683386E+03,13973,2,HA1
Rat43_05,2,H, 1.000E+00,scale, 1.000E-08, 1.000E-01, 1.000E-01,1,4,0,0,1267, 3.49694E+00, 1.069724870E+03,14785,2,HA1
Rat43_05,2,H, 1.000E+00,scale, 1.000E-08, 1.000E-01, 1.000E-01,1,5,0,0,916, 3.55916E+00, 1.069712356E+03,10960,2,HA1
Rat43_05,2,H, 1.000E+00,scale, 1.000E-08, 1.000E-01, 1.000E-01,1,6,0,0,1143, 3.54805E+00, 1.069692183E+03,13331,2,HA1
Rat43_05,2,H, 1.000E+00,scale, 1.000E-08, 1.000E-01, 1.000E-01,1,7,0,0,1197, 5.06577E+00, 1.069704135E+03,14066,2,HA1
Rat43_05,2,H, 1.000E+00,scale, 1.000E-08, 1.000E-01, 1.000E-01,1,8,0,0,1220, 3.71973E+00, 1.069679208E+03,14289,2,HA1
Rat43_05,2,H, 1.000E+00,scale, 1.000E-08, 1.000E-01, 1.000E-01,1,9,0,0,726, 5.15879E-01, 3.067424555E+04,5452,0,HA1
Rat43_05,2,H, 1.000E+00,scale, 1.000E-08, 1.000E-01, 1.000E-01,1,10,0,0,927, 3.28447E+00, 1.069673524E+03,10892,2,HA1
Rat43_05,2,H, 1.000E+00,scale, 1.000E-08, 1.000E-01, 1.000E-01,1,1,0,0,2484, 7.99731E+00, 1.069718390E+03,30291,2,HA10
Rat43_05,2,H, 1.000E+00,scale, 1.000E-08, 1.000E-01, 1.000E-01,1,2,0,0,6290, 2.49165E+01, 1.069697536E+03,80745,2,HA10
Rat43_05,2,H, 1.000E+00,scale, 1.000E-08, 1.000E-01, 1.000E-01,1,3,0,0,2394, 7.50662E+00, 1.069693295E+03,29359,2,HA10
Rat43_05,2,H, 1.000E+00,scale, 1.000E-08, 1.000E-01, 1.000E-01,1,4,0,0,2518, 1.23230E+01, 1.069688907E+03,30811,2,HA10
Rat43_05,2,H, 1.000E+00,scale, 1.000E-08, 1.000E-01, 1.000E-01,1,5,0,0,1344, 7.33132E+00, 1.069685865E+03,18138,2,HA10
Rat43_05,2,H, 1.000E+00,scale, 1.000E-08, 1.000E-01, 1.000E-01,1,6,0,0,1549, 4.32419E+00, 1.069722337E+03,18086,2,HA10
Rat43_05,2,H, 1.000E+00,scale, 1.000E-08, 1.000E-01, 1.000E-01,1,7,0,0,2380, 5.88605E+00, 1.069716465E+03,29026,2,HA10
Rat43_05,2,H, 1.000E+00,scale, 1.000E-08, 1.000E-01, 1.000E-01,1,8,0,0,4687, 1.65693E+01, 1.069704818E+03,59141,2,HA10
Rat43_05,2,H, 1.000E+00,scale, 1.000E-08, 1.000E-01, 1.000E-01,1,9,0,0,6679, 3.08078E+01, 1.069677299E+03,85121,2,HA10
Rat43_05,2,H, 1.000E+00,scale, 1.000E-08, 1.000E-01, 1.000E-01,1,10,0,0,6730, 2.41593E+01, 1.069668664E+03,85442,2,HA10
Rat43_05,2,H, 1.000E+00,scale, 1.000E-08, 1.000E-01, 1.000E-01,1,1,1,0,10000, 4.27646E+01, 8.321803566E+03,125499,2,HA100
Rat43_05,2,H, 1.000E+00,scale, 1.000E-08, 1.000E-01, 1.000E-01,1,2,1,0,10000, 3.59538E+01, 8.192075615E+03,125286,2,HA100
Rat43_05,2,H, 1.000E+00,scale, 1.000E-08, 1.000E-01, 1.000E-01,1,3,0,0,9159, 3.75789E+01, 1.069694045E+03,111261,2,HA100
Rat43_05,2,H, 1.000E+00,scale, 1.000E-08, 1.000E-01, 1.000E-01,1,4,0,0,1705, 9.77607E+00, 1.069680444E+03,22906,2,HA100
Rat43_05,2,H, 1.000E+00,scale, 1.000E-08, 1.000E-01, 1.000E-01,1,5,0,0,1939, 1.15540E+01, 1.069714104E+03,26231,2,HA100
Rat43_05,2,H, 1.000E+00,scale, 1.000E-08, 1.000E-01, 1.000E-01,1,6,0,0,5127, 2.17303E+01, 1.069691628E+03,60051,2,HA100
Rat43_05,2,H, 1.000E+00,scale, 1.000E-08, 1.000E-01, 1.000E-01,1,7,0,0,760, 3.02616E+00, 1.069700459E+03,9332,2,HA100
Rat43_05,2,H, 1.000E+00,scale, 1.000E-08, 1.000E-01, 1.000E-01,1,8,0,0,413, 1.86380E+00, 1.069715894E+03,4441,2,HA100
Rat43_05,2,H, 1.000E+00,scale, 1.000E-08, 1.000E-01, 1.000E-01,1,9,0,0,1664, 3.24601E+00, 1.069726769E+03,18141,2,HA100
Rat43_05,2,H, 1.000E+00,scale, 1.000E-08, 1.000E-01, 1.000E-01,1,10,1,0,10000, 6.07352E+01, 8.614846040E+03,126276,2,HA100
Rat43_05,2,H, 1.000E+00,clip, 1.000E-08, 1.000E-01, 1.000E-01,1,1,0,0,1000, 5.58749E+00, 1.069702208E+03,13606,2,Hc1
Rat43_05,2,H, 1.000E+00,clip, 1.000E-08, 1.000E-01, 1.000E-01,1,2,0,0,3048, 2.05501E+01, 1.069694528E+03,41241,2,Hc1
Rat43_05,2,H, 1.000E+00,clip, 1.000E-08, 1.000E-01, 1.000E-01,1,3,0,0,221, 6.33076E-01, 1.069699303E+03,2469,2,Hc1
Rat43_05,2,H, 1.000E+00,clip, 1.000E-08, 1.000E-01, 1.000E-01,1,4,0,0,600, 2.26225E+00, 1.676376544E+03,7227,2,Hc1
Rat43_05,2,H, 1.000E+00,clip, 1.000E-08, 1.000E-01, 1.000E-01,1,5,0,0,1475, 8.15499E+00, 1.069698683E+03,19734,2,Hc1
Rat43_05,2,H, 1.000E+00,clip, 1.000E-08, 1.000E-01, 1.000E-01,1,6,0,0,2172, 1.24315E+01, 1.253481131E+03,28594,2,Hc1
Rat43_05,2,H, 1.000E+00,clip, 1.000E-08, 1.000E-01, 1.000E-01,1,7,0,0,920, 5.21499E+00, 1.069695787E+03,12600,2,Hc1
Rat43_05,2,H, 1.000E+00,clip, 1.000E-08, 1.000E-01, 1.000E-01,1,8,0,0,937, 5.37787E+00, 1.069666085E+03,12981,2,Hc1
Rat43_05,2,H, 1.000E+00,clip, 1.000E-08, 1.000E-01, 1.000E-01,1,9,0,0,948, 5.59504E+00, 1.069702160E+03,13115,2,Hc1
Rat43_05,2,H, 1.000E+00,clip, 1.000E-08, 1.000E-01, 1.000E-01,1,10,0,0,1341, 6.58901E+00, 1.248748350E+03,17200,2,Hc1
Rat43_05,2,H, 1.000E+01,clip, 1.000E-08, 1.000E-01, 1.000E-01,1,1,0,0,874, 5.10678E+00, 1.069685187E+03,12221,2,Hc10
Rat43_05,2,H, 1.000E+01,clip, 1.000E-08, 1.000E-01, 1.000E-01,1,2,0,0,630, 3.16588E+00, 1.069726380E+03,8024,2,Hc10
Rat43_05,2,H, 1.000E+01,clip, 1.000E-08, 1.000E-01, 1.000E-01,1,3,0,0,1195, 1.23442E+00, 3.067425512E+04,8956,0,Hc10
Rat43_05,2,H, 1.000E+01,clip, 1.000E-08, 1.000E-01, 1.000E-01,1,4,0,0,1150, 7.12223E+00, 1.069688445E+03,15971,2,Hc10
Rat43_05,2,H, 1.000E+01,clip, 1.000E-08, 1.000E-01, 1.000E-01,1,5,0,0,1087, 6.96039E+00, 1.069679274E+03,15127,2,Hc10
Rat43_05,2,H, 1.000E+01,clip, 1.000E-08, 1.000E-01, 1.000E-01,1,6,0,0,629, 1.79819E+00, 1.069708647E+03,7134,2,Hc10
Rat43_05,2,H, 1.000E+01,clip, 1.000E-08, 1.000E-01, 1.000E-01,1,7,0,0,1147, 6.07583E+00, 1.069686419E+03,15296,2,Hc10
Rat43_05,2,H, 1.000E+01,clip, 1.000E-08, 1.000E-01, 1.000E-01,1,8,0,0,1093, 6.40200E+00, 1.069692621E+03,14740,2,Hc10
Rat43_05,2,H, 1.000E+01,clip, 1.000E-08, 1.000E-01, 1.000E-01,1,9,0,0,1085, 6.05778E+00, 1.069733066E+03,14596,2,Hc10
Rat43_05,2,H, 1.000E+01,clip, 1.000E-08, 1.000E-01, 1.000E-01,1,10,0,0,544, 1.71617E+00, 1.069722823E+03,6241,2,Hc10
Rat43_05,2,QN, 1.000E+04,scale, 1.000E-08, 1.000E-01, 1.000E-01,1,1,0,0,386, 1.54425E+00, 1.069698375E+03,4727,2,QN
Rat43_05,2,QN, 1.000E+04,scale, 1.000E-08, 1.000E-01, 1.000E-01,1,2,0,0,922, 5.03991E+00, 1.069696415E+03,12403,2,QN
Rat43_05,2,QN, 1.000E+04,scale, 1.000E-08, 1.000E-01, 1.000E-01,1,3,0,0,1677, 9.24636E+00, 1.069691740E+03,22240,2,QN
Rat43_05,2,QN, 1.000E+04,scale, 1.000E-08, 1.000E-01, 1.000E-01,1,4,0,0,1257, 5.87797E+00, 1.069701937E+03,15354,2,QN
Rat43_05,2,QN, 1.000E+04,scale, 1.000E-08, 1.000E-01, 1.000E-01,1,5,0,0,211, 7.56896E-01, 1.069695068E+03,2558,2,QN
Rat43_05,2,QN, 1.000E+04,scale, 1.000E-08, 1.000E-01, 1.000E-01,1,6,0,0,388, 1.41515E+00, 1.069670678E+03,4759,2,QN
Rat43_05,2,QN, 1.000E+04,scale, 1.000E-08, 1.000E-01, 1.000E-01,1,7,0,0,331, 1.31460E+00, 1.069674528E+03,4118,2,QN
Rat43_05,2,QN, 1.000E+04,scale, 1.000E-08, 1.000E-01, 1.000E-01,1,8,0,0,245, 1.05307E+00, 1.069698491E+03,3141,2,QN
Rat43_05,2,QN, 1.000E+04,scale, 1.000E-08, 1.000E-01, 1.000E-01,1,9,0,0,220, 9.20796E-01, 1.069718536E+03,2826,2,QN
Rat43_05,2,QN, 1.000E+04,scale, 1.000E-08, 1.000E-01, 1.000E-01,1,10,0,0,1617, 7.83007E+00, 1.069732506E+03,20317,2,QN
Rat43_05,2,0, 1.000E+00,scale, 1.000E-08, 1.000E-01, 1.000E-01,2,1,0,0,1906, 1.11111E+01, 1.069703502E+03,26076,2,FO
Rat43_05,2,0, 1.000E+00,scale, 1.000E-08, 1.000E-01, 1.000E-01,2,2,0,0,1260, 9.64707E+00, 1.345721763E+03,18264,2,FO
Rat43_05,2,0, 1.000E+00,scale, 1.000E-08, 1.000E-01, 1.000E-01,2,3,0,0,1292, 9.40871E+00, 1.299253744E+03,18567,2,FO
Rat43_05,2,0, 1.000E+00,scale, 1.000E-08, 1.000E-01, 1.000E-01,2,4,0,0,1023, 6.84601E+00, 1.369092359E+03,14147,2,FO
Rat43_05,2,0, 1.000E+00,scale, 1.000E-08, 1.000E-01, 1.000E-01,2,5,0,0,2086, 1.27530E+01, 1.069697365E+03,27941,2,FO
Rat43_05,2,0, 1.000E+00,scale, 1.000E-08, 1.000E-01, 1.000E-01,2,6,0,0,807, 2.78457E+00, 1.069692599E+03,9525,2,FO
Rat43_05,2,0, 1.000E+00,scale, 1.000E-08, 1.000E-01, 1.000E-01,2,7,0,0,2007, 1.27650E+01, 1.069678257E+03,27113,2,FO
Rat43_05,2,0, 1.000E+00,scale, 1.000E-08, 1.000E-01, 1.000E-01,2,8,0,0,1919, 1.13225E+01, 1.069700917E+03,25554,2,FO
Rat43_05,2,0, 1.000E+00,scale, 1.000E-08, 1.000E-01, 1.000E-01,2,9,0,0,671, 2.35939E+00, 1.069697866E+03,7943,2,FO
Rat43_05,2,0, 1.000E+00,scale, 1.000E-08, 1.000E-01, 1.000E-01,2,10,0,0,859, 4.18481E+00, 1.069685748E+03,11383,2,FO
Rat43_05,2,GN, 1.000E+04,scale, 1.000E-08, 1.000E-01, 1.000E-01,2,1,0,0,1900, 1.19717E+01, 1.069683999E+03,26099,2,GN
Rat43_05,2,GN, 1.000E+04,scale, 1.000E-08, 1.000E-01, 1.000E-01,2,2,0,0,2175, 1.50258E+01, 1.069694963E+03,30001,2,GN
Rat43_05,2,GN, 1.000E+04,scale, 1.000E-08, 1.000E-01, 1.000E-01,2,3,0,0,2026, 1.42128E+01, 1.069700613E+03,27685,2,GN
Rat43_05,2,GN, 1.000E+04,scale, 1.000E-08, 1.000E-01, 1.000E-01,2,4,0,0,2011, 1.29795E+01, 1.069701974E+03,26624,2,GN
Rat43_05,2,GN, 1.000E+04,scale, 1.000E-08, 1.000E-01, 1.000E-01,2,5,0,0,2089, 1.38434E+01, 1.069693468E+03,27962,2,GN
Rat43_05,2,GN, 1.000E+04,scale, 1.000E-08, 1.000E-01, 1.000E-01,2,6,0,0,1061, 4.18828E+00, 1.069680837E+03,12593,2,GN
Rat43_05,2,GN, 1.000E+04,scale, 1.000E-08, 1.000E-01, 1.000E-01,2,7,0,0,1995, 1.30279E+01, 1.069700853E+03,26851,2,GN
Rat43_05,2,GN, 1.000E+04,scale, 1.000E-08, 1.000E-01, 1.000E-01,2,8,0,0,1983, 1.26593E+01, 1.069685640E+03,26255,2,GN
Rat43_05,2,GN, 1.000E+04,scale, 1.000E-08, 1.000E-01, 1.000E-01,2,9,0,0,2521, 1.49518E+01, 1.069676939E+03,32354,2,GN
Rat43_05,2,GN, 1.000E+04,scale, 1.000E-08, 1.000E-01, 1.000E-01,2,10,0,0,706, 3.45505E+00, 1.069680924E+03,9389,2,GN
Rat43_05,2,GN, 1.000E+00,scale, 1.000E-08, 1.000E-01, 1.000E-01,2,1,0,0,1922, 1.23272E+01, 1.069679829E+03,26158,2,GN1
Rat43_05,2,GN, 1.000E+00,scale, 1.000E-08, 1.000E-01, 1.000E-01,2,2,0,0,2220, 1.66409E+01, 1.069700177E+03,30441,2,GN1
Rat43_05,2,GN, 1.000E+00,scale, 1.000E-08, 1.000E-01, 1.000E-01,2,3,0,0,2071, 1.46970E+01, 1.069697951E+03,28089,2,GN1
Rat43_05,2,GN, 1.000E+00,scale, 1.000E-08, 1.000E-01, 1.000E-01,2,4,0,0,2037, 1.36663E+01, 1.069694346E+03,27018,2,GN1
Rat43_05,2,GN, 1.000E+00,scale, 1.000E-08, 1.000E-01, 1.000E-01,2,5,0,0,2021, 1.39482E+01, 1.069695512E+03,27170,2,GN1
Rat43_05,2,GN, 1.000E+00,scale, 1.000E-08, 1.000E-01, 1.000E-01,2,6,0,0,859, 3.31109E+00, 1.069681053E+03,10322,2,GN1
Rat43_05,2,GN, 1.000E+00,scale, 1.000E-08, 1.000E-01, 1.000E-01,2,7,0,0,2064, 1.48364E+01, 1.069697579E+03,27902,2,GN1
Rat43_05,2,GN, 1.000E+00,scale, 1.000E-08, 1.000E-01, 1.000E-01,2,8,0,0,1931, 1.29835E+01, 1.069688087E+03,25640,2,GN1
Rat43_05,2,GN, 1.000E+00,scale, 1.000E-08, 1.000E-01, 1.000E-01,2,9,0,0,671, 2.99210E+00, 1.069695678E+03,8020,2,GN1
Rat43_05,2,GN, 1.000E+00,scale, 1.000E-08, 1.000E-01, 1.000E-01,2,10,0,0,819, 4.42482E+00, 1.069701110E+03,10808,2,GN1
Rat43_05,2,H, 1.000E+04,scale, 1.000E-08, 1.000E-01, 1.000E-01,2,1,1,0,10000, 6.64932E+01, 4.181275775E+03,101243,2,H
Rat43_05,2,H, 1.000E+04,scale, 1.000E-08, 1.000E-01, 1.000E-01,2,2,1,0,10000, 5.02173E+01, 3.873417329E+03,71459,2,H
Rat43_05,2,H, 1.000E+04,scale, 1.000E-08, 1.000E-01, 1.000E-01,2,3,1,0,10000, 5.00163E+01, 3.674201667E+03,72581,2,H
Rat43_05,2,H, 1.000E+04,scale, 1.000E-08, 1.000E-01, 1.000E-01,2,4,1,0,10000, 5.22478E+01, 1.954384157E+03,84676,2,H
Rat43_05,2,H, 1.000E+04,scale, 1.000E-08, 1.000E-01, 1.000E-01,2,5,1,0,10000, 6.20275E+01, 3.076005985E+03,95791,2,H
Rat43_05,2,H, 1.000E+04,scale, 1.000E-08, 1.000E-01, 1.000E-01,2,6,0,0,2112, 4.09163E+00, 1.069688357E+03,22977,2,H
Rat43_05,2,H, 1.000E+04,scale, 1.000E-08, 1.000E-01, 1.000E-01,2,7,1,0,10000, 6.22500E+01, 3.050901817E+03,96799,2,H
Rat43_05,2,H, 1.000E+04,scale, 1.000E-08, 1.000E-01, 1.000E-01,2,8,1,0,10000, 5.45015E+01, 2.171005717E+03,87963,2,H
Rat43_05,2,H, 1.000E+04,scale, 1.000E-08, 1.000E-01, 1.000E-01,2,9,0,0,1236, 3.29178E+00, 1.069705109E+03,13443,2,H
Rat43_05,2,H, 1.000E+04,scale, 1.000E-08, 1.000E-01, 1.000E-01,2,10,0,0,987, 3.88778E+00, 1.069691685E+03,12224,2,H
Rat43_05,2,H, 1.000E-01,scale, 1.000E-08, 1.000E-01, 1.000E-01,2,1,0,0,1164, 8.88465E+00, 1.342111883E+03,16776,2,H0.1
Rat43_05,2,H, 1.000E-01,scale, 1.000E-08, 1.000E-01, 1.000E-01,2,2,0,0,2166, 1.39914E+01, 1.069676700E+03,29830,2,H0.1
Rat43_05,2,H, 1.000E-01,scale, 1.000E-08, 1.000E-01, 1.000E-01,2,3,0,0,1140, 8.46238E+00, 1.348095082E+03,16535,2,H0.1
Rat43_05,2,H, 1.000E-01,scale, 1.000E-08, 1.000E-01, 1.000E-01,2,4,0,0,1075, 7.37115E+00, 1.359872875E+03,14773,2,H0.1
Rat43_05,2,H, 1.000E-01,scale, 1.000E-08, 1.000E-01, 1.000E-01,2,5,0,0,2005, 1.28001E+01, 1.069687906E+03,26892,2,H0.1
Rat43_05,2,H, 1.000E-01,scale, 1.000E-08, 1.000E-01, 1.000E-01,2,6,0,0,853, 2.79737E+00, 1.069698731E+03,10122,2,H0.1
Rat43_05,2,H, 1.000E-01,scale, 1.000E-08, 1.000E-01, 1.000E-01,2,7,0,0,2066, 1.31109E+01, 1.069701675E+03,27725,2,H0.1
Rat43_05,2,H, 1.000E-01,scale, 1.000E-08, 1.000E-01, 1.000E-01,2,8,0,0,2037, 1.17332E+01, 1.069695481E+03,26876,2,H0.1
Rat43_05,2,H, 1.000E-01,scale, 1.000E-08, 1.000E-01, 1.000E-01,2,9,0,0,678, 2.37206E+00, 1.069701264E+03,8050,2,H0.1
Rat43_05,2,H, 1.000E-01,scale, 1.000E-08, 1.000E-01, 1.000E-01,2,10,0,0,857, 4.27266E+00, 1.069669760E+03,11269,2,H0.1
Rat43_05,2,H, 1.000E+00,scale, 1.000E-08, 1.000E-01, 1.000E-01,2,1,0,0,2264, 1.39038E+01, 1.069711773E+03,30527,2,H1
Rat43_05,2,H, 1.000E+00,scale, 1.000E-08, 1.000E-01, 1.000E-01,2,2,0,0,957, 7.09149E+00, 1.455103903E+03,14085,2,H1
Rat43_05,2,H, 1.000E+00,scale, 1.000E-08, 1.000E-01, 1.000E-01,2,3,0,0,1530, 1.06514E+01, 1.286111035E+03,21512,2,H1
Rat43_05,2,H, 1.000E+00,scale, 1.000E-08, 1.000E-01, 1.000E-01,2,4,0,0,2191, 1.23291E+01, 1.069721487E+03,28749,2,H1
Rat43_05,2,H, 1.000E+00,scale, 1.000E-08, 1.000E-01, 1.000E-01,2,5,0,0,2119, 1.29097E+01, 1.069696426E+03,28279,2,H1
Rat43_05,2,H, 1.000E+00,scale, 1.000E-08, 1.000E-01, 1.000E-01,2,6,0,0,919, 3.17403E+00, 1.069698230E+03,11041,2,H1
Rat43_05,2,H, 1.000E+00,scale, 1.000E-08, 1.000E-01, 1.000E-01,2,7,0,0,2277, 1.45036E+01, 1.069691115E+03,30260,2,H1
Rat43_05,2,H, 1.000E+00,scale, 1.000E-08, 1.000E-01, 1.000E-01,2,8,0,0,2157, 1.32600E+01, 1.069695482E+03,28356,2,H1
Rat43_05,2,H, 1.000E+00,scale, 1.000E-08, 1.000E-01, 1.000E-01,2,9,0,0,612, 2.44116E+00, 1.069698935E+03,7402,2,H1
Rat43_05,2,H, 1.000E+00,scale, 1.000E-08, 1.000E-01, 1.000E-01,2,10,0,0,851, 4.49228E+00, 1.069689108E+03,11201,2,H1
Rat43_05,2,H, 1.000E+01,scale, 1.000E-08, 1.000E-01, 1.000E-01,2,1,0,0,2742, 1.85858E+01, 1.069683717E+03,37927,2,H10
Rat43_05,2,H, 1.000E+01,scale, 1.000E-08, 1.000E-01, 1.000E-01,2,2,0,0,2851, 2.14212E+01, 1.069695794E+03,39498,2,H10
Rat43_05,2,H, 1.000E+01,scale, 1.000E-08, 1.000E-01, 1.000E-01,2,3,0,0,2797, 2.06925E+01, 1.069666015E+03,38147,2,H10
Rat43_05,2,H, 1.000E+01,scale, 1.000E-08, 1.000E-01, 1.000E-01,2,4,0,0,2509, 1.60364E+01, 1.069678591E+03,32794,2,H10
Rat43_05,2,H, 1.000E+01,scale, 1.000E-08, 1.000E-01, 1.000E-01,2,5,0,0,1477, 1.15462E+01, 1.396806991E+03,20776,2,H10
Rat43_05,2,H, 1.000E+01,scale, 1.000E-08, 1.000E-01, 1.000E-01,2,6,0,0,478, 1.69057E+00, 1.069721041E+03,5588,2,H10
Rat43_05,2,H, 1.000E+01,scale, 1.000E-08, 1.000E-01, 1.000E-01,2,7,0,0,2540, 1.86464E+01, 1.069676852E+03,34323,2,H10
Rat43_05,2,H, 1.000E+01,scale, 1.000E-08, 1.000E-01, 1.000E-01,2,8,0,0,2274, 1.52764E+01, 1.069673399E+03,30063,2,H10
Rat43_05,2,H, 1.000E+01,scale, 1.000E-08, 1.000E-01, 1.000E-01,2,9,0,0,595, 2.43219E+00, 1.069697267E+03,7188,2,H10
Rat43_05,2,H, 1.000E+01,scale, 1.000E-08, 1.000E-01, 1.000E-01,2,10,0,0,845, 4.41956E+00, 1.069672618E+03,11008,2,H10
Rat43_05,2,H, 1.000E+02,scale, 1.000E-08, 1.000E-01, 1.000E-01,2,1,0,0,8013, 6.09568E+01, 1.069705247E+03,111105,2,H100
Rat43_05,2,H, 1.000E+02,scale, 1.000E-08, 1.000E-01, 1.000E-01,2,2,0,0,7537, 6.27865E+01, 1.069701209E+03,104141,2,H100
Rat43_05,2,H, 1.000E+02,scale, 1.000E-08, 1.000E-01, 1.000E-01,2,3,0,0,7338, 6.02811E+01, 1.069670466E+03,100655,2,H100
Rat43_05,2,H, 1.000E+02,scale, 1.000E-08, 1.000E-01, 1.000E-01,2,4,0,0,4602, 3.14993E+01, 1.069676934E+03,59759,2,H100
Rat43_05,2,H, 1.000E+02,scale, 1.000E-08, 1.000E-01, 1.000E-01,2,5,0,0,6145, 4.77059E+01, 1.069707722E+03,82383,2,H100
Rat43_05,2,H, 1.000E+02,scale, 1.000E-08, 1.000E-01, 1.000E-01,2,6,0,0,817, 3.18366E+00, 1.069747943E+03,9757,2,H100
Rat43_05,2,H, 1.000E+02,scale, 1.000E-08, 1.000E-01, 1.000E-01,2,7,0,0,6060, 4.66367E+01, 1.069707643E+03,81208,2,H100
Rat43_05,2,H, 1.000E+02,scale, 1.000E-08, 1.000E-01, 1.000E-01,2,8,0,0,4996, 3.43563E+01, 1.069667208E+03,64769,2,H100
Rat43_05,2,H, 1.000E+02,scale, 1.000E-08, 1.000E-01, 1.000E-01,2,9,0,0,843, 3.22087E+00, 1.069661182E+03,9736,2,H100
Rat43_05,2,H, 1.000E+02,scale, 1.000E-08, 1.000E-01, 1.000E-01,2,10,0,0,1019, 5.20239E+00, 1.069714466E+03,12669,2,H100
Rat43_05,2,H, 1.000E+00,scale, 1.000E-08, 1.000E-01, 1.000E-01,2,1,0,0,3769, 1.96013E+01, 1.069728386E+03,47589,2,HA1
Rat43_05,2,H, 1.000E+00,scale, 1.000E-08, 1.000E-01, 1.000E-01,2,2,0,0,4205, 2.27417E+01, 1.069744893E+03,53999,2,HA1
Rat43_05,2,H, 1.000E+00,scale, 1.000E-08, 1.000E-01, 1.000E-01,2,3,0,0,3877, 2.04550E+01, 1.069672175E+03,49522,2,HA1
Rat43_05,2,H, 1.000E+00,scale, 1.000E-08, 1.000E-01, 1.000E-01,2,4,0,0,4190, 2.02712E+01, 1.069713599E+03,52500,2,HA1
Rat43_05,2,H, 1.000E+00,scale, 1.000E-08, 1.000E-01, 1.000E-01,2,5,0,0,3963, 2.05948E+01, 1.069687943E+03,50626,2,HA1
Rat43_05,2,H, 1.000E+00,scale, 1.000E-08, 1.000E-01, 1.000E-01,2,6,0,0,1004, 2.65728E+00, 1.069698912E+03,11633,2,HA1
Rat43_05,2,H, 1.000E+00,scale, 1.000E-08, 1.000E-01, 1.000E-01,2,7,0,0,4304, 2.27729E+01, 1.069702038E+03,54905,2,HA1
Rat43_05,2,H, 1.000E+00,scale, 1.000E-08, 1.000E-01, 1.000E-01,2,8,0,0,4013, 2.09403E+01, 1.069720641E+03,50572,2,HA1
Rat43_05,2,H, 1.000E+00,scale, 1.000E-08, 1.000E-01, 1.000E-01,2,9,0,0,823, 2.51718E+00, 1.069668925E+03,9559,2,HA1
Rat43_05,2,H, 1.000E+00,scale, 1.000E-08, 1.000E-01, 1.000E-01,2,10,0,0,841, 3.68512E+00, 1.069678430E+03,11015,2,HA1
Rat43_05,2,H, 1.000E+00,scale, 1.000E-08, 1.000E-01, 1.000E-01,2,1,0,0,5095, 2.61052E+01, 1.069715558E+03,63893,2,HA10
Rat43_05,2,H, 1.000E+00,scale, 1.000E-08, 1.000E-01, 1.000E-01,2,2,0,0,5372, 2.72348E+01, 1.069710556E+03,68266,2,HA10
Rat43_05,2,H, 1.000E+00,scale, 1.000E-08, 1.000E-01, 1.000E-01,2,3,0,0,5618, 3.09467E+01, 1.069697391E+03,71647,2,HA10
Rat43_05,2,H, 1.000E+00,scale, 1.000E-08, 1.000E-01, 1.000E-01,2,4,0,0,5388, 2.32626E+01, 1.069695778E+03,67177,2,HA10
Rat43_05,2,H, 1.000E+00,scale, 1.000E-08, 1.000E-01, 1.000E-01,2,5,0,0,5594, 2.92938E+01, 1.069701845E+03,71134,2,HA10
Rat43_05,2,H, 1.000E+00,scale, 1.000E-08, 1.000E-01, 1.000E-01,2,6,0,0,1487, 4.07763E+00, 1.069701189E+03,17532,2,HA10
Rat43_05,2,H, 1.000E+00,scale, 1.000E-08, 1.000E-01, 1.000E-01,2,7,0,0,5634, 2.94146E+01, 1.069677673E+03,71628,2,HA10
Rat43_05,2,H, 1.000E+00,scale, 1.000E-08, 1.000E-01, 1.000E-01,2,8,0,0,5377, 2.72457E+01, 1.069696144E+03,67272,2,HA10
Rat43_05,2,H, 1.000E+00,scale, 1.000E-08, 1.000E-01, 1.000E-01,2,9,0,0,368, 1.41036E+00, 1.069721837E+03,4501,2,HA10
Rat43_05,2,H, 1.000E+00,scale, 1.000E-08, 1.000E-01, 1.000E-01,2,10,0,0,759, 3.16847E+00, 1.069703136E+03,9554,2,HA10
Rat43_05,2,H, 1.000E+00,scale, 1.000E-08, 1.000E-01, 1.000E-01,2,1,0,0,5640, 3.03928E+01, 1.069710351E+03,68855,2,HA100
Rat43_05,2,H, 1.000E+00,scale, 1.000E-08, 1.000E-01, 1.000E-01,2,2,0,0,5827, 3.44092E+01, 1.069696851E+03,72276,2,HA100
Rat43_05,2,H, 1.000E+00,scale, 1.000E-08, 1.000E-01, 1.000E-01,2,3,0,0,6335, 3.46395E+01, 1.069696624E+03,81082,2,HA100
Rat43_05,2,H, 1.000E+00,scale, 1.000E-08, 1.000E-01, 1.000E-01,2,4,0,0,6083, 3.82252E+01, 1.069688113E+03,74847,2,HA100
Rat43_05,2,H, 1.000E+00,scale, 1.000E-08, 1.000E-01, 1.000E-01,2,5,0,0,6320, 3.39904E+01, 1.069691203E+03,78983,2,HA100
Rat43_05,2,H, 1.000E+00,scale, 1.000E-08, 1.000E-01, 1.000E-01,2,6,0,0,4239, 1.08735E+01, 1.069712110E+03,49502,2,HA100
Rat43_05,2,H, 1.000E+00,scale, 1.000E-08, 1.000E-01, 1.000E-01,2,7,0,0,6295, 3.39666E+01, 1.069694611E+03,78556,2,HA100
Rat43_05,2,H, 1.000E+00,scale, 1.000E-08, 1.000E-01, 1.000E-01,2,8,0,0,5875, 3.92160E+01, 1.069701524E+03,72356,2,HA100
Rat43_05,2,H, 1.000E+00,scale, 1.000E-08, 1.000E-01, 1.000E-01,2,9,0,0,1115, 3.35252E+00, 1.069700143E+03,12336,2,HA100
Rat43_05,2,H, 1.000E+00,scale, 1.000E-08, 1.000E-01, 1.000E-01,2,10,0,0,2253, 8.48685E+00, 1.069694734E+03,27171,2,HA100
Rat43_05,2,H, 1.000E+00,clip, 1.000E-08, 1.000E-01, 1.000E-01,2,1,0,0,2198, 1.40552E+01, 1.069698119E+03,29499,2,Hc1
Rat43_05,2,H, 1.000E+00,clip, 1.000E-08, 1.000E-01, 1.000E-01,2,2,0,0,1967, 1.26177E+01, 1.069696436E+03,27197,2,Hc1
Rat43_05,2,H, 1.000E+00,clip, 1.000E-08, 1.000E-01, 1.000E-01,2,3,0,0,1227, 8.82458E+00, 1.357860586E+03,17500,2,Hc1
Rat43_05,2,H, 1.000E+00,clip, 1.000E-08, 1.000E-01, 1.000E-01,2,4,0,0,2149, 1.23159E+01, 1.069694214E+03,28248,2,Hc1
Rat43_05,2,H, 1.000E+00,clip, 1.000E-08, 1.000E-01, 1.000E-01,2,5,0,0,1338, 8.96929E+00, 1.298232043E+03,18564,2,Hc1
Rat43_05,2,H, 1.000E+00,clip, 1.000E-08, 1.000E-01, 1.000E-01,2,6,0,0,1411, 5.76426E+00, 1.069689495E+03,17061,2,Hc1
Rat43_05,2,H, 1.000E+00,clip, 1.000E-08, 1.000E-01, 1.000E-01,2,7,0,0,1981, 1.24994E+01, 1.069703885E+03,26723,2,Hc1
Rat43_05,2,H, 1.000E+00,clip, 1.000E-08, 1.000E-01, 1.000E-01,2,8,0,0,2012, 1.78437E+01, 1.069709266E+03,26643,2,Hc1
Rat43_05,2,H, 1.000E+00,clip, 1.000E-08, 1.000E-01, 1.000E-01,2,9,0,0,2530, 1.56595E+01, 1.069695541E+03,32790,2,Hc1
Rat43_05,2,H, 1.000E+00,clip, 1.000E-08, 1.000E-01, 1.000E-01,2,10,0,0,880, 4.69391E+00, 1.961929256E+03,11788,2,Hc1
Rat43_05,2,H, 1.000E+01,clip, 1.000E-08, 1.000E-01, 1.000E-01,2,1,0,0,2896, 1.94286E+01, 1.069678119E+03,40286,2,Hc10
Rat43_05,2,H, 1.000E+01,clip, 1.000E-08, 1.000E-01, 1.000E-01,2,2,0,0,2897, 2.13374E+01, 1.069663392E+03,39852,2,Hc10
Rat43_05,2,H, 1.000E+01,clip, 1.000E-08, 1.000E-01, 1.000E-01,2,3,0,0,2742, 2.04228E+01, 1.069704596E+03,37495,2,Hc10
Rat43_05,2,H, 1.000E+01,clip, 1.000E-08, 1.000E-01, 1.000E-01,2,4,0,0,2265, 1.50097E+01, 1.069735690E+03,30212,2,Hc10
Rat43_05,2,H, 1.000E+01,clip, 1.000E-08, 1.000E-01, 1.000E-01,2,5,0,0,2707, 1.93759E+01, 1.069698843E+03,36381,2,Hc10
Rat43_05,2,H, 1.000E+01,clip, 1.000E-08, 1.000E-01, 1.000E-01,2,6,0,0,581, 2.21805E+00, 1.069664280E+03,6686,2,Hc10
Rat43_05,2,H, 1.000E+01,clip, 1.000E-08, 1.000E-01, 1.000E-01,2,7,0,0,2584, 1.82652E+01, 1.069697271E+03,34723,2,Hc10
Rat43_05,2,H, 1.000E+01,clip, 1.000E-08, 1.000E-01, 1.000E-01,2,8,0,0,2391, 1.60900E+01, 1.069686951E+03,31725,2,Hc10
Rat43_05,2,H, 1.000E+01,clip, 1.000E-08, 1.000E-01, 1.000E-01,2,9,0,0,589, 2.34548E+00, 1.069719742E+03,7008,2,Hc10
Rat43_05,2,H, 1.000E+01,clip, 1.000E-08, 1.000E-01, 1.000E-01,2,10,0,0,918, 4.68194E+00, 1.069677480E+03,11633,2,Hc10
Rat43_05,2,QN, 1.000E+04,scale, 1.000E-08, 1.000E-01, 1.000E-01,2,1,0,0,2041, 1.29427E+01, 1.069732160E+03,27940,2,QN
Rat43_05,2,QN, 1.000E+04,scale, 1.000E-08, 1.000E-01, 1.000E-01,2,2,0,0,2034, 1.23650E+01, 1.069670201E+03,27824,2,QN
Rat43_05,2,QN, 1.000E+04,scale, 1.000E-08, 1.000E-01, 1.000E-01,2,3,0,0,2042, 1.27753E+01, 1.069726888E+03,27957,2,QN
Rat43_05,2,QN, 1.000E+04,scale, 1.000E-08, 1.000E-01, 1.000E-01,2,4,0,0,1989, 1.18280E+01, 1.069705371E+03,26478,2,QN
Rat43_05,2,QN, 1.000E+04,scale, 1.000E-08, 1.000E-01, 1.000E-01,2,5,0,0,1994, 1.22044E+01, 1.069698788E+03,26891,2,QN
Rat43_05,2,QN, 1.000E+04,scale, 1.000E-08, 1.000E-01, 1.000E-01,2,6,0,0,1445, 7.18091E+00, 1.069693971E+03,18098,2,QN
Rat43_05,2,QN, 1.000E+04,scale, 1.000E-08, 1.000E-01, 1.000E-01,2,7,0,0,2000, 1.23545E+01, 1.069698892E+03,27096,2,QN
Rat43_05,2,QN, 1.000E+04,scale, 1.000E-08, 1.000E-01, 1.000E-01,2,8,0,0,1993, 1.15981E+01, 1.069733834E+03,26616,2,QN
Rat43_05,2,QN, 1.000E+04,scale, 1.000E-08, 1.000E-01, 1.000E-01,2,9,0,0,492, 1.83655E+00, 1.069681966E+03,6056,2,QN
Rat43_05,2,QN, 1.000E+04,scale, 1.000E-08, 1.000E-01, 1.000E-01,2,10,0,0,1396, 6.63707E+00, 1.069719478E+03,17841,2,QN
Rat43_10,2,0, 1.000E+00,scale, 1.000E-08, 1.000E-01, 1.000E-01,1,1,0,0,714, 2.93169E+00, 1.069677941E+03,7912,2,FO
Rat43_10,2,0, 1.000E+00,scale, 1.000E-08, 1.000E-01, 1.000E-01,1,2,0,0,871, 3.88431E+00, 1.069697630E+03,10110,2,FO
Rat43_10,2,0, 1.000E+00,scale, 1.000E-08, 1.000E-01, 1.000E-01,1,3,0,0,662, 2.46934E+00, 1.069698385E+03,7267,2,FO
Rat43_10,2,0, 1.000E+00,scale, 1.000E-08, 1.000E-01, 1.000E-01,1,4,0,0,955, 4.49367E+00, 1.069711338E+03,11194,2,FO
Rat43_10,2,0, 1.000E+00,scale, 1.000E-08, 1.000E-01, 1.000E-01,1,5,0,0,893, 4.17207E+00, 1.069694506E+03,10333,2,FO
Rat43_10,2,0, 1.000E+00,scale, 1.000E-08, 1.000E-01, 1.000E-01,1,6,0,0,2381, 1.96339E+01, 1.069694796E+03,32674,2,FO
Rat43_10,2,0, 1.000E+00,scale, 1.000E-08, 1.000E-01, 1.000E-01,1,7,0,0,2374, 1.65047E+01, 1.069712203E+03,32742,2,FO
Rat43_10,2,0, 1.000E+00,scale, 1.000E-08, 1.000E-01, 1.000E-01,1,8,0,0,848, 3.76316E+00, 1.069673203E+03,10012,2,FO
Rat43_10,2,0, 1.000E+00,scale, 1.000E-08, 1.000E-01, 1.000E-01,1,9,0,0,812, 3.38252E+00, 1.069681200E+03,9716,2,FO
Rat43_10,2,0, 1.000E+00,scale, 1.000E-08, 1.000E-01, 1.000E-01,1,10,0,0,2385, 1.71900E+01, 1.069693671E+03,32965,2,FO
Rat43_10,2,GN, 1.000E+04,scale, 1.000E-08, 1.000E-01, 1.000E-01,1,1,0,0,1160, 6.37090E+00, 1.069681170E+03,16330,2,GN
Rat43_10,2,GN, 1.000E+04,scale, 1.000E-08, 1.000E-01, 1.000E-01,1,2,0,0,1023, 5.52637E+00, 1.069669589E+03,14384,2,GN
Rat43_10,2,GN, 1.000E+04,scale, 1.000E-08, 1.000E-01, 1.000E-01,1,3,0,0,1973, 1.05217E+01, 1.069676933E+03,26346,2,GN
Rat43_10,2,GN, 1.000E+04,scale, 1.000E-08, 1.000E-01, 1.000E-01,1,4,0,0,1925, 1.01732E+01, 1.069674965E+03,25647,2,GN
Rat43_10,2,GN, 1.000E+04,scale, 1.000E-08, 1.000E-01, 1.000E-01,1,5,0,0,1028, 5.70846E+00, 1.069669321E+03,14504,2,GN
Rat43_10,2,GN, 1.000E+04,scale, 1.000E-08, 1.000E-01, 1.000E-01,1,6,0,0,1586, 8.38950E+00, 1.069699726E+03,21224,2,GN
Rat43_10,2,GN, 1.000E+04,scale, 1.000E-08, 1.000E-01, 1.000E-01,1,7,0,0,1066, 6.25724E+00, 1.069688114E+03,15026,2,GN
Rat43_10,2,GN, 1.000E+04,scale, 1.000E-08, 1.000E-01, 1.000E-01,1,8,0,0,995, 5.22860E+00, 1.069691844E+03,13608,2,GN
Rat43_10,2,GN, 1.000E+04,scale, 1.000E-08, 1.000E-01, 1.000E-01,1,9,0,0,912, 5.08208E+00, 1.069684196E+03,12730,2,GN
Rat43_10,2,GN, 1.000E+04,scale, 1.000E-08, 1.000E-01, 1.000E-01,1,10,0,0,1585, 8.78409E+00, 1.069701938E+03,21223,2,GN
Rat43_10,2,GN, 1.000E+00,scale, 1.000E-08, 1.000E-01, 1.000E-01,1,1,0,0,396, 2.19974E+00, 1.069713528E+03,4498,2,GN1
Rat43_10,2,GN, 1.000E+00,scale, 1.000E-08, 1.000E-01, 1.000E-01,1,2,0,0,1227, 1.02989E+01, 1.069691474E+03,17336,2,GN1
Rat43_10,2,GN, 1.000E+00,scale, 1.000E-08, 1.000E-01, 1.000E-01,1,3,0,0,1987, 8.09671E+00, 1.069686911E+03,24959,2,GN1
Rat43_10,2,GN, 1.000E+00,scale, 1.000E-08, 1.000E-01, 1.000E-01,1,4,0,0,668, 1.79678E+00, 1.069701731E+03,7561,2,GN1
Rat43_10,2,GN, 1.000E+00,scale, 1.000E-08, 1.000E-01, 1.000E-01,1,5,0,0,615, 1.71894E+00, 1.069703119E+03,7370,2,GN1
Rat43_10,2,GN, 1.000E+00,scale, 1.000E-08, 1.000E-01, 1.000E-01,1,6,0,0,2242, 9.98797E+00, 1.069687011E+03,28371,2,GN1
Rat43_10,2,GN, 1.000E+00,scale, 1.000E-08, 1.000E-01, 1.000E-01,1,7,0,0,2190, 9.63205E+00, 1.069699120E+03,27757,2,GN1
Rat43_10,2,GN, 1.000E+00,scale, 1.000E-08, 1.000E-01, 1.000E-01,1,8,0,0,691, 2.09618E+00, 1.069699451E+03,8374,2,GN1
Rat43_10,2,GN, 1.000E+00,scale, 1.000E-08, 1.000E-01, 1.000E-01,1,9,0,0,616, 1.73686E+00, 1.069693673E+03,7389,2,GN1
Rat43_10,2,GN, 1.000E+00,scale, 1.000E-08, 1.000E-01, 1.000E-01,1,10,0,0,376, 9.40940E-01, 1.069703566E+03,4260,2,GN1
Rat43_10,2,H, 1.000E+04,scale, 1.000E-08, 1.000E-01, 1.000E-01,1,1,0,0,668, 1.89145E+00, 1.069719639E+03,6518,2,H
Rat43_10,2,H, 1.000E+04,scale, 1.000E-08, 1.000E-01, 1.000E-01,1,2,0,0,790, 2.09331E+00, 1.069673005E+03,8131,2,H
Rat43_10,2,H, 1.000E+04,scale, 1.000E-08, 1.000E-01, 1.000E-01,1,3,0,0,4210, 1.37398E+01, 1.069692897E+03,49526,2,H
Rat43_10,2,H, 1.000E+04,scale, 1.000E-08, 1.000E-01, 1.000E-01,1,4,0,0,4729, 1.62387E+01, 1.069669464E+03,55823,2,H
Rat43_10,2,H, 1.000E+04,scale, 1.000E-08, 1.000E-01, 1.000E-01,1,5,1,0,10000, 5.95440E+01, 3.307172476E+03,85655,2,H
Rat43_10,2,H, 1.000E+04,scale, 1.000E-08, 1.000E-01, 1.000E-01,1,6,0,0,4792, 1.57462E+01, 1.069677322E+03,56231,2,H
Rat43_10,2,H, 1.000E+04,scale, 1.000E-08, 1.000E-01, 1.000E-01,1,7,0,0,124, 3.86827E-01, 1.069670002E+03,1355,2,H
Rat43_10,2,H, 1.000E+04,scale, 1.000E-08, 1.000E-01, 1.000E-01,1,8,0,0,710, 2.27647E+00, 1.069672245E+03,7911,2,H
Rat43_10,2,H, 1.000E+04,scale, 1.000E-08, 1.000E-01, 1.000E-01,1,9,0,0,344, 1.18022E+00, 1.069666502E+03,4004,2,H
Rat43_10,2,H, 1.000E+04,scale, 1.000E-08, 1.000E-01, 1.000E-01,1,10,0,0,4117, 1.36968E+01, 1.069673282E+03,48693,2,H
Rat43_10,2,H, 1.000E-01,scale, 1.000E-08, 1.000E-01, 1.000E-01,1,1,0,0,670, 2.96780E+00, 1.069699466E+03,7450,2,H0.1
Rat43_10,2,H, 1.000E-01,scale, 1.000E-08, 1.000E-01, 1.000E-01,1,2,0,0,890, 4.06660E+00, 1.069674160E+03,10499,2,H0.1
Rat43_10,2,H, 1.000E-01,scale, 1.000E-08, 1.000E-01, 1.000E-01,1,3,0,0,512, 2.27312E+00, 1.069701109E+03,5796,2,H0.1
Rat43_10,2,H, 1.000E-01,scale, 1.000E-08, 1.000E-01, 1.000E-01,1,4,0,0,884, 3.83890E+00, 1.069698435E+03,10301,2,H0.1
Rat43_10,2,H, 1.000E-01,scale, 1.000E-08, 1.000E-01, 1.000E-01,1,5,0,0,882, 4.50445E+00, 1.069694222E+03,10429,2,H0.1
Rat43_10,2,H, 1.000E-01,scale, 1.000E-08, 1.000E-01, 1.000E-01,1,6,0,0,861, 3.65980E+00, 1.069695135E+03,9846,2,H0.1
Rat43_10,2,H, 1.000E-01,scale, 1.000E-08, 1.000E-01, 1.000E-01,1,7,0,0,916, 4.17597E+00, 1.069698103E+03,10769,2,H0.1
Rat43_10,2,H, 1.000E-01,scale, 1.000E-08, 1.000E-01, 1.000E-01,1,8,0,0,797, 3.27011E+00, 1.069715752E+03,9229,2,H0.1
Rat43_10,2,H, 1.000E-01,scale, 1.000E-08, 1.000E-01, 1.000E-01,1,9,0,0,829, 3.94599E+00, 1.069671219E+03,9904,2,H0.1
Rat43_10,2,H, 1.000E-01,scale, 1.000E-08, 1.000E-01, 1.000E-01,1,10,0,0,174, 8.72964E-01, 3.418753721E+04,2141,1,H0.1
Rat43_10,2,H, 1.000E+00,scale, 1.000E-08, 1.000E-01, 1.000E-01,1,1,0,0,907, 4.00747E+00, 1.069698645E+03,10752,2,H1
Rat43_10,2,H, 1.000E+00,scale, 1.000E-08, 1.000E-01, 1.000E-01,1,2,0,0,899, 3.68809E+00, 1.069681797E+03,10646,2,H1
Rat43_10,2,H, 1.000E+00,scale, 1.000E-08, 1.000E-01, 1.000E-01,1,3,0,0,911, 3.77082E+00, 1.069701722E+03,10683,2,H1
Rat43_10,2,H, 1.000E+00,scale, 1.000E-08, 1.000E-01, 1.000E-01,1,4,0,0,880, 3.64802E+00, 1.069695240E+03,10419,2,H1
Rat43_10,2,H, 1.000E+00,scale, 1.000E-08, 1.000E-01, 1.000E-01,1,5,0,0,853, 3.60415E+00, 1.069682623E+03,10061,2,H1
Rat43_10,2,H, 1.000E+00,scale, 1.000E-08, 1.000E-01, 1.000E-01,1,6,0,0,503, 1.92840E+00, 1.069703227E+03,5443,2,H1
Rat43_10,2,H, 1.000E+00,scale, 1.000E-08, 1.000E-01, 1.000E-01,1,7,0,0,945, 4.00383E+00, 1.069700383E+03,11250,2,H1
Rat43_10,2,H, 1.000E+00,scale, 1.000E-08, 1.000E-01, 1.000E-01,1,8,0,0,1574, 9.16341E+00, 1.069693054E+03,20834,2,H1
Rat43_10,2,H, 1.000E+00,scale, 1.000E-08, 1.000E-01, 1.000E-01,1,9,0,0,629, 2.17945E+00, 1.069687327E+03,7025,2,H1
Rat43_10,2,H, 1.000E+00,scale, 1.000E-08, 1.000E-01, 1.000E-01,1,10,0,0,866, 3.69238E+00, 1.069700199E+03,10229,2,H1
Rat43_10,2,H, 1.000E+01,scale, 1.000E-08, 1.000E-01, 1.000E-01,1,1,0,0,768, 4.92103E+00, 1.069725978E+03,9179,2,H10
Rat43_10,2,H, 1.000E+01,scale, 1.000E-08, 1.000E-01, 1.000E-01,1,2,0,0,647, 2.33916E+00, 1.069694922E+03,7471,2,H10
Rat43_10,2,H, 1.000E+01,scale, 1.000E-08, 1.000E-01, 1.000E-01,1,3,0,0,792, 3.30579E+00, 1.069689823E+03,9343,2,H10
Rat43_10,2,H, 1.000E+01,scale, 1.000E-08, 1.000E-01, 1.000E-01,1,4,0,0,605, 2.99638E+00, 1.069696326E+03,7053,2,H10
Rat43_10,2,H, 1.000E+01,scale, 1.000E-08, 1.000E-01, 1.000E-01,1,5,0,0,732, 2.59082E+00, 1.069697371E+03,8262,2,H10
Rat43_10,2,H, 1.000E+01,scale, 1.000E-08, 1.000E-01, 1.000E-01,1,6,0,0,713, 2.82978E+00, 1.069702393E+03,8448,2,H10
Rat43_10,2,H, 1.000E+01,scale, 1.000E-08, 1.000E-01, 1.000E-01,1,7,0,0,741, 3.37259E+00, 1.069691398E+03,8790,2,H10
Rat43_10,2,H, 1.000E+01,scale, 1.000E-08, 1.000E-01, 1.000E-01,1,8,0,0,847, 3.97298E+00, 1.069692690E+03,10292,2,H10
Rat43_10,2,H, 1.000E+01,scale, 1.000E-08, 1.000E-01, 1.000E-01,1,9,0,0,714, 2.90148E+00, 1.069695347E+03,8478,2,H10
Rat43_10,2,H, 1.000E+01,scale, 1.000E-08, 1.000E-01, 1.000E-01,1,10,0,0,727, 3.03197E+00, 1.069686485E+03,8552,2,H10
Rat43_10,2,H, 1.000E+02,scale, 1.000E-08, 1.000E-01, 1.000E-01,1,1,0,0,1072, 3.86201E+00, 1.069722203E+03,12457,2,H100
Rat43_10,2,H, 1.000E+02,scale, 1.000E-08, 1.000E-01, 1.000E-01,1,2,0,0,918, 2.98350E+00, 1.069672691E+03,10546,2,H100
Rat43_10,2,H, 1.000E+02,scale, 1.000E-08, 1.000E-01, 1.000E-01,1,3,0,0,1125, 3.76368E+00, 1.069725570E+03,12938,2,H100
Rat43_10,2,H, 1.000E+02,scale, 1.000E-08, 1.000E-01, 1.000E-01,1,4,0,0,1068, 3.81178E+00, 1.069691887E+03,12279,2,H100
Rat43_10,2,H, 1.000E+02,scale, 1.000E-08, 1.000E-01, 1.000E-01,1,5,0,0,1087, 3.76137E+00, 1.069713128E+03,12613,2,H100
Rat43_10,2,H, 1.000E+02,scale, 1.000E-08, 1.000E-01, 1.000E-01,1,6,0,0,2699, 1.54220E+01, 1.069719711E+03,36374,2,H100
Rat43_10,2,H, 1.000E+02,scale, 1.000E-08, 1.000E-01, 1.000E-01,1,7,0,0,1186, 3.97203E+00, 1.069692694E+03,13645,2,H100
Rat43_10,2,H, 1.000E+02,scale, 1.000E-08, 1.000E-01, 1.000E-01,1,8,0,0,5169, 1.71750E+00, 3.647146016E+04,12503,1,H100
Rat43_10,2,H, 1.000E+02,scale, 1.000E-08, 1.000E-01, 1.000E-01,1,9,0,0,726, 2.56443E+00, 1.069675352E+03,8272,2,H100
Rat43_10,2,H, 1.000E+02,scale, 1.000E-08, 1.000E-01, 1.000E-01,1,10,0,0,2768, 1.74429E+01, 1.069689714E+03,37326,2,H100
Rat43_10,2,H, 1.000E+00,scale, 1.000E-08, 1.000E-01, 1.000E-01,1,1,0,0,1210, 3.74546E+00, 1.069685235E+03,14040,2,HA1
Rat43_10,2,H, 1.000E+00,scale, 1.000E-08, 1.000E-01, 1.000E-01,1,2,0,0,1135, 3.58097E+00, 1.069694828E+03,13173,2,HA1
Rat43_10,2,H, 1.000E+00,scale, 1.000E-08, 1.000E-01, 1.000E-01,1,3,0,0,1195, 3.60937E+00, 1.069695069E+03,13723,2,HA1
Rat43_10,2,H, 1.000E+00,scale, 1.000E-08, 1.000E-01, 1.000E-01,1,4,0,0,1290, 5.62390E+00, 1.069704690E+03,15075,2,HA1
Rat43_10,2,H, 1.000E+00,scale, 1.000E-08, 1.000E-01, 1.000E-01,1,5,0,0,1171, 4.18481E+00, 1.069699161E+03,13548,2,HA1
Rat43_10,2,H, 1.000E+00,scale, 1.000E-08, 1.000E-01, 1.000E-01,1,6,0,0,1214, 4.06030E+00, 1.069703005E+03,14092,2,HA1
Rat43_10,2,H, 1.000E+00,scale, 1.000E-08, 1.000E-01, 1.000E-01,1,7,0,0,1259, 5.39583E+00, 1.069681053E+03,14692,2,HA1
Rat43_10,2,H, 1.000E+00,scale, 1.000E-08, 1.000E-01, 1.000E-01,1,8,0,0,812, 2.07176E+00, 1.069732261E+03,9281,2,HA1
Rat43_10,2,H, 1.000E+00,scale, 1.000E-08, 1.000E-01, 1.000E-01,1,9,0,0,844, 2.56715E+00, 1.069689191E+03,9683,2,HA1
Rat43_10,2,H, 1.000E+00,scale, 1.000E-08, 1.000E-01, 1.000E-01,1,10,0,0,1218, 4.08024E+00, 1.069670102E+03,14095,2,HA1
Rat43_10,2,H, 1.000E+00,scale, 1.000E-08, 1.000E-01, 1.000E-01,1,1,0,0,2592, 8.36273E+00, 1.069740006E+03,31665,2,HA10
Rat43_10,2,H, 1.000E+00,scale, 1.000E-08, 1.000E-01, 1.000E-01,1,2,0,0,2561, 8.55548E+00, 1.069688698E+03,31336,2,HA10
Rat43_10,2,H, 1.000E+00,scale, 1.000E-08, 1.000E-01, 1.000E-01,1,3,0,0,2570, 8.19687E+00, 1.069733441E+03,31221,2,HA10
Rat43_10,2,H, 1.000E+00,scale, 1.000E-08, 1.000E-01, 1.000E-01,1,4,0,0,2400, 1.15650E+01, 1.069712140E+03,29309,2,HA10
Rat43_10,2,H, 1.000E+00,scale, 1.000E-08, 1.000E-01, 1.000E-01,1,5,0,0,2587, 1.30064E+01, 1.069701660E+03,31466,2,HA10
Rat43_10,2,H, 1.000E+00,scale, 1.000E-08, 1.000E-01, 1.000E-01,1,6,0,0,6039, 3.03231E+01, 1.069701831E+03,79846,2,HA10
Rat43_10,2,H, 1.000E+00,scale, 1.000E-08, 1.000E-01, 1.000E-01,1,7,0,0,2472, 8.64121E+00, 1.069699980E+03,30188,2,HA10
Rat43_10,2,H, 1.000E+00,scale, 1.000E-08, 1.000E-01, 1.000E-01,1,8,0,0,3884, 1.43299E+01, 1.069684373E+03,49590,2,HA10
Rat43_10,2,H, 1.000E+00,scale, 1.000E-08, 1.000E-01, 1.000E-01,1,9,0,0,1872, 1.76258E+00, 3.647147256E+04,14336,1,HA10
Rat43_10,2,H, 1.000E+00,scale, 1.000E-08, 1.000E-01, 1.000E-01,1,10,0,0,2538, 7.94362E+00, 1.069722713E+03,30867,2,HA10
Rat43_10,2,H, 1.000E+00,scale, 1.000E-08, 1.000E-01, 1.000E-01,1,1,1,0,10000, 4.93386E+01, 8.721680598E+03,130668,2,HA100
Rat43_10,2,H, 1.000E+00,scale, 1.000E-08, 1.000E-01, 1.000E-01,1,2,0,0,9190, 2.96036E+01, 1.069698187E+03,111509,2,HA100
Rat43_10,2,H, 1.000E+00,scale, 1.000E-08, 1.000E-01, 1.000E-01,1,3,1,0,10000, 4.89852E+01, 8.713005337E+03,130414,2,HA100
Rat43_10,2,H, 1.000E+00,scale, 1.000E-08, 1.000E-01, 1.000E-01,1,4,0,0,9152, 3.86242E+01, 1.069704262E+03,111143,2,HA100
Rat43_10,2,H, 1.000E+00,scale, 1.000E-08, 1.000E-01, 1.000E-01,1,5,1,0,10000, 4.09390E+01, 8.694074018E+03,131019,2,HA100
Rat43_10,2,H, 1.000E+00,scale, 1.000E-08, 1.000E-01, 1.000E-01,1,6,1,0,10000, 5.15020E+01, 8.705803011E+03,131129,2,HA100
Rat43_10,2,H, 1.000E+00,scale, 1.000E-08, 1.000E-01, 1.000E-01,1,7,1,0,10000, 5.71809E+01, 8.646711874E+03,130392,2,HA100
Rat43_10,2,H, 1.000E+00,scale, 1.000E-08, 1.000E-01, 1.000E-01,1,8,0,0,2651, 8.27543E+00, 1.069703698E+03,29065,2,HA100
Rat43_10,2,H, 1.000E+00,scale, 1.000E-08, 1.000E-01, 1.000E-01,1,9,0,0,1664, 3.27947E+00, 1.069726769E+03,18141,2,HA100
Rat43_10,2,H, 1.000E+00,scale, 1.000E-08, 1.000E-01, 1.000E-01,1,10,1,0,10000, 5.59208E+01, 8.678163748E+03,130644,2,HA100
Rat43_10,2,H, 1.000E+00,clip, 1.000E-08, 1.000E-01, 1.000E-01,1,1,0,0,1004, 6.63839E+00, 1.069671715E+03,13673,2,Hc1
Rat43_10,2,H, 1.000E+00,clip, 1.000E-08, 1.000E-01, 1.000E-01,1,2,0,0,891, 6.63116E+00, 1.069683778E+03,12548,2,Hc1
Rat43_10,2,H, 1.000E+00,clip, 1.000E-08, 1.000E-01, 1.000E-01,1,3,0,0,177, 1.22614E+00, 1.974944143E+03,2378,2,Hc1
Rat43_10,2,H, 1.000E+00,clip, 1.000E-08, 1.000E-01, 1.000E-01,1,4,0,0,728, 5.06756E+00, 1.069699491E+03,9835,2,Hc1
Rat43_10,2,H, 1.000E+00,clip, 1.000E-08, 1.000E-01, 1.000E-01,1,5,0,0,977, 6.75385E+00, 1.069681016E+03,13765,2,Hc1
Rat43_10,2,H, 1.000E+00,clip, 1.000E-08, 1.000E-01, 1.000E-01,1,6,0,0,2093, 1.33647E+01, 1.069693917E+03,26589,2,Hc1
Rat43_10,2,H, 1.000E+00,clip, 1.000E-08, 1.000E-01, 1.000E-01,1,7,0,0,898, 5.75389E+00, 1.069690073E+03,12441,2,Hc1
Rat43_10,2,H, 1.000E+00,clip, 1.000E-08, 1.000E-01, 1.000E-01,1,8,0,0,897, 6.26917E+00, 1.069670391E+03,12583,2,Hc1
Rat43_10,2,H, 1.000E+00,clip, 1.000E-08, 1.000E-01, 1.000E-01,1,9,0,0,966, 6.53703E+00, 1.069710142E+03,13364,2,Hc1
Rat43_10,2,H, 1.000E+00,clip, 1.000E-08, 1.000E-01, 1.000E-01,1,10,0,0,1930, 1.22251E+01, 1.069693302E+03,24831,2,Hc1
Rat43_10,2,H, 1.000E+01,clip, 1.000E-08, 1.000E-01, 1.000E-01,1,1,0,0,910, 5.00830E+00, 1.069686214E+03,12572,2,Hc10
Rat43_10,2,H, 1.000E+01,clip, 1.000E-08, 1.000E-01, 1.000E-01,1,2,0,0,1115, 6.26339E+00, 1.069702155E+03,15015,2,Hc10
Rat43_10,2,H, 1.000E+01,clip, 1.000E-08, 1.000E-01, 1.000E-01,1,3,0,0,1684, 1.07109E+01, 1.069692043E+03,21589,2,Hc10
Rat43_10,2,H, 1.000E+01,clip, 1.000E-08, 1.000E-01, 1.000E-01,1,4,0,0,748, 4.92828E+00, 1.069698898E+03,10126,2,Hc10
Rat43_10,2,H, 1.000E+01,clip, 1.000E-08, 1.000E-01, 1.000E-01,1,5,0,0,995, 7.12740E+00, 1.069693184E+03,14019,2,Hc10
Rat43_10,2,H, 1.000E+01,clip, 1.000E-08, 1.000E-01, 1.000E-01,1,6,0,0,549, 1.57296E+00, 1.069696441E+03,6134,2,Hc10
Rat43_10,2,H, 1.000E+01,clip, 1.000E-08, 1.000E-01, 1.000E-01,1,7,0,0,1161, 7.15244E+00, 1.069703351E+03,15492,2,Hc10
Rat43_10,2,H, 1.000E+01,clip, 1.000E-08, 1.000E-01, 1.000E-01,1,8,0,0,1091, 7.01935E+00, 1.069695017E+03,14774,2,Hc10
Rat43_10,2,H, 1.000E+01,clip, 1.000E-08, 1.000E-01, 1.000E-01,1,9,0,0,1121, 7.28072E+00, 1.069713055E+03,15205,2,Hc10
Rat43_10,2,H, 1.000E+01,clip, 1.000E-08, 1.000E-01, 1.000E-01,1,10,0,0,511, 1.61858E+00, 1.069690771E+03,5888,2,Hc10
Rat43_10,2,QN, 1.000E+04,scale, 1.000E-08, 1.000E-01, 1.000E-01,1,1,0,0,350, 1.40726E+00, 1.069698858E+03,4370,2,QN
Rat43_10,2,QN, 1.000E+04,scale, 1.000E-08, 1.000E-01, 1.000E-01,1,2,0,0,802, 4.43109E+00, 1.069686979E+03,11209,2,QN
Rat43_10,2,QN, 1.000E+04,scale, 1.000E-08, 1.000E-01, 1.000E-01,1,3,0,0,1337, 6.00772E+00, 1.069699969E+03,16325,2,QN
Rat43_10,2,QN, 1.000E+04,scale, 1.000E-08, 1.000E-01, 1.000E-01,1,4,0,0,851, 4.77149E+00, 1.069694558E+03,11997,2,QN
Rat43_10,2,QN, 1.000E+04,scale, 1.000E-08, 1.000E-01, 1.000E-01,1,5,0,0,333, 1.37569E+00, 1.069701245E+03,4275,2,QN
Rat43_10,2,QN, 1.000E+04,scale, 1.000E-08, 1.000E-01, 1.000E-01,1,6,0,0,1038, 5.12224E+00, 1.069668479E+03,13928,2,QN
Rat43_10,2,QN, 1.000E+04,scale, 1.000E-08, 1.000E-01, 1.000E-01,1,7,0,0,335, 1.25254E+00, 1.069742388E+03,4029,2,QN
Rat43_10,2,QN, 1.000E+04,scale, 1.000E-08, 1.000E-01, 1.000E-01,1,8,0,0,275, 1.18362E+00, 1.069696044E+03,3551,2,QN
Rat43_10,2,QN, 1.000E+04,scale, 1.000E-08, 1.000E-01, 1.000E-01,1,9,0,0,234, 9.00968E-01, 1.069702707E+03,2873,2,QN
Rat43_10,2,QN, 1.000E+04,scale, 1.000E-08, 1.000E-01, 1.000E-01,1,10,0,0,356, 1.23131E+00, 1.069730210E+03,3993,2,QN
Rat43_10,2,0, 1.000E+00,scale, 1.000E-08, 1.000E-01, 1.000E-01,2,1,0,0,1839, 1.06759E+01, 1.069684589E+03,24488,2,FO
Rat43_10,2,0, 1.000E+00,scale, 1.000E-08, 1.000E-01, 1.000E-01,2,2,0,0,2027, 1.30985E+01, 1.069694999E+03,27270,2,FO
Rat43_10,2,0, 1.000E+00,scale, 1.000E-08, 1.000E-01, 1.000E-01,2,3,0,0,1866, 1.18430E+01, 1.069701914E+03,25099,2,FO
Rat43_10,2,0, 1.000E+00,scale, 1.000E-08, 1.000E-01, 1.000E-01,2,4,0,0,1794, 9.86028E+00, 1.069672590E+03,23396,2,FO
Rat43_10,2,0, 1.000E+00,scale, 1.000E-08, 1.000E-01, 1.000E-01,2,5,0,0,1840, 1.10446E+01, 1.069703480E+03,24343,2,FO
Rat43_10,2,0, 1.000E+00,scale, 1.000E-08, 1.000E-01, 1.000E-01,2,6,0,0,807, 2.76866E+00, 1.069692599E+03,9525,2,FO
Rat43_10,2,0, 1.000E+00,scale, 1.000E-08, 1.000E-01, 1.000E-01,2,7,0,0,1871, 1.17256E+01, 1.069681830E+03,24741,2,FO
Rat43_10,2,0, 1.000E+00,scale, 1.000E-08, 1.000E-01, 1.000E-01,2,8,0,0,1787, 1.01330E+01, 1.069692879E+03,23355,2,FO
Rat43_10,2,0, 1.000E+00,scale, 1.000E-08, 1.000E-01, 1.000E-01,2,9,0,0,671, 2.37352E+00, 1.069697866E+03,7943,2,FO
Rat43_10,2,0, 1.000E+00,scale, 1.000E-08, 1.000E-01, 1.000E-01,2,10,0,0,859, 4.28132E+00, 1.069685748E+03,11383,2,FO
Rat43_10,2,GN, 1.000E+04,scale, 1.000E-08, 1.000E-01, 1.000E-01,2,1,0,0,1845, 1.10873E+01, 1.069718296E+03,24605,2,GN
Rat43_10,2,GN, 1.000E+04,scale, 1.000E-08, 1.000E-01, 1.000E-01,2,2,0,0,1935, 1.35637E+01, 1.069703205E+03,26264,2,GN
Rat43_10,2,GN, 1.000E+04,scale, 1.000E-08, 1.000E-01, 1.000E-01,2,3,0,0,1918, 1.26389E+01, 1.069694200E+03,25472,2,GN
Rat43_10,2,GN, 1.000E+04,scale, 1.000E-08, 1.000E-01, 1.000E-01,2,4,0,0,1683, 1.03078E+01, 1.069696925E+03,22062,2,GN
Rat43_10,2,GN, 1.000E+04,scale, 1.000E-08, 1.000E-01, 1.000E-01,2,5,0,0,1846, 1.24982E+01, 1.069698504E+03,24398,2,GN
Rat43_10,2,GN, 1.000E+04,scale, 1.000E-08, 1.000E-01, 1.000E-01,2,6,0,0,1061, 3.88737E+00, 1.069680837E+03,12593,2,GN
Rat43_10,2,GN, 1.000E+04,scale, 1.000E-08, 1.000E-01, 1.000E-01,2,7,0,0,1900, 1.21979E+01, 1.069703010E+03,24919,2,GN
Rat43_10,2,GN, 1.000E+04,scale, 1.000E-08, 1.000E-01, 1.000E-01,2,8,0,0,1662, 1.05109E+01, 1.069700189E+03,21811,2,GN
Rat43_10,2,GN, 1.000E+04,scale, 1.000E-08, 1.000E-01, 1.000E-01,2,9,0,0,2043, 1.17542E+01, 1.069695944E+03,25946,2,GN
Rat43_10,2,GN, 1.000E+04,scale, 1.000E-08, 1.000E-01, 1.000E-01,2,10,0,0,706, 3.46577E+00, 1.069680924E+03,9389,2,GN
Rat43_10,2,GN, 1.000E+00,scale, 1.000E-08, 1.000E-01, 1.000E-01,2,1,0,0,852, 7.13886E+00, 1.527827513E+03,12448,2,GN1
Rat43_10,2,GN, 1.000E+00,scale, 1.000E-08, 1.000E-01, 1.000E-01,2,2,0,0,2035, 1.65360E+01, 1.069684043E+03,27521,2,GN1
Rat43_10,2,GN, 1.000E+00,scale, 1.000E-08, 1.000E-01, 1.000E-01,2,3,0,0,1248, 1.11017E+01, 1.262724535E+03,17487,2,GN1
Rat43_10,2,GN, 1.000E+00,scale, 1.000E-08, 1.000E-01, 1.000E-01,2,4,0,0,1756, 1.23789E+01, 1.069714426E+03,22968,2,GN1
Rat43_10,2,GN, 1.000E+00,scale, 1.000E-08, 1.000E-01, 1.000E-01,2,5,0,0,1856, 1.24244E+01, 1.069700722E+03,24508,2,GN1
Rat43_10,2,GN, 1.000E+00,scale, 1.000E-08, 1.000E-01, 1.000E-01,2,6,0,0,859, 3.70216E+00, 1.069681053E+03,10322,2,GN1
Rat43_10,2,GN, 1.000E+00,scale, 1.000E-08, 1.000E-01, 1.000E-01,2,7,0,0,1899, 1.47622E+01, 1.069668444E+03,25103,2,GN1
Rat43_10,2,GN, 1.000E+00,scale, 1.000E-08, 1.000E-01, 1.000E-01,2,8,0,0,1753, 1.26369E+01, 1.069685945E+03,22828,2,GN1
Rat43_10,2,GN, 1.000E+00,scale, 1.000E-08, 1.000E-01, 1.000E-01,2,9,0,0,671, 3.01568E+00, 1.069695678E+03,8020,2,GN1
Rat43_10,2,GN, 1.000E+00,scale, 1.000E-08, 1.000E-01, 1.000E-01,2,10,0,0,819, 5.01513E+00, 1.069701110E+03,10808,2,GN1
Rat43_10,2,H, 1.000E+04,scale, 1.000E-08, 1.000E-01, 1.000E-01,2,1,1,0,10000, 6.62611E+01, 4.181275775E+03,101243,2,H
Rat43_10,2,H, 1.000E+04,scale, 1.000E-08, 1.000E-01, 1.000E-01,2,2,1,0,10000, 4.97677E+01, 3.873417329E+03,71459,2,H
Rat43_10,2,H, 1.000E+04,scale, 1.000E-08, 1.000E-01, 1.000E-01,2,3,1,0,10000, 5.03563E+01, 3.674201667E+03,72581,2,H
Rat43_10,2,H, 1.000E+04,scale, 1.000E-08, 1.000E-01, 1.000E-01,2,4,1,0,10000, 5.28456E+01, 1.954384157E+03,84676,2,H
Rat43_10,2,H, 1.000E+04,scale, 1.000E-08, 1.000E-01, 1.000E-01,2,5,1,0,10000, 6.40512E+01, 3.076005985E+03,95791,2,H
Rat43_10,2,H, 1.000E+04,scale, 1.000E-08, 1.000E-01, 1.000E-01,2,6,0,0,2112, 4.35052E+00, 1.069688357E+03,22977,2,H
Rat43_10,2,H, 1.000E+04,scale, 1.000E-08, 1.000E-01, 1.000E-01,2,7,1,0,10000, 6.38204E+01, 3.050901817E+03,96799,2,H
Rat43_10,2,H, 1.000E+04,scale, 1.000E-08, 1.000E-01, 1.000E-01,2,8,1,0,10000, 5.48851E+01, 2.171005717E+03,87963,2,H
Rat43_10,2,H, 1.000E+04,scale, 1.000E-08, 1.000E-01, 1.000E-01,2,9,0,0,1236, 3.40974E+00, 1.069705109E+03,13443,2,H
Rat43_10,2,H, 1.000E+04,scale, 1.000E-08, 1.000E-01, 1.000E-01,2,10,0,0,987, 3.87216E+00, 1.069691685E+03,12224,2,H
Rat43_10,2,H, 1.000E-01,scale, 1.000E-08, 1.000E-01, 1.000E-01,2,1,0,0,1824, 1.22779E+01, 1.069669919E+03,24702,2,H0.1
Rat43_10,2,H, 1.000E-01,scale, 1.000E-08, 1.000E-01, 1.000E-01,2,2,0,0,1434, 1.07514E+01, 1.249701930E+03,20265,2,H0.1
Rat43_10,2,H, 1.000E-01,scale, 1.000E-08, 1.000E-01, 1.000E-01,2,3,0,0,1879, 1.22158E+01, 1.069699206E+03,25313,2,H0.1
Rat43_10,2,H, 1.000E-01,scale, 1.000E-08, 1.000E-01, 1.000E-01,2,4,0,0,1726, 1.00490E+01, 1.069692379E+03,22611,2,H0.1
Rat43_10,2,H, 1.000E-01,scale, 1.000E-08, 1.000E-01, 1.000E-01,2,5,0,0,968, 6.91873E+00, 1.445044450E+03,13447,2,H0.1
Rat43_10,2,H, 1.000E-01,scale, 1.000E-08, 1.000E-01, 1.000E-01,2,6,0,0,853, 2.84216E+00, 1.069698731E+03,10122,2,H0.1
Rat43_10,2,H, 1.000E-01,scale, 1.000E-08, 1.000E-01, 1.000E-01,2,7,0,0,1900, 1.17374E+01, 1.069674620E+03,25103,2,H0.1
Rat43_10,2,H, 1.000E-01,scale, 1.000E-08, 1.000E-01, 1.000E-01,2,8,0,0,1271, 8.00643E+00, 1.210743172E+03,17232,2,H0.1
Rat43_10,2,H, 1.000E-01,scale, 1.000E-08, 1.000E-01, 1.000E-01,2,9,0,0,678, 2.40821E+00, 1.069701264E+03,8050,2,H0.1
Rat43_10,2,H, 1.000E-01,scale, 1.000E-08, 1.000E-01, 1.000E-01,2,10,0,0,857, 4.14312E+00, 1.069669760E+03,11269,2,H0.1
Rat43_10,2,H, 1.000E+00,scale, 1.000E-08, 1.000E-01, 1.000E-01,2,1,0,0,1755, 1.03511E+01, 1.069717169E+03,23678,2,H1
Rat43_10,2,H, 1.000E+00,scale, 1.000E-08, 1.000E-01, 1.000E-01,2,2,0,0,1889, 1.23561E+01, 1.069690016E+03,25592,2,H1
Rat43_10,2,H, 1.000E+00,scale, 1.000E-08, 1.000E-01, 1.000E-01,2,3,0,0,1832, 1.19300E+01, 1.069694017E+03,24560,2,H1
Rat43_10,2,H, 1.000E+00,scale, 1.000E-08, 1.000E-01, 1.000E-01,2,4,0,0,1800, 1.03529E+01, 1.069700508E+03,23545,2,H1
Rat43_10,2,H, 1.000E+00,scale, 1.000E-08, 1.000E-01, 1.000E-01,2,5,0,0,1787, 1.08515E+01, 1.069698784E+03,23592,2,H1
Rat43_10,2,H, 1.000E+00,scale, 1.000E-08, 1.000E-01, 1.000E-01,2,6,0,0,919, 3.26691E+00, 1.069698230E+03,11041,2,H1
Rat43_10,2,H, 1.000E+00,scale, 1.000E-08, 1.000E-01, 1.000E-01,2,7,0,0,1754, 1.11900E+01, 1.069706931E+03,23357,2,H1
Rat43_10,2,H, 1.000E+00,scale, 1.000E-08, 1.000E-01, 1.000E-01,2,8,0,0,1746, 9.85977E+00, 1.069691624E+03,22762,2,H1
Rat43_10,2,H, 1.000E+00,scale, 1.000E-08, 1.000E-01, 1.000E-01,2,9,0,0,612, 2.61146E+00, 1.069698935E+03,7402,2,H1
Rat43_10,2,H, 1.000E+00,scale, 1.000E-08, 1.000E-01, 1.000E-01,2,10,0,0,851, 3.97647E+00, 1.069689108E+03,11201,2,H1
Rat43_10,2,H, 1.000E+01,scale, 1.000E-08, 1.000E-01, 1.000E-01,2,1,0,0,2503, 1.71921E+01, 1.069684426E+03,34113,2,H10
Rat43_10,2,H, 1.000E+01,scale, 1.000E-08, 1.000E-01, 1.000E-01,2,2,0,0,2542, 1.78766E+01, 1.069685951E+03,34949,2,H10
Rat43_10,2,H, 1.000E+01,scale, 1.000E-08, 1.000E-01, 1.000E-01,2,3,0,0,2470, 1.65270E+01, 1.069698982E+03,33335,2,H10
Rat43_10,2,H, 1.000E+01,scale, 1.000E-08, 1.000E-01, 1.000E-01,2,4,0,0,1990, 1.16016E+01, 1.069695139E+03,25797,2,H10
Rat43_10,2,H, 1.000E+01,scale, 1.000E-08, 1.000E-01, 1.000E-01,2,5,0,0,2236, 1.55334E+01, 1.069671631E+03,29491,2,H10
Rat43_10,2,H, 1.000E+01,scale, 1.000E-08, 1.000E-01, 1.000E-01,2,6,0,0,478, 2.12731E+00, 1.069721041E+03,5588,2,H10
Rat43_10,2,H, 1.000E+01,scale, 1.000E-08, 1.000E-01, 1.000E-01,2,7,0,0,2155, 1.61724E+01, 1.069698076E+03,28801,2,H10
Rat43_10,2,H, 1.000E+01,scale, 1.000E-08, 1.000E-01, 1.000E-01,2,8,0,0,1980, 1.34281E+01, 1.069680042E+03,25718,2,H10
Rat43_10,2,H, 1.000E+01,scale, 1.000E-08, 1.000E-01, 1.000E-01,2,9,0,0,595, 3.01067E+00, 1.069697267E+03,7188,2,H10
Rat43_10,2,H, 1.000E+01,scale, 1.000E-08, 1.000E-01, 1.000E-01,2,10,0,0,845, 4.65603E+00, 1.069672618E+03,11008,2,H10
Rat43_10,2,H, 1.000E+02,scale, 1.000E-08, 1.000E-01, 1.000E-01,2,1,0,0,6986, 5.74212E+01, 1.069673105E+03,98204,2,H100
Rat43_10,2,H, 1.000E+02,scale, 1.000E-08, 1.000E-01, 1.000E-01,2,2,0,0,6624, 6.26509E+01, 1.069689589E+03,92445,2,H100
Rat43_10,2,H, 1.000E+02,scale, 1.000E-08, 1.000E-01, 1.000E-01,2,3,0,0,6385, 5.90928E+01, 1.069702493E+03,88583,2,H100
Rat43_10,2,H, 1.000E+02,scale, 1.000E-08, 1.000E-01, 1.000E-01,2,4,0,0,3779, 2.77203E+01, 1.069691877E+03,49224,2,H100
Rat43_10,2,H, 1.000E+02,scale, 1.000E-08, 1.000E-01, 1.000E-01,2,5,0,0,5132, 3.98768E+01, 1.069678450E+03,69688,2,H100
Rat43_10,2,H, 1.000E+02,scale, 1.000E-08, 1.000E-01, 1.000E-01,2,6,0,0,817, 3.01078E+00, 1.069747943E+03,9757,2,H100
Rat43_10,2,H, 1.000E+02,scale, 1.000E-08, 1.000E-01, 1.000E-01,2,7,0,0,5119, 3.89023E+01, 1.069721303E+03,69348,2,H100
Rat43_10,2,H, 1.000E+02,scale, 1.000E-08, 1.000E-01, 1.000E-01,2,8,0,0,3930, 2.64839E+01, 1.069696399E+03,51602,2,H100
Rat43_10,2,H, 1.000E+02,scale, 1.000E-08, 1.000E-01, 1.000E-01,2,9,0,0,843, 3.07321E+00, 1.069661182E+03,9736,2,H100
Rat43_10,2,H, 1.000E+02,scale, 1.000E-08, 1.000E-01, 1.000E-01,2,10,0,0,1019, 4.82870E+00, 1.069714466E+03,12669,2,H100
Rat43_10,2,H, 1.000E+00,scale, 1.000E-08, 1.000E-01, 1.000E-01,2,1,0,0,2920, 1.48301E+01, 1.069711883E+03,36752,2,HA1
Rat43_10,2,H, 1.000E+00,scale, 1.000E-08, 1.000E-01, 1.000E-01,2,2,0,0,3155, 1.41027E+01, 1.069695579E+03,40388,2,HA1
Rat43_10,2,H, 1.000E+00,scale, 1.000E-08, 1.000E-01, 1.000E-01,2,3,0,0,3006, 1.47014E+01, 1.069694191E+03,37908,2,HA1
Rat43_10,2,H, 1.000E+00,scale, 1.000E-08, 1.000E-01, 1.000E-01,2,4,0,0,2971, 1.39729E+01, 1.069724495E+03,37239,2,HA1
Rat43_10,2,H, 1.000E+00,scale, 1.000E-08, 1.000E-01, 1.000E-01,2,5,0,0,3061, 1.51634E+01, 1.069679711E+03,39100,2,HA1
Rat43_10,2,H, 1.000E+00,scale, 1.000E-08, 1.000E-01, 1.000E-01,2,6,0,0,1004, 2.89885E+00, 1.069698912E+03,11633,2,HA1
Rat43_10,2,H, 1.000E+00,scale, 1.000E-08, 1.000E-01, 1.000E-01,2,7,0,0,3226, 1.66928E+01, 1.069697405E+03,41125,2,HA1
Rat43_10,2,H, 1.000E+00,scale, 1.000E-08, 1.000E-01, 1.000E-01,2,8,0,0,3053, 1.52709E+01, 1.069693268E+03,38071,2,HA1
Rat43_10,2,H, 1.000E+00,scale, 1.000E-08, 1.000E-01, 1.000E-01,2,9,0,0,823, 2.56940E+00, 1.069668925E+03,9559,2,HA1
Rat43_10,2,H, 1.000E+00,scale, 1.000E-08, 1.000E-01, 1.000E-01,2,10,0,0,841, 3.30927E+00, 1.069678430E+03,11015,2,HA1
Rat43_10,2,H, 1.000E+00,scale, 1.000E-08, 1.000E-01, 1.000E-01,2,1,0,0,3328, 1.70328E+01, 1.069695792E+03,42249,2,HA10
Rat43_10,2,H, 1.000E+00,scale, 1.000E-08, 1.000E-01, 1.000E-01,2,2,0,0,3781, 2.03623E+01, 1.069711798E+03,48808,2,HA10
Rat43_10,2,H, 1.000E+00,scale, 1.000E-08, 1.000E-01, 1.000E-01,2,3,0,0,3869, 2.18265E+01, 1.069698864E+03,50597,2,HA10
Rat43_10,2,H, 1.000E+00,scale, 1.000E-08, 1.000E-01, 1.000E-01,2,4,0,0,3545, 1.79875E+01, 1.069703413E+03,44524,2,HA10
Rat43_10,2,H, 1.000E+00,scale, 1.000E-08, 1.000E-01, 1.000E-01,2,5,0,0,3856, 2.18690E+01, 1.069676820E+03,49842,2,HA10
Rat43_10,2,H, 1.000E+00,scale, 1.000E-08, 1.000E-01, 1.000E-01,2,6,0,0,1487, 3.99895E+00, 1.069701189E+03,17532,2,HA10
Rat43_10,2,H, 1.000E+00,scale, 1.000E-08, 1.000E-01, 1.000E-01,2,7,0,0,4007, 2.28781E+01, 1.069702946E+03,51685,2,HA10
Rat43_10,2,H, 1.000E+00,scale, 1.000E-08, 1.000E-01, 1.000E-01,2,8,0,0,3763, 1.68427E+01, 1.069694820E+03,47785,2,HA10
Rat43_10,2,H, 1.000E+00,scale, 1.000E-08, 1.000E-01, 1.000E-01,2,9,0,0,368, 1.39956E+00, 1.069721837E+03,4501,2,HA10
Rat43_10,2,H, 1.000E+00,scale, 1.000E-08, 1.000E-01, 1.000E-01,2,10,0,0,759, 3.44002E+00, 1.069703136E+03,9554,2,HA10
Rat43_10,2,H, 1.000E+00,scale, 1.000E-08, 1.000E-01, 1.000E-01,2,1,0,0,3978, 2.20371E+01, 1.069700039E+03,50069,2,HA100
Rat43_10,2,H, 1.000E+00,scale, 1.000E-08, 1.000E-01, 1.000E-01,2,2,0,0,4338, 2.97378E+01, 1.069696400E+03,55557,2,HA100
Rat43_10,2,H, 1.000E+00,scale, 1.000E-08, 1.000E-01, 1.000E-01,2,3,0,0,5019, 2.90890E+01, 1.069699621E+03,65666,2,HA100
Rat43_10,2,H, 1.000E+00,scale, 1.000E-08, 1.000E-01, 1.000E-01,2,4,0,0,4496, 2.79439E+01, 1.069697860E+03,57034,2,HA100
Rat43_10,2,H, 1.000E+00,scale, 1.000E-08, 1.000E-01, 1.000E-01,2,5,0,0,4752, 2.69869E+01, 1.069707218E+03,61269,2,HA100
Rat43_10,2,H, 1.000E+00,scale, 1.000E-08, 1.000E-01, 1.000E-01,2,6,0,0,4239, 9.49521E+00, 1.069712110E+03,49502,2,HA100
Rat43_10,2,H, 1.000E+00,scale, 1.000E-08, 1.000E-01, 1.000E-01,2,7,0,0,4714, 2.64313E+01, 1.069724698E+03,60882,2,HA100
Rat43_10,2,H, 1.000E+00,scale, 1.000E-08, 1.000E-01, 1.000E-01,2,8,0,0,4415, 3.07157E+01, 1.069693358E+03,55772,2,HA100
Rat43_10,2,H, 1.000E+00,scale, 1.000E-08, 1.000E-01, 1.000E-01,2,9,0,0,1115, 3.39996E+00, 1.069700143E+03,12336,2,HA100
Rat43_10,2,H, 1.000E+00,scale, 1.000E-08, 1.000E-01, 1.000E-01,2,10,0,0,2253, 9.39795E+00, 1.069694734E+03,27171,2,HA100
Rat43_10,2,H, 1.000E+00,clip, 1.000E-08, 1.000E-01, 1.000E-01,2,1,0,0,913, 7.87348E+00, 1.435916318E+03,13445,2,Hc1
Rat43_10,2,H, 1.000E+00,clip, 1.000E-08, 1.000E-01, 1.000E-01,2,2,0,0,1728, 1.20304E+01, 1.069675886E+03,23548,2,Hc1
Rat43_10,2,H, 1.000E+00,clip, 1.000E-08, 1.000E-01, 1.000E-01,2,3,0,0,1782, 1.22869E+01, 1.069702955E+03,24161,2,Hc1
Rat43_10,2,H, 1.000E+00,clip, 1.000E-08, 1.000E-01, 1.000E-01,2,4,0,0,1722, 9.96199E+00, 1.069679376E+03,22334,2,Hc1
Rat43_10,2,H, 1.000E+00,clip, 1.000E-08, 1.000E-01, 1.000E-01,2,5,0,0,1740, 1.15115E+01, 1.069698499E+03,23075,2,Hc1
Rat43_10,2,H, 1.000E+00,clip, 1.000E-08, 1.000E-01, 1.000E-01,2,6,0,0,1411, 5.97383E+00, 1.069689495E+03,17061,2,Hc1
Rat43_10,2,H, 1.000E+00,clip, 1.000E-08, 1.000E-01, 1.000E-01,2,7,0,0,1747, 1.14037E+01, 1.069693005E+03,23402,2,Hc1
Rat43_10,2,H, 1.000E+00,clip, 1.000E-08, 1.000E-01, 1.000E-01,2,8,0,0,1644, 9.99594E+00, 1.069705307E+03,21626,2,Hc1
Rat43_10,2,H, 1.000E+00,clip, 1.000E-08, 1.000E-01, 1.000E-01,2,9,0,0,1598, 9.57160E+00, 1.249904847E+03,20931,2,Hc1
Rat43_10,2,H, 1.000E+00,clip, 1.000E-08, 1.000E-01, 1.000E-01,2,10,0,0,880, 4.94831E+00, 1.961929256E+03,11788,2,Hc1
Rat43_10,2,H, 1.000E+01,clip, 1.000E-08, 1.000E-01, 1.000E-01,2,1,0,0,2567, 2.07953E+01, 1.069695863E+03,35385,2,Hc10
Rat43_10,2,H, 1.000E+01,clip, 1.000E-08, 1.000E-01, 1.000E-01,2,2,0,0,2469, 2.15431E+01, 1.069711625E+03,33881,2,Hc10
Rat43_10,2,H, 1.000E+01,clip, 1.000E-08, 1.000E-01, 1.000E-01,2,3,0,0,1794, 1.71762E+01, 1.225429604E+03,25265,2,Hc10
Rat43_10,2,H, 1.000E+01,clip, 1.000E-08, 1.000E-01, 1.000E-01,2,4,0,0,1964, 1.46704E+01, 1.069698711E+03,25579,2,Hc10
Rat43_10,2,H, 1.000E+01,clip, 1.000E-08, 1.000E-01, 1.000E-01,2,5,0,0,2260, 1.84069E+01, 1.069712614E+03,29965,2,Hc10
Rat43_10,2,H, 1.000E+01,clip, 1.000E-08, 1.000E-01, 1.000E-01,2,6,0,0,581, 2.57830E+00, 1.069664280E+03,6686,2,Hc10
Rat43_10,2,H, 1.000E+01,clip, 1.000E-08, 1.000E-01, 1.000E-01,2,7,0,0,2157, 1.73714E+01, 1.069714543E+03,28743,2,Hc10
Rat43_10,2,H, 1.000E+01,clip, 1.000E-08, 1.000E-01, 1.000E-01,2,8,0,0,1977, 1.34073E+01, 1.069706977E+03,25810,2,Hc10
Rat43_10,2,H, 1.000E+01,clip, 1.000E-08, 1.000E-01, 1.000E-01,2,9,0,0,589, 2.52550E+00, 1.069719742E+03,7008,2,Hc10
Rat43_10,2,H, 1.000E+01,clip, 1.000E-08, 1.000E-01, 1.000E-01,2,10,0,0,918, 4.86513E+00, 1.069677480E+03,11633,2,Hc10
Rat43_10,2,QN, 1.000E+04,scale, 1.000E-08, 1.000E-01, 1.000E-01,2,1,0,0,1809, 1.12789E+01, 1.069683545E+03,24425,2,QN
Rat43_10,2,QN, 1.000E+04,scale, 1.000E-08, 1.000E-01, 1.000E-01,2,2,0,0,1809, 1.09144E+01, 1.069719547E+03,24277,2,QN
Rat43_10,2,QN, 1.000E+04,scale, 1.000E-08, 1.000E-01, 1.000E-01,2,3,0,0,1820, 1.06907E+01, 1.069692443E+03,24466,2,QN
Rat43_10,2,QN, 1.000E+04,scale, 1.000E-08, 1.000E-01, 1.000E-01,2,4,0,0,1677, 8.96811E+00, 1.069684140E+03,21890,2,QN
Rat43_10,2,QN, 1.000E+04,scale, 1.000E-08, 1.000E-01, 1.000E-01,2,5,0,0,1798, 1.02922E+01, 1.069676555E+03,23601,2,QN
Rat43_10,2,QN, 1.000E+04,scale, 1.000E-08, 1.000E-01, 1.000E-01,2,6,0,0,1297, 6.19532E+00, 1.069695689E+03,15800,2,QN
Rat43_10,2,QN, 1.000E+04,scale, 1.000E-08, 1.000E-01, 1.000E-01,2,7,0,0,1831, 1.09703E+01, 1.069684155E+03,24351,2,QN
Rat43_10,2,QN, 1.000E+04,scale, 1.000E-08, 1.000E-01, 1.000E-01,2,8,0,0,1716, 9.27738E+00, 1.069710181E+03,22500,2,QN
Rat43_10,2,QN, 1.000E+04,scale, 1.000E-08, 1.000E-01, 1.000E-01,2,9,0,0,492, 1.87790E+00, 1.069681966E+03,6056,2,QN
Rat43_10,2,QN, 1.000E+04,scale, 1.000E-08, 1.000E-01, 1.000E-01,2,10,0,0,1419, 6.88538E+00, 1.069699842E+03,17969,2,QN
Thurber_05,2,0, 1.000E+00,scale, 1.000E-08, 1.000E-01, 1.000E-01,1,1,0,0,39, 4.16783E-01, 1.045205007E+04,662,2,FO
Thurber_05,2,0, 1.000E+00,scale, 1.000E-08, 1.000E-01, 1.000E-01,1,2,0,0,868, 8.62878E+00, 3.320395187E+02,9058,2,FO
Thurber_05,2,0, 1.000E+00,scale, 1.000E-08, 1.000E-01, 1.000E-01,1,3,0,0,1094, 1.00267E+01, 3.320483069E+02,11579,2,FO
Thurber_05,2,0, 1.000E+00,scale, 1.000E-08, 1.000E-01, 1.000E-01,1,4,0,1,556, 5.48503E+00, 3.762300790E+02,5880,2,FO
Thurber_05,2,0, 1.000E+00,scale, 1.000E-08, 1.000E-01, 1.000E-01,1,5,0,0,187, 1.79310E+00, 1.554375163E+04,2776,2,FO
Thurber_05,2,0, 1.000E+00,scale, 1.000E-08, 1.000E-01, 1.000E-01,1,6,0,0,400, 4.83767E+00, 4.500554026E+02,5655,2,FO
Thurber_05,2,0, 1.000E+00,scale, 1.000E-08, 1.000E-01, 1.000E-01,1,7,0,0,187, 1.83087E+00, 1.554375163E+04,2776,2,FO
Thurber_05,2,0, 1.000E+00,scale, 1.000E-08, 1.000E-01, 1.000E-01,1,8,0,1,826, 6.57155E+00, 3.320435867E+02,7826,2,FO
Thurber_05,2,0, 1.000E+00,scale, 1.000E-08, 1.000E-01, 1.000E-01,1,9,0,0,270, 3.08486E+00, 4.347403250E+03,4022,2,FO
Thurber_05,2,0, 1.000E+00,scale, 1.000E-08, 1.000E-01, 1.000E-01,1,10,0,0,905, 8.21055E+00, 3.320449764E+02,9199,2,FO
Thurber_05,2,GN, 1.000E+04,scale, 1.000E-08, 1.000E-01, 1.000E-01,1,1,0,1,802, 7.53238E+00, 3.320559733E+02,8151,2,GN
Thurber_05,2,GN, 1.000E+04,scale, 1.000E-08, 1.000E-01, 1.000E-01,1,2,0,0,819, 7.17432E+00, 3.320455176E+02,7640,2,GN
Thurber_05,2,GN, 1.000E+04,scale, 1.000E-08, 1.000E-01, 1.000E-01,1,3,0,0,1138, 1.11349E+01, 3.320547897E+02,12020,2,GN
Thurber_05,2,GN, 1.000E+04,scale, 1.000E-08, 1.000E-01, 1.000E-01,1,4,0,1,726, 7.04332E+00, 3.320458216E+02,7033,2,GN
Thurber_05,2,GN, 1.000E+04,scale, 1.000E-08, 1.000E-01, 1.000E-01,1,5,0,0,978, 1.30297E+01, 3.320646200E+02,12089,2,GN
Thurber_05,2,GN, 1.000E+04,scale, 1.000E-08, 1.000E-01, 1.000E-01,1,6,0,0,656, 6.28646E+00, 3.320500778E+02,6222,2,GN
Thurber_05,2,GN, 1.000E+04,scale, 1.000E-08, 1.000E-01, 1.000E-01,1,7,0,0,978, 1.30087E+01, 3.320646200E+02,12089,2,GN
Thurber_05,2,GN, 1.000E+04,scale, 1.000E-08, 1.000E-01, 1.000E-01,1,8,0,0,792, 7.14979E+00, 3.320219959E+02,7549,2,GN
Thurber_05,2,GN, 1.000E+04,scale, 1.000E-08, 1.000E-01, 1.000E-01,1,9,0,0,928, 8.89544E+00, 3.320471795E+02,9341,2,GN
Thurber_05,2,GN, 1.000E+04,scale, 1.000E-08, 1.000E-01, 1.000E-01,1,10,0,0,962, 9.62986E+00, 3.320592122E+02,9874,2,GN
Thurber_05,2,GN, 1.000E+00,scale, 1.000E-08, 1.000E-01, 1.000E-01,1,1,0,0,39, 4.08911E-01, 1.045204903E+04,662,2,GN1
Thurber_05,2,GN, 1.000E+00,scale, 1.000E-08, 1.000E-01, 1.000E-01,1,2,0,0,830, 8.01731E+00, 3.320469481E+02,8365,2,GN1
Thurber_05,2,GN, 1.000E+00,scale, 1.000E-08, 1.000E-01, 1.000E-01,1,3,0,0,1002, 9.42709E+00, 3.358297405E+02,10623,2,GN1
Thurber_05,2,GN, 1.000E+00,scale, 1.000E-08, 1.000E-01, 1.000E-01,1,4,0,1,721, 6.80860E+00, 3.320317506E+02,6955,2,GN1
Thurber_05,2,GN, 1.000E+00,scale, 1.000E-08, 1.000E-01, 1.000E-01,1,5,0,0,946, 1.17584E+01, 3.320246689E+02,12037,2,GN1
Thurber_05,2,GN, 1.000E+00,scale, 1.000E-08, 1.000E-01, 1.000E-01,1,6,0,0,741, 7.48810E+00, 3.320376257E+02,7495,2,GN1
Thurber_05,2,GN, 1.000E+00,scale, 1.000E-08, 1.000E-01, 1.000E-01,1,7,0,0,946, 1.17399E+01, 3.320246689E+02,12037,2,GN1
Thurber_05,2,GN, 1.000E+00,scale, 1.000E-08, 1.000E-01, 1.000E-01,1,8,0,0,858, 7.07244E+00, 3.320221228E+02,8124,2,GN1
Thurber_05,2,GN, 1.000E+00,scale, 1.000E-08, 1.000E-01, 1.000E-01,1,9,0,0,1088, 1.02260E+01, 3.320597818E+02,11883,2,GN1
Thurber_05,2,GN, 1.000E+00,scale, 1.000E-08, 1.000E-01, 1.000E-01,1,10,0,1,879, 8.40101E+00, 3.320471639E+02,8909,2,GN1
Thurber_05,2,H, 1.000E+04,scale, 1.000E-08, 1.000E-01, 1.000E-01,1,1,1,1,10000, 5.86425E+01, 2.016485966E+03,86808,2,H
Thurber_05,2,H, 1.000E+04,scale, 1.000E-08, 1.000E-01, 1.000E-01,1,2,1,0,10000, 5.70461E+01, 1.785763855E+03,84110,2,H
Thurber_05,2,H, 1.000E+04,scale, 1.000E-08, 1.000E-01, 1.000E-01,1,3,1,0,10000, 5.99731E+01, 2.905462790E+03,88596,2,H
Thurber_05,2,H, 1.000E+04,scale, 1.000E-08, 1.000E-01, 1.000E-01,1,4,1,0,10000, 5.93569E+01, 1.512284036E+03,87797,2,H
Thurber_05,2,H, 1.000E+04,scale, 1.000E-08, 1.000E-01, 1.000E-01,1,5,1,0,10000, 1.24147E+02, 8.182597559E+02,111740,2,H
Thurber_05,2,H, 1.000E+04,scale, 1.000E-08, 1.000E-01, 1.000E-01,1,6,1,175,10000, 1.15123E+02, 1.296597970E+03,129227,2,H
Thurber_05,2,H, 1.000E+04,scale, 1.000E-08, 1.000E-01, 1.000E-01,1,7,1,0,10000, 1.21251E+02, 8.182597559E+02,111740,2,H
Thurber_05,2,H, 1.000E+04,scale, 1.000E-08, 1.000E-01, 1.000E-01,1,8,1,0,10000, 5.92257E+01, 2.909200500E+03,86680,2,H
Thurber_05,2,H, 1.000E+04,scale, 1.000E-08, 1.000E-01, 1.000E-01,1,9,0,0,127, 1.44922E+00, 1.154666593E+05,2108,1,H
Thurber_05,2,H, 1.000E+04,scale, 1.000E-08, 1.000E-01, 1.000E-01,1,10,1,0,10000, 4.98618E+01, 2.123822844E+03,81110,2,H
Thurber_05,2,H, 1.000E-01,scale, 1.000E-08, 1.000E-01, 1.000E-01,1,1,0,0,39, 4.65060E-01, 1.045205014E+04,662,2,H0.1
Thurber_05,2,H, 1.000E-01,scale, 1.000E-08, 1.000E-01, 1.000E-01,1,2,0,0,914, 8.52695E+00, 3.320427476E+02,9107,2,H0.1
Thurber_05,2,H, 1.000E-01,scale, 1.000E-08, 1.000E-01, 1.000E-01,1,3,0,0,1037, 9.77907E+00, 3.320303543E+02,10644,2,H0.1
Thurber_05,2,H, 1.000E-01,scale, 1.000E-08, 1.000E-01, 1.000E-01,1,4,0,1,674, 6.04567E+00, 3.320502150E+02,6255,2,H0.1
Thurber_05,2,H, 1.000E-01,scale, 1.000E-08, 1.000E-01, 1.000E-01,1,5,0,0,933, 1.17649E+01, 3.320500664E+02,11980,2,H0.1
Thurber_05,2,H, 1.000E-01,scale, 1.000E-08, 1.000E-01, 1.000E-01,1,6,0,0,1573, 3.39213E+01, 2.226161568E+04,46365,2,H0.1
Thurber_05,2,H, 1.000E-01,scale, 1.000E-08, 1.000E-01, 1.000E-01,1,7,0,0,933, 1.17072E+01, 3.320500664E+02,11980,2,H0.1
Thurber_05,2,H, 1.000E-01,scale, 1.000E-08, 1.000E-01, 1.000E-01,1,8,0,0,901, 7.65783E+00, 3.320278043E+02,8770,2,H0.1
Thurber_05,2,H, 1.000E-01,scale, 1.000E-08, 1.000E-01, 1.000E-01,1,9,0,0,1039, 9.86754E+00, 3.320460443E+02,11101,2,H0.1
Thurber_05,2,H, 1.000E-01,scale, 1.000E-08, 1.000E-01, 1.000E-01,1,10,0,0,986, 8.70252E+00, 3.320199419E+02,9825,2,H0.1
Thurber_05,2,H, 1.000E+00,scale, 1.000E-08, 1.000E-01, 1.000E-01,1,1,0,0,39, 4.69846E-01, 1.045205079E+04,662,2,H1
Thurber_05,2,H, 1.000E+00,scale, 1.000E-08, 1.000E-01, 1.000E-01,1,2,0,0,1014, 8.76783E+00, 3.320449711E+02,9032,2,H1
Thurber_05,2,H, 1.000E+00,scale, 1.000E-08, 1.000E-01, 1.000E-01,1,3,0,0,1203, 1.12097E+01, 3.320358731E+02,11875,2,H1
Thurber_05,2,H, 1.000E+00,scale, 1.000E-08, 1.000E-01, 1.000E-01,1,4,0,1,770, 6.75728E+00, 3.320504768E+02,6909,2,H1
Thurber_05,2,H, 1.000E+00,scale, 1.000E-08, 1.000E-01, 1.000E-01,1,5,0,0,179, 3.52992E+00, 2.665048433E+04,6064,2,H1
Thurber_05,2,H, 1.000E+00,scale, 1.000E-08, 1.000E-01, 1.000E-01,1,6,0,0,691, 7.39433E+00, 3.320281080E+02,6663,2,H1
Thurber_05,2,H, 1.000E+00,scale, 1.000E-08, 1.000E-01, 1.000E-01,1,7,0,0,179, 3.56313E+00, 2.665048433E+04,6064,2,H1
Thurber_05,2,H, 1.000E+00,scale, 1.000E-08, 1.000E-01, 1.000E-01,1,8,0,0,978, 8.14372E+00, 3.320252940E+02,9260,2,H1
Thurber_05,2,H, 1.000E+00,scale, 1.000E-08, 1.000E-01, 1.000E-01,1,9,0,0,1098, 1.13308E+01, 3.320254299E+02,11522,2,H1
Thurber_05,2,H, 1.000E+00,scale, 1.000E-08, 1.000E-01, 1.000E-01,1,10,0,0,1018, 9.14644E+00, 3.320561755E+02,9567,2,H1
Thurber_05,2,H, 1.000E+01,scale, 1.000E-08, 1.000E-01, 1.000E-01,1,1,0,0,45, 6.81518E-01, 1.045205725E+04,1161,2,H10
Thurber_05,2,H, 1.000E+01,scale, 1.000E-08, 1.000E-01, 1.000E-01,1,2,0,0,2133, 1.47842E+01, 3.320541459E+02,17854,2,H10
Thurber_05,2,H, 1.000E+01,scale, 1.000E-08, 1.000E-01, 1.000E-01,1,3,0,0,2289, 1.77803E+01, 3.320354168E+02,21274,2,H10
Thurber_05,2,H, 1.000E+01,scale, 1.000E-08, 1.000E-01, 1.000E-01,1,4,0,1,1000, 9.06406E+00, 3.320214085E+02,9103,2,H10
Thurber_05,2,H, 1.000E+01,scale, 1.000E-08, 1.000E-01, 1.000E-01,1,5,0,0,1246, 1.59573E+01, 3.320496632E+02,16005,2,H10
Thurber_05,2,H, 1.000E+01,scale, 1.000E-08, 1.000E-01, 1.000E-01,1,6,0,0,872, 8.06502E+00, 3.320395331E+02,8068,2,H10
Thurber_05,2,H, 1.000E+01,scale, 1.000E-08, 1.000E-01, 1.000E-01,1,7,0,0,1246, 1.59770E+01, 3.320496632E+02,16005,2,H10
Thurber_05,2,H, 1.000E+01,scale, 1.000E-08, 1.000E-01, 1.000E-01,1,8,0,0,1726, 1.48327E+01, 3.320478817E+02,16553,2,H10
Thurber_05,2,H, 1.000E+01,scale, 1.000E-08, 1.000E-01, 1.000E-01,1,9,0,0,1568, 1.38885E+01, 3.320453064E+02,16046,2,H10
Thurber_05,2,H, 1.000E+01,scale, 1.000E-08, 1.000E-01, 1.000E-01,1,10,0,0,1820, 1.32364E+01, 3.320406559E+02,16143,2,H10
Thurber_05,2,H, 1.000E+02,scale, 1.000E-08, 1.000E-01, 1.000E-01,1,1,0,0,2587, 1.91760E+01, 3.320516251E+02,22714,2,H100
Thurber_05,2,H, 1.000E+02,scale, 1.000E-08, 1.000E-01, 1.000E-01,1,2,0,0,7206, 4.73593E+01, 3.320607730E+02,58725,2,H100
Thurber_05,2,H, 1.000E+02,scale, 1.000E-08, 1.000E-01, 1.000E-01,1,3,0,0,688, 5.31505E+00, 2.821504390E+03,7631,2,H100
Thurber_05,2,H, 1.000E+02,scale, 1.000E-08, 1.000E-01, 1.000E-01,1,4,0,1,2416, 1.70905E+01, 3.320445886E+02,20606,2,H100
Thurber_05,2,H, 1.000E+02,scale, 1.000E-08, 1.000E-01, 1.000E-01,1,5,0,0,2216, 2.87799E+01, 3.320581769E+02,28311,2,H100
Thurber_05,2,H, 1.000E+02,scale, 1.000E-08, 1.000E-01, 1.000E-01,1,6,0,0,1974, 1.56292E+01, 3.320313381E+02,17294,2,H100
Thurber_05,2,H, 1.000E+02,scale, 1.000E-08, 1.000E-01, 1.000E-01,1,7,0,0,2216, 2.92190E+01, 3.320581769E+02,28311,2,H100
Thurber_05,2,H, 1.000E+02,scale, 1.000E-08, 1.000E-01, 1.000E-01,1,8,0,0,5253, 3.23416E+01, 3.320615374E+02,45700,2,H100
Thurber_05,2,H, 1.000E+02,scale, 1.000E-08, 1.000E-01, 1.000E-01,1,9,0,0,770, 7.13378E+00, 2.865587136E+03,10491,2,H100
Thurber_05,2,H, 1.000E+02,scale, 1.000E-08, 1.000E-01, 1.000E-01,1,10,0,0,5230, 3.38624E+01, 3.320453882E+02,42349,2,H100
Thurber_05,2,H, 1.000E+00,scale, 1.000E-08, 1.000E-01, 1.000E-01,1,1,0,0,771, 6.26279E+00, 3.320325735E+02,7358,2,HA1
Thurber_05,2,H, 1.000E+00,scale, 1.000E-08, 1.000E-01, 1.000E-01,1,2,0,0,1015, 8.24426E+00, 3.320290309E+02,9919,2,HA1
Thurber_05,2,H, 1.000E+00,scale, 1.000E-08, 1.000E-01, 1.000E-01,1,3,0,0,1208, 9.22141E+00, 3.320444240E+02,12491,2,HA1
Thurber_05,2,H, 1.000E+00,scale, 1.000E-08, 1.000E-01, 1.000E-01,1,4,0,0,99, 1.63260E+00, 1.566255589E+03,1494,2,HA1
Thurber_05,2,H, 1.000E+00,scale, 1.000E-08, 1.000E-01, 1.000E-01,1,5,0,0,1237, 2.25931E+01, 3.320533799E+02,16227,2,HA1
Thurber_05,2,H, 1.000E+00,scale, 1.000E-08, 1.000E-01, 1.000E-01,1,6,0,0,98, 8.88016E-01, 2.671921649E+04,1552,2,HA1
Thurber_05,2,H, 1.000E+00,scale, 1.000E-08, 1.000E-01, 1.000E-01,1,7,0,0,1237, 1.46926E+01, 3.320533799E+02,16227,2,HA1
Thurber_05,2,H, 1.000E+00,scale, 1.000E-08, 1.000E-01, 1.000E-01,1,8,0,0,921, 6.19571E+00, 3.320293202E+02,8718,2,HA1
Thurber_05,2,H, 1.000E+00,scale, 1.000E-08, 1.000E-01, 1.000E-01,1,9,0,1,1099, 8.67307E+00, 3.320123041E+02,11330,2,HA1
Thurber_05,2,H, 1.000E+00,scale, 1.000E-08, 1.000E-01, 1.000E-01,1,10,0,0,439, 3.97144E+00, 7.405746472E+02,5966,2,HA1
Thurber_05,2,H, 1.000E+00,scale, 1.000E-08, 1.000E-01, 1.000E-01,1,1,0,0,737, 5.11073E+00, 3.320282843E+02,6367,2,HA10
Thurber_05,2,H, 1.000E+00,scale, 1.000E-08, 1.000E-01, 1.000E-01,1,2,0,0,276, 2.41163E+00, 1.715559132E+03,3652,2,HA10
Thurber_05,2,H, 1.000E+00,scale, 1.000E-08, 1.000E-01, 1.000E-01,1,3,0,0,1654, 1.06683E+01, 3.320604378E+02,15549,2,HA10
Thurber_05,2,H, 1.000E+00,scale, 1.000E-08, 1.000E-01, 1.000E-01,1,4,0,1,795, 4.67679E+00, 3.320134800E+02,6794,2,HA10
Thurber_05,2,H, 1.000E+00,scale, 1.000E-08, 1.000E-01, 1.000E-01,1,5,0,0,69, 6.64620E-01, 2.585306030E+04,956,2,HA10
Thurber_05,2,H, 1.000E+00,scale, 1.000E-08, 1.000E-01, 1.000E-01,1,6,0,0,655, 4.65234E+00, 3.320613934E+02,5972,2,HA10
Thurber_05,2,H, 1.000E+00,scale, 1.000E-08, 1.000E-01, 1.000E-01,1,7,0,0,69, 6.17738E-01, 2.585306030E+04,956,2,HA10
Thurber_05,2,H, 1.000E+00,scale, 1.000E-08, 1.000E-01, 1.000E-01,1,8,0,0,1317, 8.55450E+00, 3.320393920E+02,12420,2,HA10
Thurber_05,2,H, 1.000E+00,scale, 1.000E-08, 1.000E-01, 1.000E-01,1,9,0,0,40, 3.94062E-01, 1.032597399E+05,641,1,HA10
Thurber_05,2,H, 1.000E+00,scale, 1.000E-08, 1.000E-01, 1.000E-01,1,10,0,0,1445, 7.56542E+00, 3.320290198E+02,13412,2,HA10
Thurber_05,2,H, 1.000E+00,scale, 1.000E-08, 1.000E-01, 1.000E-01,1,1,0,0,1321, 1.04255E+01, 3.320604843E+02,12093,2,HA100
Thurber_05,2,H, 1.000E+00,scale, 1.000E-08, 1.000E-01, 1.000E-01,1,2,0,0,5459, 2.80909E+01, 3.320465651E+02,48029,2,HA100
Thurber_05,2,H, 1.000E+00,scale, 1.000E-08, 1.000E-01, 1.000E-01,1,3,0,0,5619, 3.08775E+01, 3.320534501E+02,50520,2,HA100
Thurber_05,2,H, 1.000E+00,scale, 1.000E-08, 1.000E-01, 1.000E-01,1,4,0,0,73, 6.95120E-01, 3.507073871E+03,1610,2,HA100
Thurber_05,2,H, 1.000E+00,scale, 1.000E-08, 1.000E-01, 1.000E-01,1,5,0,0,861, 1.48437E+01, 9.965770353E+03,11700,2,HA100
Thurber_05,2,H, 1.000E+00,scale, 1.000E-08, 1.000E-01, 1.000E-01,1,6,0,0,1034, 1.16098E+01, 3.320461828E+02,9605,2,HA100
Thurber_05,2,H, 1.000E+00,scale, 1.000E-08, 1.000E-01, 1.000E-01,1,7,0,0,861, 1.40368E+01, 9.965770353E+03,11700,2,HA100
Thurber_05,2,H, 1.000E+00,scale, 1.000E-08, 1.000E-01, 1.000E-01,1,8,0,0,3588, 2.44301E+01, 3.320425283E+02,33571,2,HA100
Thurber_05,2,H, 1.000E+00,scale, 1.000E-08, 1.000E-01, 1.000E-01,1,9,0,0,3912, 2.49541E+01, 3.320546284E+02,36593,2,HA100
Thurber_05,2,H, 1.000E+00,scale, 1.000E-08, 1.000E-01, 1.000E-01,1,10,0,0,4414, 2.91692E+01, 3.320348039E+02,39153,2,HA100
Thurber_05,2,H, 1.000E+00,clip, 1.000E-08, 1.000E-01, 1.000E-01,1,1,0,0,55, 1.73072E+00, 1.045205428E+04,1991,2,Hc1
Thurber_05,2,H, 1.000E+00,clip, 1.000E-08, 1.000E-01, 1.000E-01,1,2,0,0,5278, 7.53100E+01, 3.488082415E+02,51995,2,Hc1
Thurber_05,2,H, 1.000E+00,clip, 1.000E-08, 1.000E-01, 1.000E-01,1,3,0,0,596, 8.49657E+00, 2.085797382E+03,7911,2,Hc1
Thurber_05,2,H, 1.000E+00,clip, 1.000E-08, 1.000E-01, 1.000E-01,1,4,0,0,5777, 8.29419E+01, 3.320287313E+02,57067,2,Hc1
Thurber_05,2,H, 1.000E+00,clip, 1.000E-08, 1.000E-01, 1.000E-01,1,5,0,1,6575, 9.38122E+01, 3.320327857E+02,66100,2,Hc1
Thurber_05,2,H, 1.000E+00,clip, 1.000E-08, 1.000E-01, 1.000E-01,1,6,0,0,5588, 8.21654E+01, 3.320329412E+02,56370,2,Hc1
Thurber_05,2,H, 1.000E+00,clip, 1.000E-08, 1.000E-01, 1.000E-01,1,7,0,1,6575, 9.54738E+01, 3.320327857E+02,66100,2,Hc1
Thurber_05,2,H, 1.000E+00,clip, 1.000E-08, 1.000E-01, 1.000E-01,1,8,0,0,5969, 8.57413E+01, 3.320596810E+02,59700,2,Hc1
Thurber_05,2,H, 1.000E+00,clip, 1.000E-08, 1.000E-01, 1.000E-01,1,9,0,0,6521, 9.33098E+01, 3.320581940E+02,66103,2,Hc1
Thurber_05,2,H, 1.000E+00,clip, 1.000E-08, 1.000E-01, 1.000E-01,1,10,0,0,6201, 9.24331E+01, 3.320410089E+02,62212,2,Hc1
Thurber_05,2,H, 1.000E+01,clip, 1.000E-08, 1.000E-01, 1.000E-01,1,1,1,0,10000, 1.02104E+02, 3.654063225E+02,81741,2,Hc10
Thurber_05,2,H, 1.000E+01,clip, 1.000E-08, 1.000E-01, 1.000E-01,1,2,1,0,10000, 1.02679E+02, 3.851430857E+02,81398,2,Hc10
Thurber_05,2,H, 1.000E+01,clip, 1.000E-08, 1.000E-01, 1.000E-01,1,3,1,1,10000, 1.05370E+02, 3.866202303E+02,85061,2,Hc10
Thurber_05,2,H, 1.000E+01,clip, 1.000E-08, 1.000E-01, 1.000E-01,1,4,1,0,10000, 1.04063E+02, 3.687400450E+02,80836,2,Hc10
Thurber_05,2,H, 1.000E+01,clip, 1.000E-08, 1.000E-01, 1.000E-01,1,5,0,0,4038, 5.75234E+01, 7.934992443E+02,48178,2,Hc10
Thurber_05,2,H, 1.000E+01,clip, 1.000E-08, 1.000E-01, 1.000E-01,1,6,0,0,895, 1.34322E+01, 2.505481008E+03,11165,2,Hc10
Thurber_05,2,H, 1.000E+01,clip, 1.000E-08, 1.000E-01, 1.000E-01,1,7,1,0,10000, 1.15454E+02, 4.211916478E+02,95012,2,Hc10
Thurber_05,2,H, 1.000E+01,clip, 1.000E-08, 1.000E-01, 1.000E-01,1,8,1,0,10000, 1.10329E+02, 3.614231456E+02,85065,2,Hc10
Thurber_05,2,H, 1.000E+01,clip, 1.000E-08, 1.000E-01, 1.000E-01,1,9,1,0,10000, 1.07285E+02, 3.880683933E+02,84278,2,Hc10
Thurber_05,2,H, 1.000E+01,clip, 1.000E-08, 1.000E-01, 1.000E-01,1,10,1,1,10000, 1.06486E+02, 3.811170806E+02,82235,2,Hc10
Thurber_05,2,QN, 1.000E+04,scale, 1.000E-08, 1.000E-01, 1.000E-01,1,1,0,0,816, 1.09422E+01, 3.320271686E+02,8272,2,QN
Thurber_05,2,QN, 1.000E+04,scale, 1.000E-08, 1.000E-01, 1.000E-01,1,2,0,0,836, 1.18346E+01, 3.320304664E+02,7984,2,QN
Thurber_05,2,QN, 1.000E+04,scale, 1.000E-08, 1.000E-01, 1.000E-01,1,3,0,0,1100, 1.65397E+01, 3.320182646E+02,11662,2,QN
Thurber_05,2,QN, 1.000E+04,scale, 1.000E-08, 1.000E-01, 1.000E-01,1,4,0,0,720, 1.12049E+01, 3.320428257E+02,7053,2,QN
Thurber_05,2,QN, 1.000E+04,scale, 1.000E-08, 1.000E-01, 1.000E-01,1,5,0,0,1420, 2.89542E+01, 3.320375496E+02,18414,2,QN
Thurber_05,2,QN, 1.000E+04,scale, 1.000E-08, 1.000E-01, 1.000E-01,1,6,0,0,871, 1.43080E+01, 3.320577303E+02,9256,2,QN
Thurber_05,2,QN, 1.000E+04,scale, 1.000E-08, 1.000E-01, 1.000E-01,1,7,0,0,1327, 2.81870E+01, 3.320239419E+02,16887,2,QN
Thurber_05,2,QN, 1.000E+04,scale, 1.000E-08, 1.000E-01, 1.000E-01,1,8,0,0,791, 1.05794E+01, 3.320437658E+02,7523,2,QN
Thurber_05,2,QN, 1.000E+04,scale, 1.000E-08, 1.000E-01, 1.000E-01,1,9,0,0,954, 1.33221E+01, 3.320187663E+02,10119,2,QN
Thurber_05,2,QN, 1.000E+04,scale, 1.000E-08, 1.000E-01, 1.000E-01,1,10,0,0,1058, 1.69826E+01, 3.320510908E+02,11217,2,QN
Thurber_05,2,0, 1.000E+00,scale, 1.000E-08, 1.000E-01, 1.000E-01,2,1,0,0,187, 2.96511E+00, 1.554375163E+04,2776,2,FO
Thurber_05,2,0, 1.000E+00,scale, 1.000E-08, 1.000E-01, 1.000E-01,2,2,0,0,188, 2.98924E+00, 1.554375163E+04,2777,2,FO
Thurber_05,2,0, 1.000E+00,scale, 1.000E-08, 1.000E-01, 1.000E-01,2,3,0,0,727, 1.21435E+01, 3.417786631E+02,7628,2,FO
Thurber_05,2,0, 1.000E+00,scale, 1.000E-08, 1.000E-01, 1.000E-01,2,4,0,0,417, 9.58917E+00, 2.536783537E+03,6469,2,FO
Thurber_05,2,0, 1.000E+00,scale, 1.000E-08, 1.000E-01, 1.000E-01,2,5,0,0,186, 3.34932E+00, 1.554375163E+04,2775,2,FO
Thurber_05,2,0, 1.000E+00,scale, 1.000E-08, 1.000E-01, 1.000E-01,2,6,0,0,187, 2.97460E+00, 1.554375163E+04,2776,2,FO
Thurber_05,2,0, 1.000E+00,scale, 1.000E-08, 1.000E-01, 1.000E-01,2,7,0,0,969, 1.65846E+01, 3.320596249E+02,10396,2,FO
Thurber_05,2,0, 1.000E+00,scale, 1.000E-08, 1.000E-01, 1.000E-01,2,8,0,0,552, 1.11586E+01, 3.320381403E+02,6227,2,FO
Thurber_05,2,0, 1.000E+00,scale, 1.000E-08, 1.000E-01, 1.000E-01,2,9,0,0,573, 1.21022E+01, 3.320321642E+02,6669,2,FO
Thurber_05,2,0, 1.000E+00,scale, 1.000E-08, 1.000E-01, 1.000E-01,2,10,0,0,187, 3.03315E+00, 1.554375163E+04,2776,2,FO
Thurber_05,2,GN, 1.000E+04,scale, 1.000E-08, 1.000E-01, 1.000E-01,2,1,0,0,978, 1.24732E+01, 3.320646200E+02,12089,2,GN
Thurber_05,2,GN, 1.000E+04,scale, 1.000E-08, 1.000E-01, 1.000E-01,2,2,0,0,979, 1.28487E+01, 3.320646200E+02,12090,2,GN
Thurber_05,2,GN, 1.000E+04,scale, 1.000E-08, 1.000E-01, 1.000E-01,2,3,0,0,681, 6.00518E+00, 3.320515421E+02,6271,2,GN
Thurber_05,2,GN, 1.000E+04,scale, 1.000E-08, 1.000E-01, 1.000E-01,2,4,0,0,46, 5.68691E-01, 3.158782791E+04,813,2,GN
Thurber_05,2,GN, 1.000E+04,scale, 1.000E-08, 1.000E-01, 1.000E-01,2,5,0,0,977, 1.21636E+01, 3.320646200E+02,12088,2,GN
Thurber_05,2,GN, 1.000E+04,scale, 1.000E-08, 1.000E-01, 1.000E-01,2,6,0,0,978, 1.23978E+01, 3.320646200E+02,12089,2,GN
Thurber_05,2,GN, 1.000E+04,scale, 1.000E-08, 1.000E-01, 1.000E-01,2,7,0,0,713, 7.63332E+00, 3.320241827E+02,7142,2,GN
Thurber_05,2,GN, 1.000E+04,scale, 1.000E-08, 1.000E-01, 1.000E-01,2,8,0,0,537, 5.94172E+00, 3.320104915E+02,5960,2,GN
Thurber_05,2,GN, 1.000E+04,scale, 1.000E-08, 1.000E-01, 1.000E-01,2,9,0,0,613, 7.88023E+00, 3.320216285E+02,7196,2,GN
Thurber_05,2,GN, 1.000E+04,scale, 1.000E-08, 1.000E-01, 1.000E-01,2,10,0,0,978, 1.25463E+01, 3.320646200E+02,12089,2,GN
Thurber_05,2,GN, 1.000E+00,scale, 1.000E-08, 1.000E-01, 1.000E-01,2,1,0,0,946, 1.18861E+01, 3.320246689E+02,12037,2,GN1
Thurber_05,2,GN, 1.000E+00,scale, 1.000E-08, 1.000E-01, 1.000E-01,2,2,0,0,947, 1.25349E+01, 3.320246689E+02,12038,2,GN1
Thurber_05,2,GN, 1.000E+00,scale, 1.000E-08, 1.000E-01, 1.000E-01,2,3,0,0,766, 7.50333E+00, 3.320452869E+02,7597,2,GN1
Thurber_05,2,GN, 1.000E+00,scale, 1.000E-08, 1.000E-01, 1.000E-01,2,4,0,2,638, 9.33092E+00, 6.580642809E+02,9957,2,GN1
Thurber_05,2,GN, 1.000E+00,scale, 1.000E-08, 1.000E-01, 1.000E-01,2,5,0,0,945, 1.21355E+01, 3.320246689E+02,12036,2,GN1
Thurber_05,2,GN, 1.000E+00,scale, 1.000E-08, 1.000E-01, 1.000E-01,2,6,0,0,946, 1.25709E+01, 3.320246689E+02,12037,2,GN1
Thurber_05,2,GN, 1.000E+00,scale, 1.000E-08, 1.000E-01, 1.000E-01,2,7,0,0,899, 9.37365E+00, 3.320588596E+02,9297,2,GN1
Thurber_05,2,GN, 1.000E+00,scale, 1.000E-08, 1.000E-01, 1.000E-01,2,8,0,0,556, 6.39991E+00, 3.320195960E+02,6207,2,GN1
Thurber_05,2,GN, 1.000E+00,scale, 1.000E-08, 1.000E-01, 1.000E-01,2,9,0,0,592, 7.43658E+00, 3.320232279E+02,6876,2,GN1
Thurber_05,2,GN, 1.000E+00,scale, 1.000E-08, 1.000E-01, 1.000E-01,2,10,0,0,946, 1.29158E+01, 3.320246689E+02,12037,2,GN1
Thurber_05,2,H, 1.000E+04,scale, 1.000E-08, 1.000E-01, 1.000E-01,2,1,1,0,10000, 1.23218E+02, 8.182597559E+02,111740,2,H
Thurber_05,2,H, 1.000E+04,scale, 1.000E-08, 1.000E-01, 1.000E-01,2,2,1,0,10000, 1.30934E+02, 8.183130314E+02,111731,2,H
Thurber_05,2,H, 1.000E+04,scale, 1.000E-08, 1.000E-01, 1.000E-01,2,3,0,0,770, 9.98772E+00, 7.228212412E+04,11851,1,H
Thurber_05,2,H, 1.000E+04,scale, 1.000E-08, 1.000E-01, 1.000E-01,2,4,0,1,223, 3.80276E+00, 2.196398985E+04,3642,2,H
Thurber_05,2,H, 1.000E+04,scale, 1.000E-08, 1.000E-01, 1.000E-01,2,5,1,0,10000, 1.32176E+02, 8.182559650E+02,111750,2,H
Thurber_05,2,H, 1.000E+04,scale, 1.000E-08, 1.000E-01, 1.000E-01,2,6,1,0,10000, 1.28912E+02, 8.182597559E+02,111740,2,H
Thurber_05,2,H, 1.000E+04,scale, 1.000E-08, 1.000E-01, 1.000E-01,2,7,1,0,10000, 6.43012E+01, 2.262015571E+03,80873,2,H
Thurber_05,2,H, 1.000E+04,scale, 1.000E-08, 1.000E-01, 1.000E-01,2,8,0,0,1444, 4.05813E+01, 7.807146912E+04,44016,1,H
Thurber_05,2,H, 1.000E+04,scale, 1.000E-08, 1.000E-01, 1.000E-01,2,9,0,0,4533, 2.89884E+01, 3.320288750E+02,37604,2,H
Thurber_05,2,H, 1.000E+04,scale, 1.000E-08, 1.000E-01, 1.000E-01,2,10,1,0,10000, 1.28275E+02, 8.182597559E+02,111740,2,H
Thurber_05,2,H, 1.000E-01,scale, 1.000E-08, 1.000E-01, 1.000E-01,2,1,0,0,933, 1.17568E+01, 3.320500664E+02,11980,2,H0.1
Thurber_05,2,H, 1.000E-01,scale, 1.000E-08, 1.000E-01, 1.000E-01,2,2,0,0,934, 1.18520E+01, 3.320500664E+02,11981,2,H0.1
Thurber_05,2,H, 1.000E-01,scale, 1.000E-08, 1.000E-01, 1.000E-01,2,3,0,0,842, 8.49786E+00, 3.320415181E+02,8506,2,H0.1
Thurber_05,2,H, 1.000E-01,scale, 1.000E-08, 1.000E-01, 1.000E-01,2,4,0,0,368, 4.92767E+00, 3.319682875E+03,5646,2,H0.1
Thurber_05,2,H, 1.000E-01,scale, 1.000E-08, 1.000E-01, 1.000E-01,2,5,0,0,932, 1.18564E+01, 3.320500664E+02,11979,2,H0.1
Thurber_05,2,H, 1.000E-01,scale, 1.000E-08, 1.000E-01, 1.000E-01,2,6,0,0,933, 1.18310E+01, 3.320500664E+02,11980,2,H0.1
Thurber_05,2,H, 1.000E-01,scale, 1.000E-08, 1.000E-01, 1.000E-01,2,7,0,0,1021, 1.12630E+01, 3.320431849E+02,10878,2,H0.1
Thurber_05,2,H, 1.000E-01,scale, 1.000E-08, 1.000E-01, 1.000E-01,2,8,0,0,103, 1.21736E+00, 5.852519334E+03,1634,2,H0.1
Thurber_05,2,H, 1.000E-01,scale, 1.000E-08, 1.000E-01, 1.000E-01,2,9,0,0,572, 7.05515E+00, 3.320521068E+02,6593,2,H0.1
Thurber_05,2,H, 1.000E-01,scale, 1.000E-08, 1.000E-01, 1.000E-01,2,10,0,0,933, 1.23430E+01, 3.320500664E+02,11980,2,H0.1
Thurber_05,2,H, 1.000E+00,scale, 1.000E-08, 1.000E-01, 1.000E-01,2,1,0,0,179, 5.66507E+00, 2.665048433E+04,6064,2,H1
Thurber_05,2,H, 1.000E+00,scale, 1.000E-08, 1.000E-01, 1.000E-01,2,2,0,0,180, 3.52511E+00, 2.665048433E+04,6065,2,H1
Thurber_05,2,H, 1.000E+00,scale, 1.000E-08, 1.000E-01, 1.000E-01,2,3,0,0,926, 9.36671E+00, 3.320214064E+02,9597,2,H1
Thurber_05,2,H, 1.000E+00,scale, 1.000E-08, 1.000E-01, 1.000E-01,2,4,0,0,437, 6.22567E+00, 1.036095851E+03,6730,2,H1
Thurber_05,2,H, 1.000E+00,scale, 1.000E-08, 1.000E-01, 1.000E-01,2,5,0,0,178, 3.49547E+00, 2.665048433E+04,6063,2,H1
Thurber_05,2,H, 1.000E+00,scale, 1.000E-08, 1.000E-01, 1.000E-01,2,6,0,0,179, 3.47414E+00, 2.665048433E+04,6064,2,H1
Thurber_05,2,H, 1.000E+00,scale, 1.000E-08, 1.000E-01, 1.000E-01,2,7,0,0,888, 9.60230E+00, 3.320319196E+02,9080,2,H1
Thurber_05,2,H, 1.000E+00,scale, 1.000E-08, 1.000E-01, 1.000E-01,2,8,0,0,689, 8.68781E+00, 3.320586424E+02,7981,2,H1
Thurber_05,2,H, 1.000E+00,scale, 1.000E-08, 1.000E-01, 1.000E-01,2,9,0,0,489, 5.91260E+00, 3.320400726E+02,5375,2,H1
Thurber_05,2,H, 1.000E+00,scale, 1.000E-08, 1.000E-01, 1.000E-01,2,10,0,0,179, 3.43987E+00, 2.665048433E+04,6064,2,H1
Thurber_05,2,H, 1.000E+01,scale, 1.000E-08, 1.000E-01, 1.000E-01,2,1,0,0,1246, 1.66681E+01, 3.320496632E+02,16005,2,H10
Thurber_05,2,H, 1.000E+01,scale, 1.000E-08, 1.000E-01, 1.000E-01,2,2,0,0,1247, 1.68148E+01, 3.320496632E+02,16006,2,H10
Thurber_05,2,H, 1.000E+01,scale, 1.000E-08, 1.000E-01, 1.000E-01,2,3,0,0,1381, 1.31207E+01, 3.320252086E+02,14067,2,H10
Thurber_05,2,H, 1.000E+01,scale, 1.000E-08, 1.000E-01, 1.000E-01,2,4,0,0,1319, 2.05597E+01, 3.320106487E+02,19127,2,H10
Thurber_05,2,H, 1.000E+01,scale, 1.000E-08, 1.000E-01, 1.000E-01,2,5,0,0,1245, 1.69400E+01, 3.320496632E+02,16004,2,H10
Thurber_05,2,H, 1.000E+01,scale, 1.000E-08, 1.000E-01, 1.000E-01,2,6,0,0,1246, 1.69804E+01, 3.320496632E+02,16005,2,H10
Thurber_05,2,H, 1.000E+01,scale, 1.000E-08, 1.000E-01, 1.000E-01,2,7,0,0,1456, 1.45809E+01, 3.320569912E+02,14926,2,H10
Thurber_05,2,H, 1.000E+01,scale, 1.000E-08, 1.000E-01, 1.000E-01,2,8,0,0,59, 6.71435E-01, 6.147196540E+03,924,2,H10
Thurber_05,2,H, 1.000E+01,scale, 1.000E-08, 1.000E-01, 1.000E-01,2,9,0,0,518, 6.16935E+00, 3.320396617E+02,5678,2,H10
Thurber_05,2,H, 1.000E+01,scale, 1.000E-08, 1.000E-01, 1.000E-01,2,10,0,0,1246, 1.68478E+01, 3.320496632E+02,16005,2,H10
Thurber_05,2,H, 1.000E+02,scale, 1.000E-08, 1.000E-01, 1.000E-01,2,1,0,0,2216, 2.95909E+01, 3.320581769E+02,28311,2,H100
Thurber_05,2,H, 1.000E+02,scale, 1.000E-08, 1.000E-01, 1.000E-01,2,2,0,0,2217, 3.09220E+01, 3.320581769E+02,28312,2,H100
Thurber_05,2,H, 1.000E+02,scale, 1.000E-08, 1.000E-01, 1.000E-01,2,3,0,0,314, 3.46412E+00, 2.705138305E+03,4085,2,H100
Thurber_05,2,H, 1.000E+02,scale, 1.000E-08, 1.000E-01, 1.000E-01,2,4,0,1,194, 2.60559E+00, 1.587937154E+04,3086,2,H100
Thurber_05,2,H, 1.000E+02,scale, 1.000E-08, 1.000E-01, 1.000E-01,2,5,0,0,2215, 3.03886E+01, 3.320581769E+02,28310,2,H100
Thurber_05,2,H, 1.000E+02,scale, 1.000E-08, 1.000E-01, 1.000E-01,2,6,0,0,2216, 3.03607E+01, 3.320581769E+02,28311,2,H100
Thurber_05,2,H, 1.000E+02,scale, 1.000E-08, 1.000E-01, 1.000E-01,2,7,0,0,3998, 2.94972E+01, 3.320527867E+02,36138,2,H100
Thurber_05,2,H, 1.000E+02,scale, 1.000E-08, 1.000E-01, 1.000E-01,2,8,0,0,1095, 1.25042E+01, 3.320431675E+02,10220,2,H100
Thurber_05,2,H, 1.000E+02,scale, 1.000E-08, 1.000E-01, 1.000E-01,2,9,0,0,738, 8.83165E+00, 3.320640161E+02,7689,2,H100
Thurber_05,2,H, 1.000E+02,scale, 1.000E-08, 1.000E-01, 1.000E-01,2,10,0,0,2216, 3.10643E+01, 3.320581769E+02,28311,2,H100
Thurber_05,2,H, 1.000E+00,scale, 1.000E-08, 1.000E-01, 1.000E-01,2,1,0,0,1237, 1.57575E+01, 3.320533799E+02,16227,2,HA1
Thurber_05,2,H, 1.000E+00,scale, 1.000E-08, 1.000E-01, 1.000E-01,2,2,0,0,1238, 2.03825E+01, 3.320533799E+02,16228,2,HA1
Thurber_05,2,H, 1.000E+00,scale, 1.000E-08, 1.000E-01, 1.000E-01,2,3,0,0,1067, 1.40197E+01, 3.320458251E+02,11332,2,HA1
Thurber_05,2,H, 1.000E+00,scale, 1.000E-08, 1.000E-01, 1.000E-01,2,4,0,0,155, 3.55352E+00, 1.652717769E+04,2435,2,HA1
Thurber_05,2,H, 1.000E+00,scale, 1.000E-08, 1.000E-01, 1.000E-01,2,5,0,0,1236, 1.53795E+01, 3.320533799E+02,16226,2,HA1
Thurber_05,2,H, 1.000E+00,scale, 1.000E-08, 1.000E-01, 1.000E-01,2,6,0,0,1237, 1.55855E+01, 3.320533799E+02,16227,2,HA1
Thurber_05,2,H, 1.000E+00,scale, 1.000E-08, 1.000E-01, 1.000E-01,2,7,0,0,1104, 1.00616E+01, 3.320393609E+02,11492,2,HA1
Thurber_05,2,H, 1.000E+00,scale, 1.000E-08, 1.000E-01, 1.000E-01,2,8,0,0,514, 6.48320E+00, 3.320603674E+02,5197,2,HA1
Thurber_05,2,H, 1.000E+00,scale, 1.000E-08, 1.000E-01, 1.000E-01,2,9,0,0,595, 6.57832E+00, 3.320230806E+02,6779,2,HA1
Thurber_05,2,H, 1.000E+00,scale, 1.000E-08, 1.000E-01, 1.000E-01,2,10,0,0,1237, 1.40197E+01, 3.320533799E+02,16227,2,HA1
Thurber_05,2,H, 1.000E+00,scale, 1.000E-08, 1.000E-01, 1.000E-01,2,1,0,0,69, 5.45325E-01, 2.585306030E+04,956,2,HA10
Thurber_05,2,H, 1.000E+00,scale, 1.000E-08, 1.000E-01, 1.000E-01,2,2,0,0,70, 5.46421E-01, 2.585306030E+04,957,2,HA10
Thurber_05,2,H, 1.000E+00,scale, 1.000E-08, 1.000E-01, 1.000E-01,2,3,0,0,1235, 1.33265E+01, 3.320467669E+02,12266,2,HA10
Thurber_05,2,H, 1.000E+00,scale, 1.000E-08, 1.000E-01, 1.000E-01,2,4,0,0,454, 1.07973E+01, 1.401147351E+04,6705,2,HA10
Thurber_05,2,H, 1.000E+00,scale, 1.000E-08, 1.000E-01, 1.000E-01,2,5,0,0,68, 7.91132E-01, 2.585306030E+04,955,2,HA10
Thurber_05,2,H, 1.000E+00,scale, 1.000E-08, 1.000E-01, 1.000E-01,2,6,0,0,69, 5.49936E-01, 2.585306030E+04,956,2,HA10
Thurber_05,2,H, 1.000E+00,scale, 1.000E-08, 1.000E-01, 1.000E-01,2,7,0,0,1155, 9.77416E+00, 3.320515826E+02,12176,2,HA10
Thurber_05,2,H, 1.000E+00,scale, 1.000E-08, 1.000E-01, 1.000E-01,2,8,0,1,574, 6.74654E+00, 3.320252782E+02,6159,2,HA10
Thurber_05,2,H, 1.000E+00,scale, 1.000E-08, 1.000E-01, 1.000E-01,2,9,0,0,401, 3.92216E+00, 3.320268258E+02,4023,2,HA10
Thurber_05,2,H, 1.000E+00,scale, 1.000E-08, 1.000E-01, 1.000E-01,2,10,0,0,69, 5.36977E-01, 2.585306030E+04,956,2,HA10
Thurber_05,2,H, 1.000E+00,scale, 1.000E-08, 1.000E-01, 1.000E-01,2,1,0,0,861, 1.42293E+01, 9.965770353E+03,11700,2,HA100
Thurber_05,2,H, 1.000E+00,scale, 1.000E-08, 1.000E-01, 1.000E-01,2,2,0,0,862, 1.45286E+01, 9.965770353E+03,11701,2,HA100
Thurber_05,2,H, 1.000E+00,scale, 1.000E-08, 1.000E-01, 1.000E-01,2,3,0,0,2744, 1.97039E+01, 3.320263776E+02,25529,2,HA100
Thurber_05,2,H, 1.000E+00,scale, 1.000E-08, 1.000E-01, 1.000E-01,2,4,0,0,65, 1.46472E+00, 3.090109817E+04,1141,2,HA100
Thurber_05,2,H, 1.000E+00,scale, 1.000E-08, 1.000E-01, 1.000E-01,2,5,0,0,860, 1.42848E+01, 9.965770353E+03,11699,2,HA100
Thurber_05,2,H, 1.000E+00,scale, 1.000E-08, 1.000E-01, 1.000E-01,2,6,0,0,861, 1.30570E+01, 9.965770353E+03,11700,2,HA100
Thurber_05,2,H, 1.000E+00,scale, 1.000E-08, 1.000E-01, 1.000E-01,2,7,0,0,2425, 1.69336E+01, 3.320405062E+02,22930,2,HA100
Thurber_05,2,H, 1.000E+00,scale, 1.000E-08, 1.000E-01, 1.000E-01,2,8,0,0,751, 8.31607E+00, 3.320630641E+02,7905,2,HA100
Thurber_05,2,H, 1.000E+00,scale, 1.000E-08, 1.000E-01, 1.000E-01,2,9,0,0,581, 6.68884E+00, 3.320202337E+02,6162,2,HA100
Thurber_05,2,H, 1.000E+00,scale, 1.000E-08, 1.000E-01, 1.000E-01,2,10,0,0,861, 1.46460E+01, 9.965770353E+03,11700,2,HA100
Thurber_05,2,H, 1.000E+00,clip, 1.000E-08, 1.000E-01, 1.000E-01,2,1,0,1,6575, 6.86889E+01, 3.320327857E+02,66100,2,Hc1
Thurber_05,2,H, 1.000E+00,clip, 1.000E-08, 1.000E-01, 1.000E-01,2,2,0,1,6576, 6.75907E+01, 3.320327857E+02,66101,2,Hc1
Thurber_05,2,H, 1.000E+00,clip, 1.000E-08, 1.000E-01, 1.000E-01,2,3,0,2,2874, 4.48015E+01, 5.881077070E+03,42539,2,Hc1
Thurber_05,2,H, 1.000E+00,clip, 1.000E-08, 1.000E-01, 1.000E-01,2,4,0,2,785, 1.23586E+01, 6.055707811E+02,12227,2,Hc1
Thurber_05,2,H, 1.000E+00,clip, 1.000E-08, 1.000E-01, 1.000E-01,2,5,0,1,6574, 6.86448E+01, 3.320327857E+02,66099,2,Hc1
Thurber_05,2,H, 1.000E+00,clip, 1.000E-08, 1.000E-01, 1.000E-01,2,6,0,1,6575, 6.86772E+01, 3.320327857E+02,66100,2,Hc1
Thurber_05,2,H, 1.000E+00,clip, 1.000E-08, 1.000E-01, 1.000E-01,2,7,0,0,5142, 5.59914E+01, 3.320298363E+02,52550,2,Hc1
Thurber_05,2,H, 1.000E+00,clip, 1.000E-08, 1.000E-01, 1.000E-01,2,8,0,0,29, 2.75380E-01, 5.675500550E+04,448,1,Hc1
Thurber_05,2,H, 1.000E+00,clip, 1.000E-08, 1.000E-01, 1.000E-01,2,9,0,0,2669, 3.23720E+01, 3.320263935E+02,28554,2,Hc1
Thurber_05,2,H, 1.000E+00,clip, 1.000E-08, 1.000E-01, 1.000E-01,2,10,0,1,6575, 6.89389E+01, 3.320327857E+02,66100,2,Hc1
Thurber_05,2,H, 1.000E+01,clip, 1.000E-08, 1.000E-01, 1.000E-01,2,1,1,0,10000, 8.38657E+01, 4.211916478E+02,95012,2,Hc10
Thurber_05,2,H, 1.000E+01,clip, 1.000E-08, 1.000E-01, 1.000E-01,2,2,1,0,10000, 8.49427E+01, 4.211931142E+02,95003,2,Hc10
Thurber_05,2,H, 1.000E+01,clip, 1.000E-08, 1.000E-01, 1.000E-01,2,3,1,65,10000, 1.53007E+02, 5.827267608E+03,140267,2,Hc10
Thurber_05,2,H, 1.000E+01,clip, 1.000E-08, 1.000E-01, 1.000E-01,2,4,0,1,1476, 2.12926E+01, 3.320426233E+02,20348,2,Hc10
Thurber_05,2,H, 1.000E+01,clip, 1.000E-08, 1.000E-01, 1.000E-01,2,5,1,1,10000, 8.40624E+01, 4.132200473E+02,91942,2,Hc10
Thurber_05,2,H, 1.000E+01,clip, 1.000E-08, 1.000E-01, 1.000E-01,2,6,1,0,10000, 8.46792E+01, 4.211916478E+02,95012,2,Hc10
Thurber_05,2,H, 1.000E+01,clip, 1.000E-08, 1.000E-01, 1.000E-01,2,7,0,0,270, 2.96493E+00, 5.513127264E+03,3944,2,Hc10
Thurber_05,2,H, 1.000E+01,clip, 1.000E-08, 1.000E-01, 1.000E-01,2,8,0,0,5992, 5.99025E+01, 3.320193008E+02,56113,2,Hc10
Thurber_05,2,H, 1.000E+01,clip, 1.000E-08, 1.000E-01, 1.000E-01,2,9,0,0,5573, 5.44417E+01, 3.320205345E+02,50336,2,Hc10
Thurber_05,2,H, 1.000E+01,clip, 1.000E-08, 1.000E-01, 1.000E-01,2,10,0,0,4038, 4.06574E+01, 7.934992443E+02,48178,2,Hc10
Thurber_05,2,QN, 1.000E+04,scale, 1.000E-08, 1.000E-01, 1.000E-01,2,1,0,0,1495, 3.14464E+01, 3.320176948E+02,18812,2,QN
Thurber_05,2,QN, 1.000E+04,scale, 1.000E-08, 1.000E-01, 1.000E-01,2,2,0,0,1448, 3.24645E+01, 3.320306752E+02,18579,2,QN
Thurber_05,2,QN, 1.000E+04,scale, 1.000E-08, 1.000E-01, 1.000E-01,2,3,0,2,1101, 2.64916E+01, 6.861889231E+03,17106,2,QN
Thurber_05,2,QN, 1.000E+04,scale, 1.000E-08, 1.000E-01, 1.000E-01,2,4,0,0,48, 1.00837E+00, 3.158552916E+04,867,2,QN
Thurber_05,2,QN, 1.000E+04,scale, 1.000E-08, 1.000E-01, 1.000E-01,2,5,0,0,1749, 3.94982E+01, 3.320436723E+02,22948,2,QN
Thurber_05,2,QN, 1.000E+04,scale, 1.000E-08, 1.000E-01, 1.000E-01,2,6,0,0,970, 2.05537E+01, 3.320247891E+02,11878,2,QN
Thurber_05,2,QN, 1.000E+04,scale, 1.000E-08, 1.000E-01, 1.000E-01,2,7,0,0,650, 1.08959E+01, 3.320465749E+02,6336,2,QN
Thurber_05,2,QN, 1.000E+04,scale, 1.000E-08, 1.000E-01, 1.000E-01,2,8,0,0,531, 1.05932E+01, 3.320328326E+02,5830,2,QN
Thurber_05,2,QN, 1.000E+04,scale, 1.000E-08, 1.000E-01, 1.000E-01,2,9,0,0,551, 1.17477E+01, 3.320196286E+02,6246,2,QN
Thurber_05,2,QN, 1.000E+04,scale, 1.000E-08, 1.000E-01, 1.000E-01,2,10,0,0,1595, 3.74320E+01, 3.320463067E+02,20431,2,QN
Thurber_10,4,0, 1.000E+00,scale, 1.000E-08, 1.000E-01, 1.000E-01,1,1,0,0,234, 3.57325E+00, 1.454808917E+03,4503,4,FO
Thurber_10,4,0, 1.000E+00,scale, 1.000E-08, 1.000E-01, 1.000E-01,1,2,0,1,844, 7.22696E+00, 3.290871817E+02,8040,4,FO
Thurber_10,4,0, 1.000E+00,scale, 1.000E-08, 1.000E-01, 1.000E-01,1,3,0,1,1138, 1.07498E+01, 3.374831723E+02,12188,4,FO
Thurber_10,4,0, 1.000E+00,scale, 1.000E-08, 1.000E-01, 1.000E-01,1,4,0,1,607, 5.71987E+00, 3.541423958E+02,6097,4,FO
Thurber_10,4,0, 1.000E+00,scale, 1.000E-08, 1.000E-01, 1.000E-01,1,5,0,0,1188, 1.68681E+01, 6.777287818E+03,17877,4,FO
Thurber_10,4,0, 1.000E+00,scale, 1.000E-08, 1.000E-01, 1.000E-01,1,6,0,0,756, 6.55817E+00, 3.291183623E+02,6979,4,FO
Thurber_10,4,0, 1.000E+00,scale, 1.000E-08, 1.000E-01, 1.000E-01,1,7,0,0,983, 1.18827E+01, 3.291160194E+02,12660,4,FO
Thurber_10,4,0, 1.000E+00,scale, 1.000E-08, 1.000E-01, 1.000E-01,1,8,0,3,1311, 1.43988E+01, 3.290965195E+02,15262,4,FO
Thurber_10,4,0, 1.000E+00,scale, 1.000E-08, 1.000E-01, 1.000E-01,1,9,0,0,1075, 9.60931E+00, 3.290602373E+02,10598,4,FO
Thurber_10,4,0, 1.000E+00,scale, 1.000E-08, 1.000E-01, 1.000E-01,1,10,0,0,14, 2.08574E-01, 4.605860266E+04,269,2,FO
Thurber_10,4,GN, 1.000E+04,scale, 1.000E-08, 1.000E-01, 1.000E-01,1,1,0,0,785, 6.10142E+00, 3.291000745E+02,7282,4,GN
Thurber_10,4,GN, 1.000E+04,scale, 1.000E-08, 1.000E-01, 1.000E-01,1,2,0,0,848, 6.76193E+00, 3.290683617E+02,7757,4,GN
Thurber_10,4,GN, 1.000E+04,scale, 1.000E-08, 1.000E-01, 1.000E-01,1,3,0,1,1127, 9.42957E+00, 3.290782953E+02,11663,4,GN
Thurber_10,4,GN, 1.000E+04,scale, 1.000E-08, 1.000E-01, 1.000E-01,1,4,0,1,685, 5.46896E+00, 3.290967013E+02,6292,4,GN
Thurber_10,4,GN, 1.000E+04,scale, 1.000E-08, 1.000E-01, 1.000E-01,1,5,0,1,114, 1.28992E+00, 3.891539515E+04,1793,3,GN
Thurber_10,4,GN, 1.000E+04,scale, 1.000E-08, 1.000E-01, 1.000E-01,1,6,0,0,646, 4.69555E+00, 3.291016091E+02,5626,4,GN
Thurber_10,4,GN, 1.000E+04,scale, 1.000E-08, 1.000E-01, 1.000E-01,1,7,0,0,734, 8.49281E+00, 3.290985978E+02,9361,4,GN
Thurber_10,4,GN, 1.000E+04,scale, 1.000E-08, 1.000E-01, 1.000E-01,1,8,0,0,1150, 8.94815E+00, 3.290920935E+02,11421,4,GN
Thurber_10,4,GN, 1.000E+04,scale, 1.000E-08, 1.000E-01, 1.000E-01,1,9,0,0,1153, 9.43293E+00, 3.290701908E+02,11782,4,GN
Thurber_10,4,GN, 1.000E+04,scale, 1.000E-08, 1.000E-01, 1.000E-01,1,10,0,0,887, 7.80097E+00, 3.291042705E+02,8451,4,GN
Thurber_10,4,GN, 1.000E+00,scale, 1.000E-08, 1.000E-01, 1.000E-01,1,1,0,0,272, 4.62908E+00, 1.454807974E+03,5506,4,GN1
Thurber_10,4,GN, 1.000E+00,scale, 1.000E-08, 1.000E-01, 1.000E-01,1,2,0,0,812, 7.08560E+00, 3.290959500E+02,7521,4,GN1
Thurber_10,4,GN, 1.000E+00,scale, 1.000E-08, 1.000E-01, 1.000E-01,1,3,0,0,1127, 9.62059E+00, 3.290666201E+02,10949,4,GN1
Thurber_10,4,GN, 1.000E+00,scale, 1.000E-08, 1.000E-01, 1.000E-01,1,4,0,1,720, 6.63359E+00, 3.290619001E+02,6402,4,GN1
Thurber_10,4,GN, 1.000E+00,scale, 1.000E-08, 1.000E-01, 1.000E-01,1,5,0,0,96, 1.17116E+00, 4.567772407E+04,1502,3,GN1
Thurber_10,4,GN, 1.000E+00,scale, 1.000E-08, 1.000E-01, 1.000E-01,1,6,0,0,765, 7.09822E+00, 3.290816385E+02,7088,4,GN1
Thurber_10,4,GN, 1.000E+00,scale, 1.000E-08, 1.000E-01, 1.000E-01,1,7,0,0,891, 1.04917E+01, 3.290765767E+02,11308,4,GN1
Thurber_10,4,GN, 1.000E+00,scale, 1.000E-08, 1.000E-01, 1.000E-01,1,8,0,2,431, 5.49229E+00, 4.046023973E+04,6744,3,GN1
Thurber_10,4,GN, 1.000E+00,scale, 1.000E-08, 1.000E-01, 1.000E-01,1,9,0,0,1153, 1.06563E+01, 3.290648580E+02,11799,4,GN1
Thurber_10,4,GN, 1.000E+00,scale, 1.000E-08, 1.000E-01, 1.000E-01,1,10,0,0,926, 9.06341E+00, 3.290729154E+02,9016,4,GN1
Thurber_10,4,H, 1.000E+04,scale, 1.000E-08, 1.000E-01, 1.000E-01,1,1,1,0,10000, 9.46006E+01, 2.124227155E+03,92085,4,H
Thurber_10,4,H, 1.000E+04,scale, 1.000E-08, 1.000E-01, 1.000E-01,1,2,1,1,10000, 7.37294E+01, 1.712366325E+03,78646,4,H
Thurber_10,4,H, 1.000E+04,scale, 1.000E-08, 1.000E-01, 1.000E-01,1,3,0,0,1065, 4.52074E+01, 9.314555955E+04,32582,2,H
Thurber_10,4,H, 1.000E+04,scale, 1.000E-08, 1.000E-01, 1.000E-01,1,4,1,0,10000, 7.22364E+01, 1.390956171E+03,81189,4,H
Thurber_10,4,H, 1.000E+04,scale, 1.000E-08, 1.000E-01, 1.000E-01,1,5,1,0,10000, 2.63543E+02, 1.188369453E+05,327394,4,H
Thurber_10,4,H, 1.000E+04,scale, 1.000E-08, 1.000E-01, 1.000E-01,1,6,0,0,93, 1.55445E+00, 3.004550496E+04,1367,3,H
Thurber_10,4,H, 1.000E+04,scale, 1.000E-08, 1.000E-01, 1.000E-01,1,7,1,0,10000, 9.19060E+01, 3.299402599E+02,83367,4,H
Thurber_10,4,H, 1.000E+04,scale, 1.000E-08, 1.000E-01, 1.000E-01,1,8,1,0,10000, 1.42172E+02, 5.054231221E+04,55679,1,H
Thurber_10,4,H, 1.000E+04,scale, 1.000E-08, 1.000E-01, 1.000E-01,1,9,1,1,10000, 1.07653E+02, 3.178652254E+03,102608,4,H
Thurber_10,4,H, 1.000E+04,scale, 1.000E-08, 1.000E-01, 1.000E-01,1,10,1,0,10000, 1.09860E+02, 2.071253150E+03,97431,4,H
Thurber_10,4,H, 1.000E-01,scale, 1.000E-08, 1.000E-01, 1.000E-01,1,1,0,0,840, 6.91787E+00, 3.290866596E+02,7899,4,H0.1
Thurber_10,4,H, 1.000E-01,scale, 1.000E-08, 1.000E-01, 1.000E-01,1,2,0,0,837, 6.44639E+00, 3.291034408E+02,7252,4,H0.1
Thurber_10,4,H, 1.000E-01,scale, 1.000E-08, 1.000E-01, 1.000E-01,1,3,0,0,1150, 1.00066E+01, 3.291050764E+02,11289,4,H0.1
Thurber_10,4,H, 1.000E-01,scale, 1.000E-08, 1.000E-01, 1.000E-01,1,4,0,1,680, 5.78468E+00, 3.291093921E+02,5983,4,H0.1
Thurber_10,4,H, 1.000E-01,scale, 1.000E-08, 1.000E-01, 1.000E-01,1,5,0,0,395, 4.03851E+00, 3.110845077E+04,5001,3,H0.1
Thurber_10,4,H, 1.000E-01,scale, 1.000E-08, 1.000E-01, 1.000E-01,1,6,0,0,795, 7.19440E+00, 3.291129294E+02,7546,4,H0.1
Thurber_10,4,H, 1.000E-01,scale, 1.000E-08, 1.000E-01, 1.000E-01,1,7,0,0,866, 1.03716E+01, 3.291038250E+02,11081,4,H0.1
Thurber_10,4,H, 1.000E-01,scale, 1.000E-08, 1.000E-01, 1.000E-01,1,8,0,0,1259, 1.62464E+01, 5.359295789E+03,19259,4,H0.1
Thurber_10,4,H, 1.000E-01,scale, 1.000E-08, 1.000E-01, 1.000E-01,1,9,0,0,1107, 1.09571E+01, 3.291069420E+02,11530,4,H0.1
Thurber_10,4,H, 1.000E-01,scale, 1.000E-08, 1.000E-01, 1.000E-01,1,10,0,0,898, 8.24045E+00, 3.291101768E+02,8495,4,H0.1
Thurber_10,4,H, 1.000E+00,scale, 1.000E-08, 1.000E-01, 1.000E-01,1,1,0,0,662, 5.69271E+00, 3.290879736E+02,5457,4,H1
Thurber_10,4,H, 1.000E+00,scale, 1.000E-08, 1.000E-01, 1.000E-01,1,2,0,0,951, 7.53582E+00, 3.290655648E+02,8015,4,H1
Thurber_10,4,H, 1.000E+00,scale, 1.000E-08, 1.000E-01, 1.000E-01,1,3,0,0,1141, 9.17581E+00, 3.290870399E+02,10248,4,H1
Thurber_10,4,H, 1.000E+00,scale, 1.000E-08, 1.000E-01, 1.000E-01,1,4,0,1,742, 6.36284E+00, 3.290689694E+02,6280,4,H1
Thurber_10,4,H, 1.000E+00,scale, 1.000E-08, 1.000E-01, 1.000E-01,1,5,0,1,867, 1.22274E+01, 6.777294055E+03,12903,4,H1
Thurber_10,4,H, 1.000E+00,scale, 1.000E-08, 1.000E-01, 1.000E-01,1,6,0,0,804, 7.93444E+00, 3.291012651E+02,7665,4,H1
Thurber_10,4,H, 1.000E+00,scale, 1.000E-08, 1.000E-01, 1.000E-01,1,7,0,0,651, 7.47047E+00, 3.290740909E+02,7624,4,H1
Thurber_10,4,H, 1.000E+00,scale, 1.000E-08, 1.000E-01, 1.000E-01,1,8,0,0,638, 8.27746E+00, 1.071168256E+04,10855,4,H1
Thurber_10,4,H, 1.000E+00,scale, 1.000E-08, 1.000E-01, 1.000E-01,1,9,0,0,1046, 9.73193E+00, 3.291113671E+02,10286,4,H1
Thurber_10,4,H, 1.000E+00,scale, 1.000E-08, 1.000E-01, 1.000E-01,1,10,0,0,920, 8.26403E+00, 3.291116499E+02,8291,4,H1
Thurber_10,4,H, 1.000E+01,scale, 1.000E-08, 1.000E-01, 1.000E-01,1,1,0,0,115, 1.48329E+00, 2.600744490E+03,1828,4,H10
Thurber_10,4,H, 1.000E+01,scale, 1.000E-08, 1.000E-01, 1.000E-01,1,2,0,0,2086, 1.40344E+01, 3.291013784E+02,17589,4,H10
Thurber_10,4,H, 1.000E+01,scale, 1.000E-08, 1.000E-01, 1.000E-01,1,3,0,0,2252, 1.96415E+01, 3.290717410E+02,21887,4,H10
Thurber_10,4,H, 1.000E+01,scale, 1.000E-08, 1.000E-01, 1.000E-01,1,4,0,1,925, 7.96250E+00, 3.291078093E+02,8064,4,H10
Thurber_10,4,H, 1.000E+01,scale, 1.000E-08, 1.000E-01, 1.000E-01,1,5,0,2,886, 1.27344E+01, 7.474310526E+03,14614,4,H10
Thurber_10,4,H, 1.000E+01,scale, 1.000E-08, 1.000E-01, 1.000E-01,1,6,0,0,926, 8.38479E+00, 3.290943121E+02,8570,4,H10
Thurber_10,4,H, 1.000E+01,scale, 1.000E-08, 1.000E-01, 1.000E-01,1,7,0,0,755, 1.00033E+01, 3.290772003E+02,9269,4,H10
Thurber_10,4,H, 1.000E+01,scale, 1.000E-08, 1.000E-01, 1.000E-01,1,8,0,3,2233, 3.66601E+01, 2.956124681E+03,34703,4,H10
Thurber_10,4,H, 1.000E+01,scale, 1.000E-08, 1.000E-01, 1.000E-01,1,9,0,0,342, 3.42090E+00, 3.033936465E+03,4821,4,H10
Thurber_10,4,H, 1.000E+01,scale, 1.000E-08, 1.000E-01, 1.000E-01,1,10,0,0,1636, 1.15736E+01, 3.290679535E+02,13786,4,H10
Thurber_10,4,H, 1.000E+02,scale, 1.000E-08, 1.000E-01, 1.000E-01,1,1,0,0,2560, 1.82030E+01, 3.290672404E+02,21841,4,H100
Thurber_10,4,H, 1.000E+02,scale, 1.000E-08, 1.000E-01, 1.000E-01,1,2,0,0,6587, 4.46907E+01, 3.290816134E+02,53115,4,H100
Thurber_10,4,H, 1.000E+02,scale, 1.000E-08, 1.000E-01, 1.000E-01,1,3,0,1,791, 7.30363E+00, 2.901730308E+03,9711,4,H100
Thurber_10,4,H, 1.000E+02,scale, 1.000E-08, 1.000E-01, 1.000E-01,1,4,0,1,2306, 1.70271E+01, 3.290706718E+02,19597,4,H100
Thurber_10,4,H, 1.000E+02,scale, 1.000E-08, 1.000E-01, 1.000E-01,1,5,0,5,4041, 6.86605E+01, 5.043168667E+03,66233,4,H100
Thurber_10,4,H, 1.000E+02,scale, 1.000E-08, 1.000E-01, 1.000E-01,1,6,0,3,2249, 2.30421E+01, 3.290796874E+02,22965,4,H100
Thurber_10,4,H, 1.000E+02,scale, 1.000E-08, 1.000E-01, 1.000E-01,1,7,0,1,1312, 1.57357E+01, 3.290928813E+02,15495,4,H100
Thurber_10,4,H, 1.000E+02,scale, 1.000E-08, 1.000E-01, 1.000E-01,1,8,0,0,2901, 2.23404E+01, 3.291074231E+02,26976,4,H100
Thurber_10,4,H, 1.000E+02,scale, 1.000E-08, 1.000E-01, 1.000E-01,1,9,0,0,549, 5.57994E+00, 3.301012192E+03,7567,4,H100
Thurber_10,4,H, 1.000E+02,scale, 1.000E-08, 1.000E-01, 1.000E-01,1,10,0,0,5120, 3.28139E+01, 3.291067144E+02,41784,4,H100
Thurber_10,4,H, 1.000E+00,scale, 1.000E-08, 1.000E-01, 1.000E-01,1,1,0,0,876, 6.68081E+00, 3.290864040E+02,8046,4,HA1
Thurber_10,4,H, 1.000E+00,scale, 1.000E-08, 1.000E-01, 1.000E-01,1,2,0,0,1003, 7.34510E+00, 3.291100384E+02,9245,4,HA1
Thurber_10,4,H, 1.000E+00,scale, 1.000E-08, 1.000E-01, 1.000E-01,1,3,0,0,1213, 1.34325E+01, 3.291032133E+02,11824,4,HA1
Thurber_10,4,H, 1.000E+00,scale, 1.000E-08, 1.000E-01, 1.000E-01,1,4,0,1,705, 5.91999E+00, 3.290962944E+02,5973,4,HA1
Thurber_10,4,H, 1.000E+00,scale, 1.000E-08, 1.000E-01, 1.000E-01,1,5,0,8,961, 1.27522E+01, 6.777286696E+03,15623,4,HA1
Thurber_10,4,H, 1.000E+00,scale, 1.000E-08, 1.000E-01, 1.000E-01,1,6,0,0,184, 1.90502E+00, 1.794875139E+03,2949,4,HA1
Thurber_10,4,H, 1.000E+00,scale, 1.000E-08, 1.000E-01, 1.000E-01,1,7,0,0,591, 5.93119E+00, 3.291323283E+02,7119,4,HA1
Thurber_10,4,H, 1.000E+00,scale, 1.000E-08, 1.000E-01, 1.000E-01,1,8,0,0,1695, 1.38558E+01, 3.290959872E+02,18012,4,HA1
Thurber_10,4,H, 1.000E+00,scale, 1.000E-08, 1.000E-01, 1.000E-01,1,9,0,0,1283, 1.11809E+01, 3.290973661E+02,13806,4,HA1
Thurber_10,4,H, 1.000E+00,scale, 1.000E-08, 1.000E-01, 1.000E-01,1,10,0,0,996, 7.39343E+00, 3.290687786E+02,9179,4,HA1
Thurber_10,4,H, 1.000E+00,scale, 1.000E-08, 1.000E-01, 1.000E-01,1,1,0,0,37, 3.74936E-01, 1.019701139E+04,694,4,HA10
Thurber_10,4,H, 1.000E+00,scale, 1.000E-08, 1.000E-01, 1.000E-01,1,2,0,0,1559, 7.99781E+00, 3.290784885E+02,13563,4,HA10
Thurber_10,4,H, 1.000E+00,scale, 1.000E-08, 1.000E-01, 1.000E-01,1,3,0,0,49, 8.11015E-01, 7.666437239E+04,784,2,HA10
Thurber_10,4,H, 1.000E+00,scale, 1.000E-08, 1.000E-01, 1.000E-01,1,4,0,1,870, 4.79089E+00, 3.290806127E+02,7150,4,HA10
Thurber_10,4,H, 1.000E+00,scale, 1.000E-08, 1.000E-01, 1.000E-01,1,5,0,3,979, 1.29196E+01, 6.777295486E+03,14989,4,HA10
Thurber_10,4,H, 1.000E+00,scale, 1.000E-08, 1.000E-01, 1.000E-01,1,6,0,0,809, 6.26363E+00, 3.291060066E+02,7394,4,HA10
Thurber_10,4,H, 1.000E+00,scale, 1.000E-08, 1.000E-01, 1.000E-01,1,7,0,0,102, 8.76116E-01, 5.224813109E+03,1435,4,HA10
Thurber_10,4,H, 1.000E+00,scale, 1.000E-08, 1.000E-01, 1.000E-01,1,8,0,1,1979, 1.17914E+01, 3.291002675E+02,18169,4,HA10
Thurber_10,4,H, 1.000E+00,scale, 1.000E-08, 1.000E-01, 1.000E-01,1,9,0,0,941, 1.07426E+01, 2.788748534E+03,13405,4,HA10
Thurber_10,4,H, 1.000E+00,scale, 1.000E-08, 1.000E-01, 1.000E-01,1,10,0,0,1514, 8.39274E+00, 3.291115271E+02,13737,4,HA10
Thurber_10,4,H, 1.000E+00,scale, 1.000E-08, 1.000E-01, 1.000E-01,1,1,0,0,1192, 1.13236E+01, 3.290645804E+02,10082,4,HA100
Thurber_10,4,H, 1.000E+00,scale, 1.000E-08, 1.000E-01, 1.000E-01,1,2,0,0,5025, 2.49325E+01, 3.291090908E+02,43761,4,HA100
Thurber_10,4,H, 1.000E+00,scale, 1.000E-08, 1.000E-01, 1.000E-01,1,3,0,0,68, 9.00696E-01, 8.049186209E+04,1089,2,HA100
Thurber_10,4,H, 1.000E+00,scale, 1.000E-08, 1.000E-01, 1.000E-01,1,4,0,0,73, 1.04806E+00, 3.507073871E+03,1610,4,HA100
Thurber_10,4,H, 1.000E+00,scale, 1.000E-08, 1.000E-01, 1.000E-01,1,5,0,5,994, 1.40530E+01, 7.473645082E+03,16935,4,HA100
Thurber_10,4,H, 1.000E+00,scale, 1.000E-08, 1.000E-01, 1.000E-01,1,6,0,1,1374, 1.45552E+01, 3.290911162E+02,12350,4,HA100
Thurber_10,4,H, 1.000E+00,scale, 1.000E-08, 1.000E-01, 1.000E-01,1,7,0,0,1680, 1.51405E+01, 3.290932578E+02,18653,4,HA100
Thurber_10,4,H, 1.000E+00,scale, 1.000E-08, 1.000E-01, 1.000E-01,1,8,0,1,1078, 1.67899E+01, 4.095252726E+04,16920,3,HA100
Thurber_10,4,H, 1.000E+00,scale, 1.000E-08, 1.000E-01, 1.000E-01,1,9,0,0,4009, 3.66649E+01, 3.290822441E+02,45179,4,HA100
Thurber_10,4,H, 1.000E+00,scale, 1.000E-08, 1.000E-01, 1.000E-01,1,10,0,0,3412, 1.87435E+01, 3.290808318E+02,29825,4,HA100
Thurber_10,4,H, 1.000E+00,clip, 1.000E-08, 1.000E-01, 1.000E-01,1,1,0,0,5930, 6.06861E+01, 3.290861663E+02,57179,4,Hc1
Thurber_10,4,H, 1.000E+00,clip, 1.000E-08, 1.000E-01, 1.000E-01,1,2,0,0,6436, 6.52828E+01, 3.290993985E+02,62131,4,Hc1
Thurber_10,4,H, 1.000E+00,clip, 1.000E-08, 1.000E-01, 1.000E-01,1,3,0,0,6961, 7.01834E+01, 3.290732423E+02,68627,4,Hc1
Thurber_10,4,H, 1.000E+00,clip, 1.000E-08, 1.000E-01, 1.000E-01,1,4,0,0,5959, 6.02218E+01, 3.290807014E+02,57070,4,Hc1
Thurber_10,4,H, 1.000E+00,clip, 1.000E-08, 1.000E-01, 1.000E-01,1,5,0,1,440, 6.91664E+00, 8.512969719E+03,7834,4,Hc1
Thurber_10,4,H, 1.000E+00,clip, 1.000E-08, 1.000E-01, 1.000E-01,1,6,0,0,5809, 5.91158E+01, 3.290744029E+02,56304,4,Hc1
Thurber_10,4,H, 1.000E+00,clip, 1.000E-08, 1.000E-01, 1.000E-01,1,7,0,0,7304, 7.65158E+01, 3.290755638E+02,72670,4,Hc1
Thurber_10,4,H, 1.000E+00,clip, 1.000E-08, 1.000E-01, 1.000E-01,1,8,0,0,6394, 6.67610E+01, 3.290685354E+02,63239,4,Hc1
Thurber_10,4,H, 1.000E+00,clip, 1.000E-08, 1.000E-01, 1.000E-01,1,9,0,0,6526, 6.71867E+01, 3.290856167E+02,63802,4,Hc1
Thurber_10,4,H, 1.000E+00,clip, 1.000E-08, 1.000E-01, 1.000E-01,1,10,0,0,6356, 6.46879E+01, 3.290808553E+02,61522,4,Hc1
Thurber_10,4,H, 1.000E+01,clip, 1.000E-08, 1.000E-01, 1.000E-01,1,1,1,0,10000, 7.83725E+01, 3.579323525E+02,80452,4,Hc10
Thurber_10,4,H, 1.000E+01,clip, 1.000E-08, 1.000E-01, 1.000E-01,1,2,0,0,1534, 1.47420E+01, 5.934859842E+02,15823,4,Hc10
Thurber_10,4,H, 1.000E+01,clip, 1.000E-08, 1.000E-01, 1.000E-01,1,3,1,1,10000, 8.04036E+01, 3.790169301E+02,84254,4,Hc10
Thurber_10,4,H, 1.000E+01,clip, 1.000E-08, 1.000E-01, 1.000E-01,1,4,1,0,10000, 7.95960E+01, 3.623536179E+02,79238,4,Hc10
Thurber_10,4,H, 1.000E+01,clip, 1.000E-08, 1.000E-01, 1.000E-01,1,5,0,17,5915, 7.14487E+01, 6.792229542E+03,63158,4,Hc10
Thurber_10,4,H, 1.000E+01,clip, 1.000E-08, 1.000E-01, 1.000E-01,1,6,1,1,10000, 8.24757E+01, 4.014882263E+02,90617,4,Hc10
Thurber_10,4,H, 1.000E+01,clip, 1.000E-08, 1.000E-01, 1.000E-01,1,7,1,0,10000, 8.60226E+01, 4.148373508E+02,97683,4,Hc10
Thurber_10,4,H, 1.000E+01,clip, 1.000E-08, 1.000E-01, 1.000E-01,1,8,1,0,10000, 8.06428E+01, 3.558578275E+02,84917,4,Hc10
Thurber_10,4,H, 1.000E+01,clip, 1.000E-08, 1.000E-01, 1.000E-01,1,9,1,1,10000, 7.40858E+01, 3.830402368E+02,84439,4,Hc10
Thurber_10,4,H, 1.000E+01,clip, 1.000E-08, 1.000E-01, 1.000E-01,1,10,1,0,10000, 7.11867E+01, 3.730416241E+02,80694,4,Hc10
Thurber_10,4,QN, 1.000E+04,scale, 1.000E-08, 1.000E-01, 1.000E-01,1,1,0,0,42, 7.49358E-01, 1.056949968E+04,734,4,QN
Thurber_10,4,QN, 1.000E+04,scale, 1.000E-08, 1.000E-01, 1.000E-01,1,2,0,0,794, 1.04155E+01, 3.290652983E+02,6984,4,QN
Thurber_10,4,QN, 1.000E+04,scale, 1.000E-08, 1.000E-01, 1.000E-01,1,3,0,0,1135, 1.64899E+01, 3.291012140E+02,11955,4,QN
Thurber_10,4,QN, 1.000E+04,scale, 1.000E-08, 1.000E-01, 1.000E-01,1,4,0,0,716, 1.02222E+01, 3.290987409E+02,6198,4,QN
Thurber_10,4,QN, 1.000E+04,scale, 1.000E-08, 1.000E-01, 1.000E-01,1,5,0,0,678, 1.50461E+01, 7.514561262E+03,10769,4,QN
Thurber_10,4,QN, 1.000E+04,scale, 1.000E-08, 1.000E-01, 1.000E-01,1,6,0,0,737, 1.01148E+01, 3.290755152E+02,6611,4,QN
Thurber_10,4,QN, 1.000E+04,scale, 1.000E-08, 1.000E-01, 1.000E-01,1,7,0,0,1220, 2.45890E+01, 3.291148578E+02,14906,4,QN
Thurber_10,4,QN, 1.000E+04,scale, 1.000E-08, 1.000E-01, 1.000E-01,1,8,0,0,964, 1.37244E+01, 3.291000554E+02,9260,4,QN
Thurber_10,4,QN, 1.000E+04,scale, 1.000E-08, 1.000E-01, 1.000E-01,1,9,0,0,968, 1.30728E+01, 3.290738467E+02,9192,4,QN
Thurber_10,4,QN, 1.000E+04,scale, 1.000E-08, 1.000E-01, 1.000E-01,1,10,0,0,1027, 1.67245E+01, 3.290874986E+02,10548,4,QN
Thurber_10,4,0, 1.000E+00,scale, 1.000E-08, 1.000E-01, 1.000E-01,2,1,0,0,983, 1.26039E+01, 3.291160194E+02,12660,4,FO
Thurber_10,4,0, 1.000E+00,scale, 1.000E-08, 1.000E-01, 1.000E-01,2,2,0,0,1189, 1.79436E+01, 6.777287818E+03,17878,4,FO
Thurber_10,4,0, 1.000E+00,scale, 1.000E-08, 1.000E-01, 1.000E-01,2,3,0,2,1213, 1.31071E+01, 3.291016388E+02,14196,4,FO
Thurber_10,4,0, 1.000E+00,scale, 1.000E-08, 1.000E-01, 1.000E-01,2,4,0,1,378, 5.75861E+00, 2.580101363E+03,5911,4,FO
Thurber_10,4,0, 1.000E+00,scale, 1.000E-08, 1.000E-01, 1.000E-01,2,5,0,0,982, 1.21705E+01, 3.291160194E+02,12659,4,FO
Thurber_10,4,0, 1.000E+00,scale, 1.000E-08, 1.000E-01, 1.000E-01,2,6,0,0,1188, 1.81048E+01, 6.777287818E+03,17877,4,FO
Thurber_10,4,0, 1.000E+00,scale, 1.000E-08, 1.000E-01, 1.000E-01,2,7,0,0,948, 9.71204E+00, 3.291092697E+02,9863,4,FO
Thurber_10,4,0, 1.000E+00,scale, 1.000E-08, 1.000E-01, 1.000E-01,2,8,0,0,495, 5.41474E+00, 3.290742685E+02,5075,4,FO
Thurber_10,4,0, 1.000E+00,scale, 1.000E-08, 1.000E-01, 1.000E-01,2,9,0,0,572, 6.70482E+00, 3.290933687E+02,6230,4,FO
Thurber_10,4,0, 1.000E+00,scale, 1.000E-08, 1.000E-01, 1.000E-01,2,10,0,0,983, 1.19971E+01, 3.291160194E+02,12660,4,FO
Thurber_10,4,GN, 1.000E+04,scale, 1.000E-08, 1.000E-01, 1.000E-01,2,1,0,0,734, 9.50074E+00, 3.290985978E+02,9361,4,GN
Thurber_10,4,GN, 1.000E+04,scale, 1.000E-08, 1.000E-01, 1.000E-01,2,2,0,1,115, 1.52604E+00, 3.891539515E+04,1794,3,GN
Thurber_10,4,GN, 1.000E+04,scale, 1.000E-08, 1.000E-01, 1.000E-01,2,3,0,0,1753, 2.89330E+01, 4.231051092E+02,27412,4,GN
Thurber_10,4,GN, 1.000E+04,scale, 1.000E-08, 1.000E-01, 1.000E-01,2,4,0,1,176, 2.52393E+00, 1.404486827E+04,2813,4,GN
Thurber_10,4,GN, 1.000E+04,scale, 1.000E-08, 1.000E-01, 1.000E-01,2,5,0,0,733, 9.59403E+00, 3.290985978E+02,9360,4,GN
Thurber_10,4,GN, 1.000E+04,scale, 1.000E-08, 1.000E-01, 1.000E-01,2,6,0,1,114, 1.51170E+00, 3.891539515E+04,1793,3,GN
Thurber_10,4,GN, 1.000E+04,scale, 1.000E-08, 1.000E-01, 1.000E-01,2,7,0,0,743, 7.32924E+00, 3.291108161E+02,7222,4,GN
Thurber_10,4,GN, 1.000E+04,scale, 1.000E-08, 1.000E-01, 1.000E-01,2,8,0,0,506, 5.22758E+00, 3.290752393E+02,5262,4,GN
Thurber_10,4,GN, 1.000E+04,scale, 1.000E-08, 1.000E-01, 1.000E-01,2,9,0,0,588, 7.00680E+00, 3.290711877E+02,6388,4,GN
Thurber_10,4,GN, 1.000E+04,scale, 1.000E-08, 1.000E-01, 1.000E-01,2,10,0,0,734, 9.20117E+00, 3.290985978E+02,9361,4,GN
Thurber_10,4,GN, 1.000E+00,scale, 1.000E-08, 1.000E-01, 1.000E-01,2,1,0,0,891, 1.04779E+01, 3.290765767E+02,11308,4,GN1
Thurber_10,4,GN, 1.000E+00,scale, 1.000E-08, 1.000E-01, 1.000E-01,2,2,0,0,97, 1.14479E+00, 4.567772407E+04,1503,3,GN1
Thurber_10,4,GN, 1.000E+00,scale, 1.000E-08, 1.000E-01, 1.000E-01,2,3,0,0,1186, 1.32218E+01, 3.291008711E+02,13739,4,GN1
Thurber_10,4,GN, 1.000E+00,scale, 1.000E-08, 1.000E-01, 1.000E-01,2,4,0,3,876, 1.33932E+01, 4.231117957E+02,12949,4,GN1
Thurber_10,4,GN, 1.000E+00,scale, 1.000E-08, 1.000E-01, 1.000E-01,2,5,0,0,890, 1.01669E+01, 3.290765767E+02,11307,4,GN1
Thurber_10,4,GN, 1.000E+00,scale, 1.000E-08, 1.000E-01, 1.000E-01,2,6,0,0,96, 1.16288E+00, 4.567772407E+04,1502,3,GN1
Thurber_10,4,GN, 1.000E+00,scale, 1.000E-08, 1.000E-01, 1.000E-01,2,7,0,0,983, 9.97513E+00, 3.291085539E+02,10296,4,GN1
Thurber_10,4,GN, 1.000E+00,scale, 1.000E-08, 1.000E-01, 1.000E-01,2,8,0,0,516, 5.31141E+00, 3.291022459E+02,5324,4,GN1
Thurber_10,4,GN, 1.000E+00,scale, 1.000E-08, 1.000E-01, 1.000E-01,2,9,0,0,584, 6.85952E+00, 3.291134727E+02,6411,4,GN1
Thurber_10,4,GN, 1.000E+00,scale, 1.000E-08, 1.000E-01, 1.000E-01,2,10,0,0,891, 1.00004E+01, 3.290765767E+02,11308,4,GN1
Thurber_10,4,H, 1.000E+04,scale, 1.000E-08, 1.000E-01, 1.000E-01,2,1,1,0,10000, 6.97486E+01, 3.299402599E+02,83367,4,H
Thurber_10,4,H, 1.000E+04,scale, 1.000E-08, 1.000E-01, 1.000E-01,2,2,1,0,10000, 1.62067E+02, 1.188369453E+05,327360,4,H
Thurber_10,4,H, 1.000E+04,scale, 1.000E-08, 1.000E-01, 1.000E-01,2,3,1,1,10000, 5.09284E+01, 1.801062439E+03,78134,4,H
Thurber_10,4,H, 1.000E+04,scale, 1.000E-08, 1.000E-01, 1.000E-01,2,4,0,2,239, 3.67502E+00, 2.195054071E+04,3993,4,H
Thurber_10,4,H, 1.000E+04,scale, 1.000E-08, 1.000E-01, 1.000E-01,2,5,1,0,10000, 6.71703E+01, 3.299398258E+02,83376,4,H
Thurber_10,4,H, 1.000E+04,scale, 1.000E-08, 1.000E-01, 1.000E-01,2,6,1,0,10000, 1.55680E+02, 1.188369453E+05,327394,4,H
Thurber_10,4,H, 1.000E+04,scale, 1.000E-08, 1.000E-01, 1.000E-01,2,7,0,1,2962, 2.77471E+01, 3.379275738E+03,31720,4,H
Thurber_10,4,H, 1.000E+04,scale, 1.000E-08, 1.000E-01, 1.000E-01,2,8,1,2,10000, 1.49964E+02, 4.848476481E+04,151978,3,H
Thurber_10,4,H, 1.000E+04,scale, 1.000E-08, 1.000E-01, 1.000E-01,2,9,0,0,4489, 2.85371E+01, 3.290938166E+02,37270,4,H
Thurber_10,4,H, 1.000E+04,scale, 1.000E-08, 1.000E-01, 1.000E-01,2,10,1,0,10000, 6.62872E+01, 3.299402599E+02,83367,4,H
Thurber_10,4,H, 1.000E-01,scale, 1.000E-08, 1.000E-01, 1.000E-01,2,1,0,0,866, 1.78122E+01, 3.291038250E+02,11081,4,H0.1
Thurber_10,4,H, 1.000E-01,scale, 1.000E-08, 1.000E-01, 1.000E-01,2,2,0,0,396, 6.96103E+00, 3.110845077E+04,5002,3,H0.1
Thurber_10,4,H, 1.000E-01,scale, 1.000E-08, 1.000E-01, 1.000E-01,2,3,0,1,1144, 1.39320E+01, 3.291170263E+02,13205,4,H0.1
Thurber_10,4,H, 1.000E-01,scale, 1.000E-08, 1.000E-01, 1.000E-01,2,4,0,0,423, 6.08881E+00, 2.586632737E+03,6565,4,H0.1
Thurber_10,4,H, 1.000E-01,scale, 1.000E-08, 1.000E-01, 1.000E-01,2,5,0,0,865, 1.04032E+01, 3.291038250E+02,11080,4,H0.1
Thurber_10,4,H, 1.000E-01,scale, 1.000E-08, 1.000E-01, 1.000E-01,2,6,0,0,395, 4.12046E+00, 3.110845077E+04,5001,3,H0.1
Thurber_10,4,H, 1.000E-01,scale, 1.000E-08, 1.000E-01, 1.000E-01,2,7,0,0,848, 8.43886E+00, 3.290839755E+02,8470,4,H0.1
Thurber_10,4,H, 1.000E-01,scale, 1.000E-08, 1.000E-01, 1.000E-01,2,8,0,0,504, 5.14898E+00, 3.290900521E+02,5213,4,H0.1
Thurber_10,4,H, 1.000E-01,scale, 1.000E-08, 1.000E-01, 1.000E-01,2,9,0,0,600, 7.10703E+00, 3.290958764E+02,6518,4,H0.1
Thurber_10,4,H, 1.000E-01,scale, 1.000E-08, 1.000E-01, 1.000E-01,2,10,0,0,866, 1.05259E+01, 3.291038250E+02,11081,4,H0.1
Thurber_10,4,H, 1.000E+00,scale, 1.000E-08, 1.000E-01, 1.000E-01,2,1,0,0,651, 7.80286E+00, 3.290740909E+02,7624,4,H1
Thurber_10,4,H, 1.000E+00,scale, 1.000E-08, 1.000E-01, 1.000E-01,2,2,0,1,868, 1.27118E+01, 6.777294055E+03,12904,4,H1
Thurber_10,4,H, 1.000E+00,scale, 1.000E-08, 1.000E-01, 1.000E-01,2,3,0,0,93, 1.15651E+00, 4.532331848E+04,1584,3,H1
Thurber_10,4,H, 1.000E+00,scale, 1.000E-08, 1.000E-01, 1.000E-01,2,4,0,1,530, 8.57647E+00, 9.818006984E+02,8292,4,H1
Thurber_10,4,H, 1.000E+00,scale, 1.000E-08, 1.000E-01, 1.000E-01,2,5,0,0,650, 7.51569E+00, 3.290740909E+02,7623,4,H1
Thurber_10,4,H, 1.000E+00,scale, 1.000E-08, 1.000E-01, 1.000E-01,2,6,0,1,867, 1.29507E+01, 6.777294055E+03,12903,4,H1
Thurber_10,4,H, 1.000E+00,scale, 1.000E-08, 1.000E-01, 1.000E-01,2,7,0,0,992, 1.02053E+01, 3.290828838E+02,10180,4,H1
Thurber_10,4,H, 1.000E+00,scale, 1.000E-08, 1.000E-01, 1.000E-01,2,8,0,0,618, 7.02210E+00, 3.291083199E+02,6436,4,H1
Thurber_10,4,H, 1.000E+00,scale, 1.000E-08, 1.000E-01, 1.000E-01,2,9,0,0,520, 6.61409E+00, 3.291124972E+02,5843,4,H1
Thurber_10,4,H, 1.000E+00,scale, 1.000E-08, 1.000E-01, 1.000E-01,2,10,0,0,651, 7.67583E+00, 3.290740909E+02,7624,4,H1
Thurber_10,4,H, 1.000E+01,scale, 1.000E-08, 1.000E-01, 1.000E-01,2,1,0,0,755, 8.53880E+00, 3.290772003E+02,9269,4,H10
Thurber_10,4,H, 1.000E+01,scale, 1.000E-08, 1.000E-01, 1.000E-01,2,2,0,2,887, 1.03277E+01, 7.474310526E+03,14615,4,H10
Thurber_10,4,H, 1.000E+01,scale, 1.000E-08, 1.000E-01, 1.000E-01,2,3,0,0,471, 4.68582E+00, 3.290183300E+03,6886,4,H10
Thurber_10,4,H, 1.000E+01,scale, 1.000E-08, 1.000E-01, 1.000E-01,2,4,0,0,819, 9.84598E+00, 1.449051040E+03,11600,4,H10
Thurber_10,4,H, 1.000E+01,scale, 1.000E-08, 1.000E-01, 1.000E-01,2,5,0,0,754, 8.51035E+00, 3.290772003E+02,9268,4,H10
Thurber_10,4,H, 1.000E+01,scale, 1.000E-08, 1.000E-01, 1.000E-01,2,6,0,2,886, 1.04750E+01, 7.474310526E+03,14614,4,H10
Thurber_10,4,H, 1.000E+01,scale, 1.000E-08, 1.000E-01, 1.000E-01,2,7,0,0,1592, 1.45844E+01, 3.291192261E+02,16791,4,H10
Thurber_10,4,H, 1.000E+01,scale, 1.000E-08, 1.000E-01, 1.000E-01,2,8,0,0,854, 1.01299E+01, 3.290944568E+02,9785,4,H10
Thurber_10,4,H, 1.000E+01,scale, 1.000E-08, 1.000E-01, 1.000E-01,2,9,0,0,501, 5.63576E+00, 3.291079311E+02,5278,4,H10
Thurber_10,4,H, 1.000E+01,scale, 1.000E-08, 1.000E-01, 1.000E-01,2,10,0,0,755, 8.74019E+00, 3.290772003E+02,9269,4,H10
Thurber_10,4,H, 1.000E+02,scale, 1.000E-08, 1.000E-01, 1.000E-01,2,1,0,1,1312, 2.78345E+01, 3.290928813E+02,15495,4,H100
Thurber_10,4,H, 1.000E+02,scale, 1.000E-08, 1.000E-01, 1.000E-01,2,2,0,5,4042, 1.24031E+02, 5.043168667E+03,66234,4,H100
Thurber_10,4,H, 1.000E+02,scale, 1.000E-08, 1.000E-01, 1.000E-01,2,3,0,0,543, 1.18524E+01, 2.772487899E+03,7735,4,H100
Thurber_10,4,H, 1.000E+02,scale, 1.000E-08, 1.000E-01, 1.000E-01,2,4,0,1,183, 4.86953E+00, 1.582542828E+04,2910,4,H100
Thurber_10,4,H, 1.000E+02,scale, 1.000E-08, 1.000E-01, 1.000E-01,2,5,0,1,1311, 2.79784E+01, 3.290928813E+02,15494,4,H100
Thurber_10,4,H, 1.000E+02,scale, 1.000E-08, 1.000E-01, 1.000E-01,2,6,0,5,4041, 7.36546E+01, 5.043168667E+03,66233,4,H100
Thurber_10,4,H, 1.000E+02,scale, 1.000E-08, 1.000E-01, 1.000E-01,2,7,0,0,3871, 2.67570E+01, 3.291074376E+02,34911,4,H100
Thurber_10,4,H, 1.000E+02,scale, 1.000E-08, 1.000E-01, 1.000E-01,2,8,0,0,1124, 1.10924E+01, 3.290837271E+02,10278,4,H100
Thurber_10,4,H, 1.000E+02,scale, 1.000E-08, 1.000E-01, 1.000E-01,2,9,0,0,742, 8.38553E+00, 3.291020533E+02,7629,4,H100
Thurber_10,4,H, 1.000E+02,scale, 1.000E-08, 1.000E-01, 1.000E-01,2,10,0,1,1312, 1.49069E+01, 3.290928813E+02,15495,4,H100
Thurber_10,4,H, 1.000E+00,scale, 1.000E-08, 1.000E-01, 1.000E-01,2,1,0,0,591, 6.84659E+00, 3.291323283E+02,7119,4,HA1
Thurber_10,4,H, 1.000E+00,scale, 1.000E-08, 1.000E-01, 1.000E-01,2,2,0,8,962, 1.34337E+01, 6.777286696E+03,15624,4,HA1
Thurber_10,4,H, 1.000E+00,scale, 1.000E-08, 1.000E-01, 1.000E-01,2,3,0,0,149, 3.31522E+00, 4.209486730E+04,2563,3,HA1
Thurber_10,4,H, 1.000E+00,scale, 1.000E-08, 1.000E-01, 1.000E-01,2,4,0,1,2163, 5.57414E+01, 7.006824179E+02,32823,3,HA1
Thurber_10,4,H, 1.000E+00,scale, 1.000E-08, 1.000E-01, 1.000E-01,2,5,0,0,590, 6.28558E+00, 3.291323283E+02,7118,4,HA1
Thurber_10,4,H, 1.000E+00,scale, 1.000E-08, 1.000E-01, 1.000E-01,2,6,0,8,961, 1.13951E+01, 6.777286696E+03,15623,4,HA1
Thurber_10,4,H, 1.000E+00,scale, 1.000E-08, 1.000E-01, 1.000E-01,2,7,0,0,1010, 9.03234E+00, 3.290830541E+02,10544,4,HA1
Thurber_10,4,H, 1.000E+00,scale, 1.000E-08, 1.000E-01, 1.000E-01,2,8,0,1,483, 4.33729E+00, 3.290858186E+02,4675,4,HA1
Thurber_10,4,H, 1.000E+00,scale, 1.000E-08, 1.000E-01, 1.000E-01,2,9,0,0,471, 4.83172E+00, 3.291001868E+02,4840,4,HA1
Thurber_10,4,H, 1.000E+00,scale, 1.000E-08, 1.000E-01, 1.000E-01,2,10,0,0,591, 6.84396E+00, 3.291323283E+02,7119,4,HA1
Thurber_10,4,H, 1.000E+00,scale, 1.000E-08, 1.000E-01, 1.000E-01,2,1,0,0,102, 1.04879E+00, 5.224813109E+03,1435,4,HA10
Thurber_10,4,H, 1.000E+00,scale, 1.000E-08, 1.000E-01, 1.000E-01,2,2,0,3,980, 1.29325E+01, 6.777295486E+03,14990,4,HA10
Thurber_10,4,H, 1.000E+00,scale, 1.000E-08, 1.000E-01, 1.000E-01,2,3,0,0,1332, 2.10892E+01, 3.290766797E+02,16632,4,HA10
Thurber_10,4,H, 1.000E+00,scale, 1.000E-08, 1.000E-01, 1.000E-01,2,4,0,3,3290, 6.98284E+01, 7.080982179E+02,46056,3,HA10
Thurber_10,4,H, 1.000E+00,scale, 1.000E-08, 1.000E-01, 1.000E-01,2,5,0,0,101, 1.54301E+00, 5.224813109E+03,1434,4,HA10
Thurber_10,4,H, 1.000E+00,scale, 1.000E-08, 1.000E-01, 1.000E-01,2,6,0,3,979, 1.28520E+01, 6.777295486E+03,14989,4,HA10
Thurber_10,4,H, 1.000E+00,scale, 1.000E-08, 1.000E-01, 1.000E-01,2,7,0,0,1259, 1.01374E+01, 3.290981760E+02,12721,4,HA10
Thurber_10,4,H, 1.000E+00,scale, 1.000E-08, 1.000E-01, 1.000E-01,2,8,0,0,858, 1.10074E+01, 3.290752173E+02,9475,4,HA10
Thurber_10,4,H, 1.000E+00,scale, 1.000E-08, 1.000E-01, 1.000E-01,2,9,0,0,458, 4.48319E+00, 3.290868857E+02,4449,4,HA10
Thurber_10,4,H, 1.000E+00,scale, 1.000E-08, 1.000E-01, 1.000E-01,2,10,0,0,102, 1.03017E+00, 5.224813109E+03,1435,4,HA10
Thurber_10,4,H, 1.000E+00,scale, 1.000E-08, 1.000E-01, 1.000E-01,2,1,0,0,1680, 1.55818E+01, 3.290932578E+02,18653,4,HA100
Thurber_10,4,H, 1.000E+00,scale, 1.000E-08, 1.000E-01, 1.000E-01,2,2,0,5,995, 1.84857E+01, 7.473645082E+03,16936,4,HA100
Thurber_10,4,H, 1.000E+00,scale, 1.000E-08, 1.000E-01, 1.000E-01,2,3,0,2,1347, 2.57246E+01, 3.291093920E+02,17277,4,HA100
Thurber_10,4,H, 1.000E+00,scale, 1.000E-08, 1.000E-01, 1.000E-01,2,4,0,1,2293, 6.88883E+01, 1.509109709E+04,39084,4,HA100
Thurber_10,4,H, 1.000E+00,scale, 1.000E-08, 1.000E-01, 1.000E-01,2,5,0,0,1679, 2.23052E+01, 3.290932578E+02,18652,4,HA100
Thurber_10,4,H, 1.000E+00,scale, 1.000E-08, 1.000E-01, 1.000E-01,2,6,0,5,994, 1.18899E+01, 7.473645082E+03,16935,4,HA100
Thurber_10,4,H, 1.000E+00,scale, 1.000E-08, 1.000E-01, 1.000E-01,2,7,0,0,2700, 2.01053E+01, 3.290941305E+02,26687,4,HA100
Thurber_10,4,H, 1.000E+00,scale, 1.000E-08, 1.000E-01, 1.000E-01,2,8,0,0,843, 9.12096E+00, 3.290894818E+02,9060,4,HA100
Thurber_10,4,H, 1.000E+00,scale, 1.000E-08, 1.000E-01, 1.000E-01,2,9,0,0,697, 7.61665E+00, 3.290879431E+02,7396,4,HA100
Thurber_10,4,H, 1.000E+00,scale, 1.000E-08, 1.000E-01, 1.000E-01,2,10,0,0,1680, 1.44308E+01, 3.290932578E+02,18653,4,HA100
Thurber_10,4,H, 1.000E+00,clip, 1.000E-08, 1.000E-01, 1.000E-01,2,1,0,0,7304, 7.54219E+01, 3.290755638E+02,72670,4,Hc1
Thurber_10,4,H, 1.000E+00,clip, 1.000E-08, 1.000E-01, 1.000E-01,2,2,0,1,441, 6.78831E+00, 8.512969719E+03,7835,4,Hc1
Thurber_10,4,H, 1.000E+00,clip, 1.000E-08, 1.000E-01, 1.000E-01,2,3,0,0,5137, 5.64466E+01, 3.290936761E+02,53502,4,Hc1
Thurber_10,4,H, 1.000E+00,clip, 1.000E-08, 1.000E-01, 1.000E-01,2,4,0,3,1124, 1.69530E+01, 4.231277089E+02,16144,4,Hc1
Thurber_10,4,H, 1.000E+00,clip, 1.000E-08, 1.000E-01, 1.000E-01,2,5,0,0,7303, 7.39850E+01, 3.290755638E+02,72669,4,Hc1
Thurber_10,4,H, 1.000E+00,clip, 1.000E-08, 1.000E-01, 1.000E-01,2,6,0,1,440, 6.22364E+00, 8.512969719E+03,7834,4,Hc1
Thurber_10,4,H, 1.000E+00,clip, 1.000E-08, 1.000E-01, 1.000E-01,2,7,0,0,3945, 3.69412E+01, 3.509035922E+02,38823,4,Hc1
Thurber_10,4,H, 1.000E+00,clip, 1.000E-08, 1.000E-01, 1.000E-01,2,8,0,0,86, 1.14746E+00, 1.097217471E+04,1384,4,Hc1
Thurber_10,4,H, 1.000E+00,clip, 1.000E-08, 1.000E-01, 1.000E-01,2,9,0,0,2883, 3.26208E+01, 3.291040730E+02,29829,4,Hc1
Thurber_10,4,H, 1.000E+00,clip, 1.000E-08, 1.000E-01, 1.000E-01,2,10,0,0,7304, 6.95144E+01, 3.290755638E+02,72670,4,Hc1
Thurber_10,4,H, 1.000E+01,clip, 1.000E-08, 1.000E-01, 1.000E-01,2,1,1,0,10000, 8.83342E+01, 4.148373508E+02,97683,4,Hc10
Thurber_10,4,H, 1.000E+01,clip, 1.000E-08, 1.000E-01, 1.000E-01,2,2,0,17,5916, 7.19517E+01, 6.792229542E+03,63159,4,Hc10
Thurber_10,4,H, 1.000E+01,clip, 1.000E-08, 1.000E-01, 1.000E-01,2,3,1,1,10000, 9.15281E+01, 3.303614295E+02,88283,4,Hc10
Thurber_10,4,H, 1.000E+01,clip, 1.000E-08, 1.000E-01, 1.000E-01,2,4,0,1,1709, 2.77743E+01, 5.299125159E+02,24946,3,Hc10
Thurber_10,4,H, 1.000E+01,clip, 1.000E-08, 1.000E-01, 1.000E-01,2,5,1,2,10000, 7.56702E+01, 3.955926326E+02,87867,4,Hc10
Thurber_10,4,H, 1.000E+01,clip, 1.000E-08, 1.000E-01, 1.000E-01,2,6,0,17,5915, 6.33262E+01, 6.792229542E+03,63158,4,Hc10
Thurber_10,4,H, 1.000E+01,clip, 1.000E-08, 1.000E-01, 1.000E-01,2,7,1,1,10000, 8.09364E+01, 3.312681933E+02,88688,4,Hc10
Thurber_10,4,H, 1.000E+01,clip, 1.000E-08, 1.000E-01, 1.000E-01,2,8,0,0,6751, 6.17803E+01, 3.290711173E+02,64693,4,Hc10
Thurber_10,4,H, 1.000E+01,clip, 1.000E-08, 1.000E-01, 1.000E-01,2,9,0,0,6265, 5.43736E+01, 3.290882175E+02,56071,4,Hc10
Thurber_10,4,H, 1.000E+01,clip, 1.000E-08, 1.000E-01, 1.000E-01,2,10,1,0,10000, 7.63052E+01, 4.148373508E+02,97683,4,Hc10
Thurber_10,4,QN, 1.000E+04,scale, 1.000E-08, 1.000E-01, 1.000E-01,2,1,0,0,678, 8.71869E+00, 3.290868284E+02,8140,4,QN
Thurber_10,4,QN, 1.000E+04,scale, 1.000E-08, 1.000E-01, 1.000E-01,2,2,0,0,905, 1.46673E+01, 6.777264367E+03,13996,4,QN
Thurber_10,4,QN, 1.000E+04,scale, 1.000E-08, 1.000E-01, 1.000E-01,2,3,0,1,1250, 1.75738E+01, 3.291070463E+02,15150,4,QN
Thurber_10,4,QN, 1.000E+04,scale, 1.000E-08, 1.000E-01, 1.000E-01,2,4,0,0,1036, 1.58015E+01, 7.062455922E+02,14621,4,QN
Thurber_10,4,QN, 1.000E+04,scale, 1.000E-08, 1.000E-01, 1.000E-01,2,5,0,0,739, 9.42311E+00, 3.291065446E+02,9376,4,QN
Thurber_10,4,QN, 1.000E+04,scale, 1.000E-08, 1.000E-01, 1.000E-01,2,6,0,2,928, 1.41504E+01, 7.036837041E+03,15025,4,QN
Thurber_10,4,QN, 1.000E+04,scale, 1.000E-08, 1.000E-01, 1.000E-01,2,7,0,0,788, 9.05177E+00, 3.291091602E+02,7906,4,QN
Thurber_10,4,QN, 1.000E+04,scale, 1.000E-08, 1.000E-01, 1.000E-01,2,8,0,0,498, 5.47387E+00, 3.290761998E+02,5097,4,QN
Thurber_10,4,QN, 1.000E+04,scale, 1.000E-08, 1.000E-01, 1.000E-01,2,9,0,0,572, 7.21988E+00, 3.291083410E+02,6262,4,QN
Thurber_10,4,QN, 1.000E+04,scale, 1.000E-08, 1.000E-01, 1.000E-01,2,10,0,0,1105, 1.43965E+01, 3.290981443E+02,13315,4,QN
